0 verbose cli /usr/bin/node /usr/bin/npm
1 info using npm@10.9.2
2 info using node@v22.16.0
3 silly config load:file:/usr/lib/node_modules/npm/npmrc
4 silly config load:file:/opt/Agents/testing-linux-docker-2-build4/_work/1/s/WebApps/.npmrc
5 silly config load:file:/opt/Agents/testing-linux-docker-2-build4/_work/1/npm/488612.npmrc
6 silly config load:file:/usr/etc/npmrc
7 verbose title npm install
8 verbose argv "install"
9 verbose logfile logs-max:10 dir:/opt/Agents/cache/npm/_logs/2025-06-05T12_31_42_826Z-
10 verbose logfile /opt/Agents/cache/npm/_logs/2025-06-05T12_31_42_826Z-debug-0.log
11 silly logfile start cleaning logs, removing 1 files
12 silly packumentCache heap:4345298944 maxSize:1086324736 maxEntrySize:543162368
13 silly logfile done cleaning log files
14 silly idealTree buildDeps
15 silly reify moves {}
16 silly audit bulk request {
16 silly audit   '@kros-sk/bootstrap': [ '1.2.2' ],
16 silly audit   '@kros-sk/ssw-bootstrap': [ '0.0.9' ],
16 silly audit   '@adobe/css-tools': [ '4.3.3' ],
16 silly audit   '@ampproject/remapping': [ '2.3.0' ],
16 silly audit   '@angular-architects/ngrx-toolkit': [ '19.0.2' ],
16 silly audit   '@angular-devkit/architect': [ '0.1902.3' ],
16 silly audit   '@angular-devkit/build-angular': [ '19.2.3' ],
16 silly audit   '@babel/core': [ '7.26.10', '7.26.9' ],
16 silly audit   semver: [ '6.3.1', '7.7.1', '7.5.4', '5.7.2', '7.7.2', '7.6.3' ],
16 silly audit   'convert-source-map': [ '2.0.0', '1.9.0' ],
16 silly audit   '@angular-devkit/build-webpack': [ '0.1902.3' ],
16 silly audit   '@angular-devkit/core': [ '19.2.3', '17.3.11' ],
16 silly audit   '@angular-devkit/schematics': [ '19.2.3', '17.3.11' ],
16 silly audit   '@angular-eslint/builder': [ '19.2.1' ],
16 silly audit   '@angular-eslint/bundled-angular-compiler': [ '19.2.1' ],
16 silly audit   '@angular-eslint/eslint-plugin': [ '19.2.1' ],
16 silly audit   '@angular-eslint/eslint-plugin-template': [ '19.2.1' ],
16 silly audit   '@angular-eslint/schematics': [ '19.2.1' ],
16 silly audit   '@angular-eslint/template-parser': [ '19.2.1' ],
16 silly audit   '@angular-eslint/utils': [ '19.2.1' ],
16 silly audit   '@angular/animations': [ '19.2.2' ],
16 silly audit   '@angular/build': [ '19.2.3' ],
16 silly audit   '@angular/cdk': [ '19.2.3' ],
16 silly audit   '@angular/cli': [ '19.2.3' ],
16 silly audit   '@angular/common': [ '19.2.2' ],
16 silly audit   '@angular/compiler': [ '19.2.2' ],
16 silly audit   '@angular/compiler-cli': [ '19.2.2' ],
16 silly audit   '@angular/core': [ '19.2.2' ],
16 silly audit   '@angular/elements': [ '19.2.2' ],
16 silly audit   '@angular/forms': [ '19.2.2' ],
16 silly audit   '@angular/language-service': [ '19.2.2' ],
16 silly audit   '@angular/localize': [ '19.2.2' ],
16 silly audit   '@angular/material': [ '19.2.3' ],
16 silly audit   '@angular/platform-browser': [ '19.2.2' ],
16 silly audit   '@angular/platform-browser-dynamic': [ '19.2.2' ],
16 silly audit   '@angular/pwa': [ '19.2.3' ],
16 silly audit   '@angular/router': [ '19.2.2' ],
16 silly audit   '@angular/service-worker': [ '19.2.2' ],
16 silly audit   '@azure/abort-controller': [ '2.1.2' ],
16 silly audit   '@azure/core-auth': [ '1.9.0' ],
16 silly audit   '@azure/core-client': [ '1.9.2' ],
16 silly audit   '@azure/core-http-compat': [ '2.1.2' ],
16 silly audit   '@azure/core-lro': [ '2.7.2' ],
16 silly audit   '@azure/core-paging': [ '1.6.2' ],
16 silly audit   '@azure/core-rest-pipeline': [ '1.18.2' ],
16 silly audit   '@azure/core-tracing': [ '1.2.0' ],
16 silly audit   '@azure/core-util': [ '1.11.0' ],
16 silly audit   '@azure/core-xml': [ '1.4.4' ],
16 silly audit   '@azure/identity': [ '4.5.0' ],
16 silly audit   'define-lazy-prop': [ '2.0.0', '3.0.0' ],
16 silly audit   'is-docker': [ '2.2.1', '3.0.0' ],
16 silly audit   'is-wsl': [ '2.2.0', '3.1.0' ],
16 silly audit   open: [ '8.4.2', '10.1.0' ],
16 silly audit   '@azure/logger': [ '1.1.4' ],
16 silly audit   '@azure/msal-browser': [ '3.28.1' ],
16 silly audit   '@azure/msal-common': [ '14.16.0' ],
16 silly audit   '@azure/msal-node': [ '2.16.2' ],
16 silly audit   uuid: [ '8.3.2', '10.0.0', '9.0.0', '9.0.1', '3.4.0', '11.1.0' ],
16 silly audit   '@azure/storage-blob': [ '12.26.0', '12.25.0' ],
16 silly audit   '@babel/code-frame': [ '7.26.2' ],
16 silly audit   '@babel/compat-data': [ '7.26.8' ],
16 silly audit   '@babel/generator': [ '7.26.10' ],
16 silly audit   '@babel/helper-annotate-as-pure': [ '7.25.9' ],
16 silly audit   '@babel/helper-compilation-targets': [ '7.26.5' ],
16 silly audit   '@babel/helper-create-class-features-plugin': [ '7.25.9' ],
16 silly audit   '@babel/helper-create-regexp-features-plugin': [ '7.26.3' ],
16 silly audit   '@babel/helper-define-polyfill-provider': [ '0.6.3' ],
16 silly audit   '@babel/helper-member-expression-to-functions': [ '7.25.9' ],
16 silly audit   '@babel/helper-module-imports': [ '7.25.9' ],
16 silly audit   '@babel/helper-module-transforms': [ '7.26.0' ],
16 silly audit   '@babel/helper-optimise-call-expression': [ '7.25.9' ],
16 silly audit   '@babel/helper-plugin-utils': [ '7.26.5' ],
16 silly audit   '@babel/helper-remap-async-to-generator': [ '7.25.9' ],
16 silly audit   '@babel/helper-replace-supers': [ '7.26.5' ],
16 silly audit   '@babel/helper-skip-transparent-expression-wrappers': [ '7.25.9' ],
16 silly audit   '@babel/helper-split-export-declaration': [ '7.24.7' ],
16 silly audit   '@babel/helper-string-parser': [ '7.27.1' ],
16 silly audit   '@babel/helper-validator-identifier': [ '7.27.1' ],
16 silly audit   '@babel/helper-validator-option': [ '7.25.9' ],
16 silly audit   '@babel/helper-wrap-function': [ '7.25.9' ],
16 silly audit   '@babel/helpers': [ '7.26.10' ],
16 silly audit   '@babel/parser': [ '7.27.2' ],
16 silly audit   '@babel/plugin-bugfix-firefox-class-in-computed-class-key': [ '7.25.9' ],
16 silly audit   '@babel/plugin-bugfix-safari-class-field-initializer-scope': [ '7.25.9' ],
16 silly audit   '@babel/plugin-bugfix-safari-id-destructuring-collision-in-function-expression': [ '7.25.9' ],
16 silly audit   '@babel/plugin-bugfix-v8-spread-parameters-in-optional-chaining': [ '7.25.9' ],
16 silly audit   '@babel/plugin-bugfix-v8-static-class-fields-redefine-readonly': [ '7.25.9' ],
16 silly audit   '@babel/plugin-proposal-decorators': [ '7.25.9' ],
16 silly audit   '@babel/plugin-proposal-private-property-in-object': [ '7.21.0-placeholder-for-preset-env.2' ],
16 silly audit   '@babel/plugin-syntax-async-generators': [ '7.8.4' ],
16 silly audit   '@babel/plugin-syntax-bigint': [ '7.8.3' ],
16 silly audit   '@babel/plugin-syntax-class-properties': [ '7.12.13' ],
16 silly audit   '@babel/plugin-syntax-class-static-block': [ '7.14.5' ],
16 silly audit   '@babel/plugin-syntax-decorators': [ '7.25.9' ],
16 silly audit   '@babel/plugin-syntax-import-assertions': [ '7.26.0' ],
16 silly audit   '@babel/plugin-syntax-import-attributes': [ '7.26.0' ],
16 silly audit   '@babel/plugin-syntax-import-meta': [ '7.10.4' ],
16 silly audit   '@babel/plugin-syntax-json-strings': [ '7.8.3' ],
16 silly audit   '@babel/plugin-syntax-jsx': [ '7.25.9' ],
16 silly audit   '@babel/plugin-syntax-logical-assignment-operators': [ '7.10.4' ],
16 silly audit   '@babel/plugin-syntax-nullish-coalescing-operator': [ '7.8.3' ],
16 silly audit   '@babel/plugin-syntax-numeric-separator': [ '7.10.4' ],
16 silly audit   '@babel/plugin-syntax-object-rest-spread': [ '7.8.3' ],
16 silly audit   '@babel/plugin-syntax-optional-catch-binding': [ '7.8.3' ],
16 silly audit   '@babel/plugin-syntax-optional-chaining': [ '7.8.3' ],
16 silly audit   '@babel/plugin-syntax-private-property-in-object': [ '7.14.5' ],
16 silly audit   '@babel/plugin-syntax-top-level-await': [ '7.14.5' ],
16 silly audit   '@babel/plugin-syntax-typescript': [ '7.25.9' ],
16 silly audit   '@babel/plugin-syntax-unicode-sets-regex': [ '7.18.6' ],
16 silly audit   '@babel/plugin-transform-arrow-functions': [ '7.25.9' ],
16 silly audit   '@babel/plugin-transform-async-generator-functions': [ '7.26.8' ],
16 silly audit   '@babel/plugin-transform-async-to-generator': [ '7.25.9' ],
16 silly audit   '@babel/plugin-transform-block-scoped-functions': [ '7.26.5' ],
16 silly audit   '@babel/plugin-transform-block-scoping': [ '7.25.9' ],
16 silly audit   '@babel/plugin-transform-class-properties': [ '7.25.9' ],
16 silly audit   '@babel/plugin-transform-class-static-block': [ '7.26.0' ],
16 silly audit   '@babel/plugin-transform-classes': [ '7.25.9' ],
16 silly audit   '@babel/plugin-transform-computed-properties': [ '7.25.9' ],
16 silly audit   '@babel/plugin-transform-destructuring': [ '7.25.9' ],
16 silly audit   '@babel/plugin-transform-dotall-regex': [ '7.25.9' ],
16 silly audit   '@babel/plugin-transform-duplicate-keys': [ '7.25.9' ],
16 silly audit   '@babel/plugin-transform-duplicate-named-capturing-groups-regex': [ '7.25.9' ],
16 silly audit   '@babel/plugin-transform-dynamic-import': [ '7.25.9' ],
16 silly audit   '@babel/plugin-transform-exponentiation-operator': [ '7.26.3' ],
16 silly audit   '@babel/plugin-transform-export-namespace-from': [ '7.25.9' ],
16 silly audit   '@babel/plugin-transform-for-of': [ '7.26.9' ],
16 silly audit   '@babel/plugin-transform-function-name': [ '7.25.9' ],
16 silly audit   '@babel/plugin-transform-json-strings': [ '7.25.9' ],
16 silly audit   '@babel/plugin-transform-literals': [ '7.25.9' ],
16 silly audit   '@babel/plugin-transform-logical-assignment-operators': [ '7.25.9' ],
16 silly audit   '@babel/plugin-transform-member-expression-literals': [ '7.25.9' ],
16 silly audit   '@babel/plugin-transform-modules-amd': [ '7.25.9' ],
16 silly audit   '@babel/plugin-transform-modules-commonjs': [ '7.26.3' ],
16 silly audit   '@babel/plugin-transform-modules-systemjs': [ '7.25.9' ],
16 silly audit   '@babel/plugin-transform-modules-umd': [ '7.25.9' ],
16 silly audit   '@babel/plugin-transform-named-capturing-groups-regex': [ '7.25.9' ],
16 silly audit   '@babel/plugin-transform-new-target': [ '7.25.9' ],
16 silly audit   '@babel/plugin-transform-nullish-coalescing-operator': [ '7.26.6' ],
16 silly audit   '@babel/plugin-transform-numeric-separator': [ '7.25.9' ],
16 silly audit   '@babel/plugin-transform-object-rest-spread': [ '7.25.9' ],
16 silly audit   '@babel/plugin-transform-object-super': [ '7.25.9' ],
16 silly audit   '@babel/plugin-transform-optional-catch-binding': [ '7.25.9' ],
16 silly audit   '@babel/plugin-transform-optional-chaining': [ '7.25.9' ],
16 silly audit   '@babel/plugin-transform-parameters': [ '7.25.9' ],
16 silly audit   '@babel/plugin-transform-private-methods': [ '7.25.9' ],
16 silly audit   '@babel/plugin-transform-private-property-in-object': [ '7.25.9' ],
16 silly audit   '@babel/plugin-transform-property-literals': [ '7.25.9' ],
16 silly audit   '@babel/plugin-transform-regenerator': [ '7.25.9' ],
16 silly audit   '@babel/plugin-transform-regexp-modifiers': [ '7.26.0' ],
16 silly audit   '@babel/plugin-transform-reserved-words': [ '7.25.9' ],
16 silly audit   '@babel/plugin-transform-runtime': [ '7.26.10' ],
16 silly audit   '@babel/plugin-transform-shorthand-properties': [ '7.25.9' ],
16 silly audit   '@babel/plugin-transform-spread': [ '7.25.9' ],
16 silly audit   '@babel/plugin-transform-sticky-regex': [ '7.25.9' ],
16 silly audit   '@babel/plugin-transform-template-literals': [ '7.26.8' ],
16 silly audit   '@babel/plugin-transform-typeof-symbol': [ '7.26.7' ],
16 silly audit   '@babel/plugin-transform-typescript': [ '7.26.7' ],
16 silly audit   '@babel/plugin-transform-unicode-escapes': [ '7.25.9' ],
16 silly audit   '@babel/plugin-transform-unicode-property-regex': [ '7.25.9' ],
16 silly audit   '@babel/plugin-transform-unicode-regex': [ '7.25.9' ],
16 silly audit   '@babel/plugin-transform-unicode-sets-regex': [ '7.25.9' ],
16 silly audit   '@babel/preset-env': [ '7.26.9' ],
16 silly audit   '@babel/preset-modules': [ '0.1.6-no-external-plugins' ],
16 silly audit   '@babel/preset-typescript': [ '7.26.0' ],
16 silly audit   '@babel/runtime': [ '7.26.10' ],
16 silly audit   '@babel/template': [ '7.26.9' ],
16 silly audit   '@babel/traverse': [ '7.26.10' ],
16 silly audit   '@babel/types': [ '7.27.1' ],
16 silly audit   '@bcoe/v8-coverage': [ '0.2.3' ],
16 silly audit   '@bimworks/jssdk': [ '1.3.11-b201g' ],
16 silly audit   '@bimworks/viewer2d': [ '1.3.11-b201g' ],
16 silly audit   '@bimworks/viewer3d': [ '1.3.11-b201g' ],
16 silly audit   '@bimworks/viewercommon': [ '1.3.11-b201g' ],
16 silly audit   '@bufbuild/protobuf': [ '2.2.4' ],
16 silly audit   '@colors/colors': [ '1.5.0' ],
16 silly audit   '@cspotcode/source-map-support': [ '0.8.1' ],
16 silly audit   '@jridgewell/trace-mapping': [ '0.3.9', '0.3.25' ],
16 silly audit   '@csstools/postcss-color-function': [ '1.1.1' ],
16 silly audit   '@csstools/postcss-font-format-keywords': [ '1.0.1' ],
16 silly audit   '@csstools/postcss-hwb-function': [ '1.0.2' ],
16 silly audit   '@csstools/postcss-ic-unit': [ '1.0.1' ],
16 silly audit   '@csstools/postcss-is-pseudo-class': [ '2.0.7' ],
16 silly audit   '@csstools/postcss-normalize-display-values': [ '1.0.1' ],
16 silly audit   '@csstools/postcss-oklab-function': [ '1.1.1' ],
16 silly audit   '@csstools/postcss-progressive-custom-properties': [ '1.3.0' ],
16 silly audit   '@csstools/postcss-stepped-value-functions': [ '1.0.1' ],
16 silly audit   '@csstools/postcss-unset-value': [ '1.0.2' ],
16 silly audit   '@csstools/selector-specificity': [ '2.2.0' ],
16 silly audit   '@cucumber/cucumber-expressions': [ '18.0.1' ],
16 silly audit   '@cucumber/gherkin': [ '30.0.4', '31.0.0', '27.0.0' ],
16 silly audit   '@cucumber/gherkin-streams': [ '5.0.1' ],
16 silly audit   commander: [
16 silly audit     '9.1.0',  '13.1.0',
16 silly audit     '11.1.0', '8.3.0',
16 silly audit     '6.2.1',  '4.1.1',
16 silly audit     '7.2.0',  '2.20.3'
16 silly audit   ],
16 silly audit   '@cucumber/gherkin-utils': [ '9.2.0' ],
16 silly audit   '@cucumber/messages': [ '26.0.1', '27.0.2', '22.0.0', '23.0.0' ],
16 silly audit   '@types/uuid': [ '10.0.0', '8.3.4', '9.0.1', '9.0.6' ],
16 silly audit   '@cucumber/html-formatter': [ '21.10.1' ],
16 silly audit   '@cucumber/message-streams': [ '4.0.1' ],
16 silly audit   '@cucumber/tag-expressions': [ '6.1.1' ],
16 silly audit   '@cypress/request': [ '3.0.8' ],
16 silly audit   '@cypress/xvfb': [ '1.2.4' ],
16 silly audit   debug: [ '3.2.7', '2.6.9', '4.4.0', '4.3.7' ],
16 silly audit   '@devexpress/analytics-core': [ '24.2.7' ],
16 silly audit   '@devexpress/utils': [ '1.4.3' ],
16 silly audit   tslib: [ '2.3.1', '1.14.1', '2.6.0', '2.8.1' ],
16 silly audit   '@devextreme/runtime': [ '3.0.13' ],
16 silly audit   '@discoveryjs/json-ext': [ '0.6.3' ],
16 silly audit   '@emnapi/core': [ '1.3.1' ],
16 silly audit   '@emnapi/runtime': [ '1.3.1' ],
16 silly audit   '@emnapi/wasi-threads': [ '1.0.1' ],
16 silly audit   '@esbuild/aix-ppc64': [ '0.25.1' ],
16 silly audit   '@esbuild/android-arm': [ '0.25.1', '0.17.19' ],
16 silly audit   '@esbuild/android-arm64': [ '0.25.1', '0.17.19' ],
16 silly audit   '@esbuild/android-x64': [ '0.25.1', '0.17.19' ],
16 silly audit   '@esbuild/darwin-arm64': [ '0.25.1', '0.17.19' ],
16 silly audit   '@esbuild/darwin-x64': [ '0.25.1', '0.17.19' ],
16 silly audit   '@esbuild/freebsd-arm64': [ '0.25.1', '0.17.19' ],
16 silly audit   '@esbuild/freebsd-x64': [ '0.25.1', '0.17.19' ],
16 silly audit   '@esbuild/linux-arm': [ '0.25.1', '0.17.19' ],
16 silly audit   '@esbuild/linux-arm64': [ '0.25.1', '0.17.19' ],
16 silly audit   '@esbuild/linux-ia32': [ '0.25.1', '0.17.19' ],
16 silly audit   '@esbuild/linux-loong64': [ '0.25.1', '0.17.19' ],
16 silly audit   '@esbuild/linux-mips64el': [ '0.25.1', '0.17.19' ],
16 silly audit   '@esbuild/linux-ppc64': [ '0.25.1', '0.17.19' ],
16 silly audit   '@esbuild/linux-riscv64': [ '0.25.1', '0.17.19' ],
16 silly audit   '@esbuild/linux-s390x': [ '0.25.1', '0.17.19' ],
16 silly audit   '@esbuild/linux-x64': [ '0.25.1', '0.17.19' ],
16 silly audit   '@esbuild/netbsd-arm64': [ '0.25.1' ],
16 silly audit   '@esbuild/netbsd-x64': [ '0.25.1', '0.17.19' ],
16 silly audit   '@esbuild/openbsd-arm64': [ '0.25.1' ],
16 silly audit   '@esbuild/openbsd-x64': [ '0.25.1', '0.17.19' ],
16 silly audit   '@esbuild/sunos-x64': [ '0.25.1', '0.17.19' ],
16 silly audit   '@esbuild/win32-arm64': [ '0.25.1', '0.17.19' ],
16 silly audit   '@esbuild/win32-ia32': [ '0.25.1', '0.17.19' ],
16 silly audit   '@esbuild/win32-x64': [ '0.25.1', '0.17.19' ],
16 silly audit   '@eslint-community/eslint-utils': [ '4.4.1' ],
16 silly audit   'eslint-visitor-keys': [ '3.4.3', '4.2.0' ],
16 silly audit   '@eslint-community/regexpp': [ '4.12.1' ],
16 silly audit   '@eslint/config-array': [ '0.19.2' ],
16 silly audit   'brace-expansion': [ '1.1.11', '2.0.1' ],
16 silly audit   minimatch: [ '3.1.2', '9.0.5', '5.1.6', '9.0.3', '3.0.8' ],
16 silly audit   '@eslint/core': [ '0.10.0' ],
16 silly audit   '@eslint/eslintrc': [ '3.2.0' ],
16 silly audit   ajv: [ '6.12.6', '8.17.1', '8.12.0' ],
16 silly audit   globals: [ '14.0.0', '15.14.0', '11.12.0' ],
16 silly audit   ignore: [ '5.3.2', '7.0.3' ],
16 silly audit   'js-yaml': [ '4.1.0', '3.14.1' ],
16 silly audit   'json-schema-traverse': [ '0.4.1', '1.0.0' ],
16 silly audit   '@eslint/js': [ '9.17.0', '9.19.0' ],
16 silly audit   '@eslint/object-schema': [ '2.1.6' ],
16 silly audit   '@eslint/plugin-kit': [ '0.2.5' ],
16 silly audit   '@fast-csv/format': [ '4.3.5' ],
16 silly audit   '@types/node': [ '14.18.63', '22.13.1' ],
16 silly audit   '@fast-csv/parse': [ '4.3.6' ],
16 silly audit   '@flatten-js/interval-tree': [ '1.1.3' ],
16 silly audit   '@floating-ui/core': [ '1.6.9' ],
16 silly audit   '@floating-ui/dom': [ '1.6.13' ],
16 silly audit   '@floating-ui/react-dom': [ '2.1.2' ],
16 silly audit   '@floating-ui/utils': [ '0.2.9' ],
16 silly audit   '@grpc/grpc-js': [ '1.13.4' ],
16 silly audit   '@grpc/proto-loader': [ '0.7.15' ],
16 silly audit   '@humanfs/core': [ '0.19.1' ],
16 silly audit   '@humanfs/node': [ '0.16.6' ],
16 silly audit   '@humanwhocodes/retry': [ '0.3.1', '0.4.1' ],
16 silly audit   '@humanwhocodes/module-importer': [ '1.0.1' ],
16 silly audit   '@inquirer/checkbox': [ '4.1.4' ],
16 silly audit   '@inquirer/confirm': [ '5.1.6' ],
16 silly audit   '@inquirer/core': [ '10.1.9' ],
16 silly audit   '@inquirer/editor': [ '4.2.9' ],
16 silly audit   '@inquirer/expand': [ '4.0.11' ],
16 silly audit   '@inquirer/figures': [ '1.0.11' ],
16 silly audit   '@inquirer/input': [ '4.1.8' ],
16 silly audit   '@inquirer/number': [ '3.0.11' ],
16 silly audit   '@inquirer/password': [ '4.0.11' ],
16 silly audit   '@inquirer/prompts': [ '7.3.2' ],
16 silly audit   '@inquirer/rawlist': [ '4.0.11' ],
16 silly audit   '@inquirer/search': [ '3.0.11' ],
16 silly audit   '@inquirer/select': [ '4.1.0' ],
16 silly audit   '@inquirer/type': [ '3.0.5', '1.5.5' ],
16 silly audit   '@isaacs/cliui': [ '8.0.2' ],
16 silly audit   'ansi-regex': [ '6.1.0', '5.0.1', '2.1.1' ],
16 silly audit   'ansi-styles': [ '6.2.1', '4.3.0', '3.2.1', '5.2.0', '2.2.1' ],
16 silly audit   'emoji-regex': [ '9.2.2', '10.4.0', '8.0.0' ],
16 silly audit   'string-width': [ '5.1.2', '7.2.0', '4.2.3' ],
16 silly audit   'strip-ansi': [ '7.1.0', '6.0.1', '3.0.1' ],
16 silly audit   'wrap-ansi': [ '8.1.0', '7.0.0', '9.0.0', '6.2.0' ],
16 silly audit   '@isaacs/fs-minipass': [ '4.0.1' ],
16 silly audit   '@istanbuljs/load-nyc-config': [ '1.1.0' ],
16 silly audit   '@istanbuljs/schema': [ '0.1.3' ],
16 silly audit   '@jest/console': [ '29.7.0' ],
16 silly audit   '@jest/core': [ '29.7.0' ],
16 silly audit   '@jest/environment': [ '29.7.0' ],
16 silly audit   '@jest/expect': [ '29.7.0' ],
16 silly audit   '@jest/expect-utils': [ '29.7.0' ],
16 silly audit   '@jest/fake-timers': [ '29.7.0' ],
16 silly audit   '@jest/globals': [ '29.7.0' ],
16 silly audit   '@jest/reporters': [ '29.7.0' ],
16 silly audit   '@jest/schemas': [ '29.6.3' ],
16 silly audit   '@jest/source-map': [ '29.6.3' ],
16 silly audit   '@jest/test-result': [ '29.7.0' ],
16 silly audit   '@jest/test-sequencer': [ '29.7.0' ],
16 silly audit   '@jest/transform': [ '29.7.0' ],
16 silly audit   '@jest/types': [ '29.6.3' ],
16 silly audit   '@jridgewell/gen-mapping': [ '0.3.8' ],
16 silly audit   '@jridgewell/resolve-uri': [ '3.1.2' ],
16 silly audit   '@jridgewell/set-array': [ '1.2.1' ],
16 silly audit   '@jridgewell/source-map': [ '0.3.6' ],
16 silly audit   '@jridgewell/sourcemap-codec': [ '1.5.0' ],
16 silly audit   '@js-sdsl/ordered-map': [ '4.4.2' ],
16 silly audit   '@jsonjoy.com/base64': [ '1.1.2' ],
16 silly audit   '@jsonjoy.com/json-pack': [ '1.1.1' ],
16 silly audit   '@jsonjoy.com/util': [ '1.5.0' ],
16 silly audit   '@kros-sk/luckysheet': [ '2.1.40' ],
16 silly audit   esbuild: [ '0.11.23', '0.17.19', '0.25.1' ],
16 silly audit   jquery: [ '2.2.4', '3.7.1' ],
16 silly audit   '@leichtgewicht/ip-codec': [ '2.0.5' ],
16 silly audit   '@listr2/prompt-adapter-inquirer': [ '2.0.18' ],
16 silly audit   'mute-stream': [ '1.0.0', '2.0.0' ],
16 silly audit   '@lmdb/lmdb-darwin-arm64': [ '3.2.6' ],
16 silly audit   '@lmdb/lmdb-darwin-x64': [ '3.2.6' ],
16 silly audit   '@lmdb/lmdb-linux-arm': [ '3.2.6' ],
16 silly audit   '@lmdb/lmdb-linux-arm64': [ '3.2.6' ],
16 silly audit   '@lmdb/lmdb-linux-x64': [ '3.2.6' ],
16 silly audit   '@lmdb/lmdb-win32-x64': [ '3.2.6' ],
16 silly audit   '@messageformat/core': [ '3.4.0' ],
16 silly audit   '@messageformat/date-skeleton': [ '1.1.0' ],
16 silly audit   '@messageformat/number-skeleton': [ '1.2.0' ],
16 silly audit   '@messageformat/parser': [ '5.1.1' ],
16 silly audit   '@messageformat/runtime': [ '3.0.1' ],
16 silly audit   '@microsoft/applicationinsights-analytics-js': [ '3.3.5' ],
16 silly audit   '@microsoft/applicationinsights-cfgsync-js': [ '3.3.5' ],
16 silly audit   '@microsoft/applicationinsights-channel-js': [ '3.3.5' ],
16 silly audit   '@microsoft/applicationinsights-common': [ '3.3.5' ],
16 silly audit   '@microsoft/applicationinsights-core-js': [ '3.3.5' ],
16 silly audit   '@microsoft/applicationinsights-dependencies-js': [ '3.3.5' ],
16 silly audit   '@microsoft/applicationinsights-properties-js': [ '3.3.5' ],
16 silly audit   '@microsoft/applicationinsights-shims': [ '3.0.1' ],
16 silly audit   '@microsoft/applicationinsights-web': [ '3.3.5' ],
16 silly audit   '@microsoft/dynamicproto-js': [ '2.0.3' ],
16 silly audit   '@microsoft/signalr': [ '8.0.7' ],
16 silly audit   '@modern-js/node-bundle-require': [ '2.65.1' ],
16 silly audit   '@modern-js/utils': [ '2.65.1' ],
16 silly audit   '@module-federation/bridge-react-webpack-plugin': [ '0.9.1', '0.14.0' ],
16 silly audit   '@module-federation/cli': [ '0.14.0' ],
16 silly audit   '@module-federation/dts-plugin': [ '0.14.0', '0.9.1' ],
16 silly audit   '@module-federation/error-codes': [ '0.14.0', '0.9.1', '0.8.4' ],
16 silly audit   '@module-federation/managers': [ '0.14.0', '0.9.1' ],
16 silly audit   '@module-federation/sdk': [ '0.14.0', '0.9.1', '0.8.4' ],
16 silly audit   '@module-federation/third-party-dts-extractor': [ '0.14.0', '0.9.1' ],
16 silly audit   chalk: [ '3.0.0', '4.1.2', '2.4.2', '1.1.3' ],
16 silly audit   encodeurl: [ '1.0.2', '2.0.0' ],
16 silly audit   'http-errors': [ '1.8.1', '2.0.0', '1.6.3' ],
16 silly audit   depd: [ '1.1.2', '2.0.0' ],
16 silly audit   koa: [ '2.16.1', '2.15.4' ],
16 silly audit   resolve: [ '1.22.8', '1.22.10' ],
16 silly audit   statuses: [ '1.5.0', '2.0.1' ],
16 silly audit   ws: [ '8.18.0', '8.18.2', '8.17.1', '7.5.10' ],
16 silly audit   '@module-federation/data-prefetch': [ '0.9.1', '0.14.0' ],
16 silly audit   '@module-federation/enhanced': [ '0.9.1', '0.14.0' ],
16 silly audit   '@module-federation/inject-external-runtime-core-plugin': [ '0.9.1', '0.14.0' ],
16 silly audit   '@module-federation/manifest': [ '0.9.1', '0.14.0' ],
16 silly audit   '@module-federation/node': [ '2.7.3' ],
16 silly audit   '@module-federation/rspack': [ '0.14.0', '0.9.1' ],
16 silly audit   '@module-federation/runtime': [ '0.14.0', '0.9.1', '0.8.4' ],
16 silly audit   '@module-federation/runtime-core': [ '0.14.0', '0.9.1' ],
16 silly audit   '@module-federation/runtime-tools': [ '0.14.0', '0.9.1', '0.8.4' ],
16 silly audit   '@module-federation/webpack-bundler-runtime': [ '0.14.0', '0.9.1', '0.8.4' ],
16 silly audit   '@msgpackr-extract/msgpackr-extract-darwin-arm64': [ '3.0.3' ],
16 silly audit   '@msgpackr-extract/msgpackr-extract-darwin-x64': [ '3.0.3' ],
16 silly audit   '@msgpackr-extract/msgpackr-extract-linux-arm': [ '3.0.3' ],
16 silly audit   '@msgpackr-extract/msgpackr-extract-linux-arm64': [ '3.0.3' ],
16 silly audit   '@msgpackr-extract/msgpackr-extract-linux-x64': [ '3.0.3' ],
16 silly audit   '@msgpackr-extract/msgpackr-extract-win32-x64': [ '3.0.3' ],
16 silly audit   '@napi-rs/canvas': [ '0.1.66' ],
16 silly audit   '@napi-rs/canvas-android-arm64': [ '0.1.66' ],
16 silly audit   '@napi-rs/canvas-darwin-arm64': [ '0.1.66' ],
16 silly audit   '@napi-rs/canvas-darwin-x64': [ '0.1.66' ],
16 silly audit   '@napi-rs/canvas-linux-arm-gnueabihf': [ '0.1.66' ],
16 silly audit   '@napi-rs/canvas-linux-arm64-gnu': [ '0.1.66' ],
16 silly audit   '@napi-rs/canvas-linux-arm64-musl': [ '0.1.66' ],
16 silly audit   '@napi-rs/canvas-linux-riscv64-gnu': [ '0.1.66' ],
16 silly audit   '@napi-rs/canvas-linux-x64-gnu': [ '0.1.66' ],
16 silly audit   '@napi-rs/canvas-linux-x64-musl': [ '0.1.66' ],
16 silly audit   '@napi-rs/canvas-win32-x64-msvc': [ '0.1.66' ],
16 silly audit   '@napi-rs/nice': [ '1.0.1' ],
16 silly audit   '@napi-rs/nice-android-arm-eabi': [ '1.0.1' ],
16 silly audit   '@napi-rs/nice-android-arm64': [ '1.0.1' ],
16 silly audit   '@napi-rs/nice-darwin-arm64': [ '1.0.1' ],
16 silly audit   '@napi-rs/nice-darwin-x64': [ '1.0.1' ],
16 silly audit   '@napi-rs/nice-freebsd-x64': [ '1.0.1' ],
16 silly audit   '@napi-rs/nice-linux-arm-gnueabihf': [ '1.0.1' ],
16 silly audit   '@napi-rs/nice-linux-arm64-gnu': [ '1.0.1' ],
16 silly audit   '@napi-rs/nice-linux-arm64-musl': [ '1.0.1' ],
16 silly audit   '@napi-rs/nice-linux-ppc64-gnu': [ '1.0.1' ],
16 silly audit   '@napi-rs/nice-linux-riscv64-gnu': [ '1.0.1' ],
16 silly audit   '@napi-rs/nice-linux-s390x-gnu': [ '1.0.1' ],
16 silly audit   '@napi-rs/nice-linux-x64-gnu': [ '1.0.1' ],
16 silly audit   '@napi-rs/nice-linux-x64-musl': [ '1.0.1' ],
16 silly audit   '@napi-rs/nice-win32-arm64-msvc': [ '1.0.1' ],
16 silly audit   '@napi-rs/nice-win32-ia32-msvc': [ '1.0.1' ],
16 silly audit   '@napi-rs/nice-win32-x64-msvc': [ '1.0.1' ],
16 silly audit   '@napi-rs/wasm-runtime': [ '0.2.4' ],
16 silly audit   '@nevware21/ts-async': [ '0.5.4' ],
16 silly audit   '@nevware21/ts-utils': [ '0.11.6' ],
16 silly audit   '@ng-bootstrap/ng-bootstrap': [ '11.0.1' ],
16 silly audit   '@ngrx/component': [ '19.0.1' ],
16 silly audit   '@ngrx/effects': [ '19.0.1' ],
16 silly audit   '@ngrx/entity': [ '19.0.1' ],
16 silly audit   '@ngrx/eslint-plugin': [ '19.0.1' ],
16 silly audit   '@ngrx/operators': [ '19.0.1' ],
16 silly audit   '@ngrx/router-store': [ '19.0.1' ],
16 silly audit   '@ngrx/schematics': [ '19.0.1' ],
16 silly audit   '@ngrx/signals': [ '19.0.1' ],
16 silly audit   '@ngrx/store': [ '19.0.1' ],
16 silly audit   '@ngrx/store-devtools': [ '19.0.1' ],
16 silly audit   '@ngtools/webpack': [ '19.2.3' ],
16 silly audit   '@ngx-translate/core': [ '16.0.4' ],
16 silly audit   '@ngx-translate/http-loader': [ '16.0.1' ],
16 silly audit   '@noble/ed25519': [ '2.2.3' ],
16 silly audit   '@noble/hashes': [ '1.7.1' ],
16 silly audit   '@nodelib/fs.scandir': [ '2.1.5' ],
16 silly audit   '@nodelib/fs.stat': [ '2.0.5' ],
16 silly audit   '@nodelib/fs.walk': [ '1.2.8' ],
16 silly audit   '@npmcli/agent': [ '3.0.0' ],
16 silly audit   'lru-cache': [ '10.4.3', '6.0.0', '5.1.1' ],
16 silly audit   '@npmcli/fs': [ '4.0.0' ],
16 silly audit   '@npmcli/git': [ '6.0.1' ],
16 silly audit   isexe: [ '3.1.1', '2.0.0' ],
16 silly audit   which: [ '5.0.0', '1.3.1', '2.0.2' ],
16 silly audit   '@npmcli/installed-package-contents': [ '3.0.0' ],
16 silly audit   '@npmcli/node-gyp': [ '4.0.0' ],
16 silly audit   '@npmcli/package-json': [ '6.1.1' ],
16 silly audit   glob: [ '10.4.5', '7.2.3' ],
16 silly audit   '@npmcli/promise-spawn': [ '8.0.2' ],
16 silly audit   '@npmcli/redact': [ '3.1.1' ],
16 silly audit   '@npmcli/run-script': [ '9.0.2' ],
16 silly audit   '@nx/angular': [ '20.8.2' ],
16 silly audit   flat: [ '5.0.2', '6.0.1' ],
16 silly audit   'webpack-merge': [ '5.10.0', '6.0.1' ],
16 silly audit   '@nx/azure-cache': [ '2.0.3' ],
16 silly audit   '@nx/devkit': [ '21.0.0', '20.8.2' ],
16 silly audit   enquirer: [ '2.3.6', '2.4.1' ],
16 silly audit   '@nx/nx-darwin-arm64': [ '21.0.0', '20.8.2' ],
16 silly audit   '@nx/nx-darwin-x64': [ '21.0.0', '20.8.2' ],
16 silly audit   '@nx/nx-freebsd-x64': [ '21.0.0', '20.8.2' ],
16 silly audit   '@nx/nx-linux-arm-gnueabihf': [ '21.0.0', '20.8.2' ],
16 silly audit   '@nx/nx-linux-arm64-gnu': [ '21.0.0', '20.8.2' ],
16 silly audit   '@nx/nx-linux-arm64-musl': [ '21.0.0', '20.8.2' ],
16 silly audit   '@nx/nx-linux-x64-gnu': [ '21.0.0', '20.8.2' ],
16 silly audit   '@nx/nx-linux-x64-musl': [ '21.0.0', '20.8.2' ],
16 silly audit   '@nx/nx-win32-arm64-msvc': [ '21.0.0', '20.8.2' ],
16 silly audit   '@nx/nx-win32-x64-msvc': [ '21.0.0', '20.8.2' ],
16 silly audit   'jsonc-parser': [ '3.2.0', '3.2.1', '3.3.1' ],
16 silly audit   nx: [ '21.0.0', '20.8.2' ],
16 silly audit   'tar-stream': [ '2.2.0', '3.1.7' ],
16 silly audit   ora: [ '5.3.0', '5.4.1' ],
16 silly audit   yallist: [ '4.0.0', '5.0.0', '3.1.1' ],
16 silly audit   '@nx/cypress': [ '20.8.2' ],
16 silly audit   '@nx/eslint': [ '20.8.2' ],
16 silly audit   '@nx/eslint-plugin': [ '20.8.2' ],
16 silly audit   '@nx/jest': [ '20.8.2' ],
16 silly audit   '@nx/js': [ '20.8.2' ],
16 silly audit   'hosted-git-info': [ '7.0.2', '8.0.2', '2.8.9' ],
16 silly audit   'npm-package-arg': [ '11.0.1', '12.0.2' ],
16 silly audit   'proc-log': [ '3.0.0', '5.0.0' ],
16 silly audit   'source-map': [ '0.6.1', '0.5.7', '0.7.4' ],
16 silly audit   'source-map-support': [ '0.5.19', '0.5.13', '0.4.18', '0.5.21' ],
16 silly audit   'validate-npm-package-name': [ '5.0.1', '6.0.0' ],
16 silly audit   '@nx/key': [ '2.0.3' ],
16 silly audit   '@nx/key-darwin-arm64': [ '2.0.3' ],
16 silly audit   '@nx/key-darwin-x64': [ '2.0.3' ],
16 silly audit   '@nx/key-linux-arm-gnueabihf': [ '2.0.3' ],
16 silly audit   '@nx/key-linux-arm64-gnu': [ '2.0.3' ],
16 silly audit   '@nx/key-linux-arm64-musl': [ '2.0.3' ],
16 silly audit   '@nx/key-linux-x64-gnu': [ '2.0.3' ],
16 silly audit   '@nx/key-linux-x64-musl': [ '2.0.3' ],
16 silly audit   '@nx/key-win32-arm64-msvc': [ '2.0.3' ],
16 silly audit   '@nx/key-win32-x64-msvc': [ '2.0.3' ],
16 silly audit   '@nx/module-federation': [ '20.8.2' ],
16 silly audit   '@nx/playwright': [ '20.8.2' ],
16 silly audit   '@nx/plugin': [ '20.8.2' ],
16 silly audit   '@nx/rspack': [ '20.8.2' ],
16 silly audit   'css-loader': [ '6.11.0', '7.1.2' ],
16 silly audit   'less-loader': [ '11.1.0', '12.2.0' ],
16 silly audit   'loader-utils': [ '2.0.4', '3.3.1', '1.4.2' ],
16 silly audit   parse5: [ '4.0.0', '7.2.1' ],
16 silly audit   '@nx/web': [ '20.8.2' ],
16 silly audit   '@nx/webpack': [ '20.8.2' ],
16 silly audit   '@types/express-serve-static-core': [ '4.19.6', '5.0.6' ],
16 silly audit   chokidar: [ '3.6.0', '4.0.3' ],
16 silly audit   'glob-parent': [ '5.1.2', '6.0.2' ],
16 silly audit   'copy-webpack-plugin': [ '10.2.4', '12.0.2' ],
16 silly audit   'enhanced-resolve': [ '5.18.1', '4.5.0' ],
16 silly audit   globby: [ '12.2.0', '5.0.0', '14.0.2' ],
16 silly audit   'http-proxy-middleware': [ '2.0.9', '3.0.3', '2.0.7' ],
16 silly audit   'ipaddr.js': [ '2.2.0', '1.9.1' ],
16 silly audit   'is-plain-obj': [ '3.0.0', '1.1.0' ],
16 silly audit   less: [ '4.1.3', '4.2.2' ],
16 silly audit   'make-dir': [ '2.1.0', '4.0.0', '3.1.0' ],
16 silly audit   'mini-css-extract-plugin': [ '2.4.7', '2.9.2' ],
16 silly audit   picomatch: [ '2.3.1', '4.0.1', '4.0.2' ],
16 silly audit   pify: [ '4.0.1', '3.0.0', '2.3.0' ],
16 silly audit   'postcss-loader': [ '6.2.1', '8.1.1' ],
16 silly audit   readdirp: [ '3.6.0', '4.1.1' ],
16 silly audit   slash: [ '4.0.0', '5.1.0', '3.0.0' ],
16 silly audit   'ts-loader': [ '9.5.2', '6.2.2' ],
16 silly audit   'webpack-dev-server': [ '5.2.1', '5.2.0' ],
16 silly audit   '@nx/workspace': [ '20.8.2' ],
16 silly audit   '@parcel/watcher': [ '2.5.1' ],
16 silly audit   '@parcel/watcher-android-arm64': [ '2.5.1' ],
16 silly audit   '@parcel/watcher-darwin-arm64': [ '2.5.1' ],
16 silly audit   '@parcel/watcher-darwin-x64': [ '2.5.1' ],
16 silly audit   '@parcel/watcher-freebsd-x64': [ '2.5.1' ],
16 silly audit   '@parcel/watcher-linux-arm-glibc': [ '2.5.1' ],
16 silly audit   '@parcel/watcher-linux-arm-musl': [ '2.5.1' ],
16 silly audit   '@parcel/watcher-linux-arm64-glibc': [ '2.5.1' ],
16 silly audit   '@parcel/watcher-linux-arm64-musl': [ '2.5.1' ],
16 silly audit   '@parcel/watcher-linux-x64-glibc': [ '2.5.1' ],
16 silly audit   '@parcel/watcher-linux-x64-musl': [ '2.5.1' ],
16 silly audit   '@parcel/watcher-win32-arm64': [ '2.5.1' ],
16 silly audit   '@parcel/watcher-win32-ia32': [ '2.5.1' ],
16 silly audit   '@parcel/watcher-win32-x64': [ '2.5.1' ],
16 silly audit   'detect-libc': [ '1.0.3', '2.0.3' ],
16 silly audit   'node-addon-api': [ '7.1.1', '6.1.0' ],
16 silly audit   '@phenomnomnominal/tsquery': [ '5.0.1', '6.1.3' ],
16 silly audit   '@pkgjs/parseargs': [ '0.11.0' ],
16 silly audit   '@playwright/test': [ '1.52.0' ],
16 silly audit   '@protobufjs/aspromise': [ '1.1.2' ],
16 silly audit   '@protobufjs/base64': [ '1.1.2' ],
16 silly audit   '@protobufjs/codegen': [ '2.0.4' ],
16 silly audit   '@protobufjs/eventemitter': [ '1.1.0' ],
16 silly audit   '@protobufjs/fetch': [ '1.1.0' ],
16 silly audit   '@protobufjs/float': [ '1.0.2' ],
16 silly audit   '@protobufjs/inquire': [ '1.1.0' ],
16 silly audit   '@protobufjs/path': [ '1.1.2' ],
16 silly audit   '@protobufjs/pool': [ '1.1.0' ],
16 silly audit   '@protobufjs/utf8': [ '1.1.0' ],
16 silly audit   '@radix-ui/primitive': [ '1.1.2' ],
16 silly audit   '@radix-ui/react-arrow': [ '1.1.7' ],
16 silly audit   '@radix-ui/react-collection': [ '1.1.7' ],
16 silly audit   '@radix-ui/react-compose-refs': [ '1.1.2' ],
16 silly audit   '@radix-ui/react-context': [ '1.1.2' ],
16 silly audit   '@radix-ui/react-dialog': [ '1.1.14' ],
16 silly audit   '@radix-ui/react-direction': [ '1.1.1' ],
16 silly audit   '@radix-ui/react-dismissable-layer': [ '1.1.10' ],
16 silly audit   '@radix-ui/react-dropdown-menu': [ '2.1.15' ],
16 silly audit   '@radix-ui/react-focus-guards': [ '1.1.2' ],
16 silly audit   '@radix-ui/react-focus-scope': [ '1.1.7' ],
16 silly audit   '@radix-ui/react-id': [ '1.1.1' ],
16 silly audit   '@radix-ui/react-menu': [ '2.1.15' ],
16 silly audit   '@radix-ui/react-popover': [ '1.1.14' ],
16 silly audit   '@radix-ui/react-popper': [ '1.2.7' ],
16 silly audit   '@radix-ui/react-portal': [ '1.1.9' ],
16 silly audit   '@radix-ui/react-presence': [ '1.1.4' ],
16 silly audit   '@radix-ui/react-primitive': [ '2.1.3' ],
16 silly audit   '@radix-ui/react-roving-focus': [ '1.1.10' ],
16 silly audit   '@radix-ui/react-separator': [ '1.1.7' ],
16 silly audit   '@radix-ui/react-slot': [ '1.2.3' ],
16 silly audit   '@radix-ui/react-tooltip': [ '1.2.7' ],
16 silly audit   '@radix-ui/react-use-callback-ref': [ '1.1.1' ],
16 silly audit   '@radix-ui/react-use-controllable-state': [ '1.2.2' ],
16 silly audit   '@radix-ui/react-use-effect-event': [ '0.0.2' ],
16 silly audit   '@radix-ui/react-use-escape-keydown': [ '1.1.1' ],
16 silly audit   '@radix-ui/react-use-layout-effect': [ '1.1.1' ],
16 silly audit   '@radix-ui/react-use-rect': [ '1.1.1' ],
16 silly audit   '@radix-ui/react-use-size': [ '1.1.1' ],
16 silly audit   '@radix-ui/react-visually-hidden': [ '1.2.3' ],
16 silly audit   '@radix-ui/rect': [ '1.1.1' ],
16 silly audit   '@rc-component/portal': [ '1.1.2' ],
16 silly audit   '@rc-component/trigger': [ '2.2.6' ],
16 silly audit   '@rollup/plugin-json': [ '6.1.0' ],
16 silly audit   '@rollup/pluginutils': [ '5.1.4' ],
16 silly audit   '@rollup/rollup-android-arm-eabi': [ '4.34.8' ],
16 silly audit   '@rollup/rollup-android-arm64': [ '4.34.8' ],
16 silly audit   '@rollup/rollup-darwin-arm64': [ '4.34.8' ],
16 silly audit   '@rollup/rollup-darwin-x64': [ '4.34.8' ],
16 silly audit   '@rollup/rollup-freebsd-arm64': [ '4.34.8' ],
16 silly audit   '@rollup/rollup-freebsd-x64': [ '4.34.8' ],
16 silly audit   '@rollup/rollup-linux-arm-gnueabihf': [ '4.34.8' ],
16 silly audit   '@rollup/rollup-linux-arm-musleabihf': [ '4.34.8' ],
16 silly audit   '@rollup/rollup-linux-arm64-gnu': [ '4.34.8' ],
16 silly audit   '@rollup/rollup-linux-arm64-musl': [ '4.34.8' ],
16 silly audit   '@rollup/rollup-linux-loongarch64-gnu': [ '4.34.8' ],
16 silly audit   '@rollup/rollup-linux-powerpc64le-gnu': [ '4.34.8' ],
16 silly audit   '@rollup/rollup-linux-riscv64-gnu': [ '4.34.8' ],
16 silly audit   '@rollup/rollup-linux-s390x-gnu': [ '4.34.8' ],
16 silly audit   '@rollup/rollup-linux-x64-gnu': [ '4.34.8' ],
16 silly audit   '@rollup/rollup-linux-x64-musl': [ '4.34.8' ],
16 silly audit   '@rollup/rollup-win32-arm64-msvc': [ '4.34.8' ],
16 silly audit   '@rollup/rollup-win32-ia32-msvc': [ '4.34.8' ],
16 silly audit   '@rollup/rollup-win32-x64-msvc': [ '4.34.8' ],
16 silly audit   '@rollup/wasm-node': [ '4.34.4' ],
16 silly audit   '@rspack/binding': [ '1.2.8' ],
16 silly audit   '@rspack/binding-darwin-arm64': [ '1.2.8' ],
16 silly audit   '@rspack/binding-darwin-x64': [ '1.2.8' ],
16 silly audit   '@rspack/binding-linux-arm64-gnu': [ '1.2.8' ],
16 silly audit   '@rspack/binding-linux-arm64-musl': [ '1.2.8' ],
16 silly audit   '@rspack/binding-linux-x64-gnu': [ '1.2.8' ],
16 silly audit   '@rspack/binding-linux-x64-musl': [ '1.2.8' ],
16 silly audit   '@rspack/binding-win32-arm64-msvc': [ '1.2.8' ],
16 silly audit   '@rspack/binding-win32-ia32-msvc': [ '1.2.8' ],
16 silly audit   '@rspack/binding-win32-x64-msvc': [ '1.2.8' ],
16 silly audit   '@rspack/core': [ '1.2.8' ],
16 silly audit   '@rspack/dev-server': [ '1.1.2' ],
16 silly audit   '@rspack/lite-tapable': [ '1.0.1' ],
16 silly audit   '@rspack/plugin-react-refresh': [ '1.4.3' ],
16 silly audit   '@sascom/commonjs': [ '1.3.11-b201g' ],
16 silly audit   '@sascom/jsclient': [ '1.3.11-b201g' ],
16 silly audit   '@schematics/angular': [ '19.2.3', '17.3.11' ],
16 silly audit   '@sec-ant/readable-stream': [ '0.4.1' ],
16 silly audit   '@sigstore/bundle': [ '3.1.0' ],
16 silly audit   '@sigstore/core': [ '2.0.0' ],
16 silly audit   '@sigstore/protobuf-specs': [ '0.4.0' ],
16 silly audit   '@sigstore/sign': [ '3.1.0' ],
16 silly audit   '@sigstore/tuf': [ '3.1.0' ],
16 silly audit   '@sigstore/verify': [ '2.1.0' ],
16 silly audit   '@sinclair/typebox': [ '0.27.8' ],
16 silly audit   '@sindresorhus/is': [ '5.6.0' ],
16 silly audit   '@sindresorhus/merge-streams': [ '2.3.0' ],
16 silly audit   '@sinonjs/commons': [ '3.0.1' ],
16 silly audit   '@sinonjs/fake-timers': [ '10.3.0' ],
16 silly audit   '@socket.io/component-emitter': [ '3.1.2' ],
16 silly audit   '@swc-node/core': [ '1.13.3' ],
16 silly audit   '@swc-node/register': [ '1.9.2' ],
16 silly audit   '@swc-node/sourcemap-support': [ '0.5.1' ],
16 silly audit   '@swc/cli': [ '0.6.0' ],
16 silly audit   '@swc/core': [ '1.10.14' ],
16 silly audit   '@swc/core-darwin-arm64': [ '1.10.14' ],
16 silly audit   '@swc/core-darwin-x64': [ '1.10.14' ],
16 silly audit   '@swc/core-linux-arm-gnueabihf': [ '1.10.14' ],
16 silly audit   '@swc/core-linux-arm64-gnu': [ '1.10.14' ],
16 silly audit   '@swc/core-linux-arm64-musl': [ '1.10.14' ],
16 silly audit   '@swc/core-linux-x64-gnu': [ '1.10.14' ],
16 silly audit   '@swc/core-linux-x64-musl': [ '1.10.14' ],
16 silly audit   '@swc/core-win32-arm64-msvc': [ '1.10.14' ],
16 silly audit   '@swc/core-win32-ia32-msvc': [ '1.10.14' ],
16 silly audit   '@swc/core-win32-x64-msvc': [ '1.10.14' ],
16 silly audit   '@swc/counter': [ '0.1.3' ],
16 silly audit   '@swc/helpers': [ '0.5.13' ],
16 silly audit   '@swc/types': [ '0.1.17' ],
16 silly audit   '@swimlane/ngx-charts': [ '22.0.0-alpha.0' ],
16 silly audit   '@szmarczak/http-timer': [ '5.0.1' ],
16 silly audit   '@teppeis/multimaps': [ '3.0.0' ],
16 silly audit   '@tokenizer/token': [ '0.3.0' ],
16 silly audit   '@tootallnate/once': [ '2.0.0' ],
16 silly audit   '@trysound/sax': [ '0.2.0' ],
16 silly audit   '@tsconfig/node10': [ '1.0.11' ],
16 silly audit   '@tsconfig/node12': [ '1.0.11' ],
16 silly audit   '@tsconfig/node14': [ '1.0.3' ],
16 silly audit   '@tsconfig/node16': [ '1.0.4' ],
16 silly audit   '@tufjs/canonical-json': [ '2.0.0' ],
16 silly audit   '@tufjs/models': [ '3.0.1' ],
16 silly audit   '@tybys/wasm-util': [ '0.9.0' ],
16 silly audit   '@types/annyang': [ '2.6.5' ],
16 silly audit   '@types/archy': [ '0.0.31' ],
16 silly audit   '@types/babel__core': [ '7.20.5' ],
16 silly audit   '@types/babel__generator': [ '7.6.8' ],
16 silly audit   '@types/babel__template': [ '7.4.4' ],
16 silly audit   '@types/babel__traverse': [ '7.20.6' ],
16 silly audit   '@types/body-parser': [ '1.19.5' ],
16 silly audit   '@types/bonjour': [ '3.5.13' ],
16 silly audit   '@types/connect': [ '3.4.38' ],
16 silly audit   '@types/connect-history-api-fallback': [ '1.5.4' ],
16 silly audit   '@types/cors': [ '2.8.17' ],
16 silly audit   '@types/debug': [ '4.1.12' ],
16 silly audit   '@types/eslint': [ '9.6.1' ],
16 silly audit   '@types/eslint-scope': [ '3.7.7' ],
16 silly audit   '@types/esquery': [ '1.5.4' ],
16 silly audit   '@types/estree': [ '1.0.6' ],
16 silly audit   '@types/express': [ '4.17.21' ],
16 silly audit   '@types/file-saver': [ '2.0.7' ],
16 silly audit   '@types/fs-extra': [ '8.1.5' ],
16 silly audit   '@types/glob': [ '7.2.0' ],
16 silly audit   '@types/graceful-fs': [ '4.1.9' ],
16 silly audit   '@types/http-cache-semantics': [ '4.0.4' ],
16 silly audit   '@types/http-errors': [ '2.0.4' ],
16 silly audit   '@types/http-proxy': [ '1.17.15' ],
16 silly audit   '@types/iban': [ '0.0.32' ],
16 silly audit   '@types/istanbul-lib-coverage': [ '2.0.6' ],
16 silly audit   '@types/istanbul-lib-report': [ '3.0.3' ],
16 silly audit   '@types/istanbul-reports': [ '3.0.4' ],
16 silly audit   '@types/jasmine': [ '3.10.18' ],
16 silly audit   '@types/jasminewd2': [ '2.0.13' ],
16 silly audit   '@types/jest': [ '29.5.14' ],
16 silly audit   '@types/jquery': [ '3.5.32' ],
16 silly audit   '@types/jsdom': [ '20.0.1' ],
16 silly audit   '@types/json-schema': [ '7.0.15' ],
16 silly audit   '@types/lodash': [ '4.17.15' ],
16 silly audit   '@types/lodash.debounce': [ '4.0.9' ],
16 silly audit   '@types/mime': [ '1.3.5' ],
16 silly audit   '@types/minimatch': [ '5.1.2' ],
16 silly audit   '@types/ms': [ '2.1.0' ],
16 silly audit   '@types/node-forge': [ '1.3.11' ],
16 silly audit   '@types/offscreencanvas': [ '2019.7.3' ],
16 silly audit   '@types/parse-json': [ '4.0.2' ],
16 silly audit   '@types/q': [ '0.0.32' ],
16 silly audit   '@types/qs': [ '6.9.18' ],
16 silly audit   '@types/range-parser': [ '1.2.7' ],
16 silly audit   '@types/resize-observer-browser': [ '0.1.11' ],
16 silly audit   '@types/retry': [ '0.12.2' ],
16 silly audit   '@types/sass': [ '1.45.0' ],
16 silly audit   '@types/selenium-webdriver': [ '3.0.26' ],
16 silly audit   '@types/semver': [ '7.5.8' ],
16 silly audit   '@types/send': [ '0.17.4' ],
16 silly audit   '@types/serve-index': [ '1.9.4' ],
16 silly audit   '@types/serve-static': [ '1.15.7' ],
16 silly audit   '@types/sinonjs__fake-timers': [ '8.1.1' ],
16 silly audit   '@types/sizzle': [ '2.3.9' ],
16 silly audit   '@types/sockjs': [ '0.3.36' ],
16 silly audit   '@types/stack-utils': [ '2.0.3' ],
16 silly audit   '@types/strip-bom': [ '3.0.0' ],
16 silly audit   '@types/strip-json-comments': [ '0.0.30' ],
16 silly audit   '@types/tinycolor2': [ '1.4.6' ],
16 silly audit   '@types/tough-cookie': [ '4.0.5' ],
16 silly audit   '@types/ws': [ '8.5.14' ],
16 silly audit   '@types/yargs': [ '17.0.33' ],
16 silly audit   '@types/yargs-parser': [ '21.0.3' ],
16 silly audit   '@types/yauzl': [ '2.10.3' ],
16 silly audit   '@typescript-eslint/eslint-plugin': [ '8.23.0' ],
16 silly audit   '@typescript-eslint/parser': [ '8.23.0' ],
16 silly audit   '@typescript-eslint/scope-manager': [ '8.23.0' ],
16 silly audit   '@typescript-eslint/type-utils': [ '8.23.0' ],
16 silly audit   '@typescript-eslint/types': [ '8.23.0' ],
16 silly audit   '@typescript-eslint/typescript-estree': [ '8.23.0' ],
16 silly audit   '@typescript-eslint/utils': [ '8.23.0' ],
16 silly audit   '@typescript-eslint/visitor-keys': [ '8.23.0' ],
16 silly audit   '@univerjs-pro/collaboration': [ '0.7.0' ],
16 silly audit   '@univerjs-pro/exchange-client': [ '0.7.0' ],
16 silly audit   pako: [ '2.1.0', '1.0.11' ],
16 silly audit   '@univerjs-pro/license': [ '0.7.0' ],
16 silly audit   '@univerjs-pro/sheets-exchange-client': [ '0.7.0' ],
16 silly audit   '@univerjs/core': [ '0.7.0' ],
16 silly audit   '@univerjs/protocol': [ '0.1.46', '0.1.46-alpha.3' ],
16 silly audit   '@univerjs/data-validation': [ '0.7.0' ],
16 silly audit   '@univerjs/design': [ '0.7.0' ],
16 silly audit   '@univerjs/docs': [ '0.7.0' ],
16 silly audit   '@univerjs/docs-ui': [ '0.7.0' ],
16 silly audit   '@univerjs/drawing': [ '0.7.0' ],
16 silly audit   '@univerjs/engine-formula': [ '0.7.0' ],
16 silly audit   '@univerjs/engine-numfmt': [ '0.7.0' ],
16 silly audit   '@univerjs/engine-render': [ '0.7.0' ],
16 silly audit   '@univerjs/icons': [ '0.3.24' ],
16 silly audit   '@univerjs/network': [ '0.7.0' ],
16 silly audit   '@univerjs/rpc': [ '0.7.0' ],
16 silly audit   '@univerjs/sheets': [ '0.7.0' ],
16 silly audit   '@univerjs/sheets-conditional-formatting': [ '0.7.0' ],
16 silly audit   '@univerjs/sheets-drawing': [ '0.7.0' ],
16 silly audit   '@univerjs/sheets-filter': [ '0.7.0' ],
16 silly audit   '@univerjs/sheets-formula': [ '0.7.0' ],
16 silly audit   '@univerjs/sheets-formula-ui': [ '0.7.0' ],
16 silly audit   '@univerjs/sheets-hyper-link': [ '0.7.0' ],
16 silly audit   '@univerjs/sheets-numfmt': [ '0.7.0' ],
16 silly audit   '@univerjs/sheets-numfmt-ui': [ '0.7.0' ],
16 silly audit   '@univerjs/sheets-ui': [ '0.7.0' ],
16 silly audit   '@univerjs/telemetry': [ '0.7.0' ],
16 silly audit   '@univerjs/themes': [ '0.7.0' ],
16 silly audit   '@univerjs/thread-comment': [ '0.7.0' ],
16 silly audit   '@univerjs/ui': [ '0.7.0' ],
16 silly audit   '@vendure/ngx-translate-extract': [ '9.4.0' ],
16 silly audit   '@vitejs/plugin-basic-ssl': [ '1.2.0' ],
16 silly audit   '@vue/compiler-core': [ '3.5.14' ],
16 silly audit   '@vue/compiler-dom': [ '3.5.14' ],
16 silly audit   '@vue/compiler-sfc': [ '3.5.14' ],
16 silly audit   nanoid: [ '3.3.11', '5.1.5', '3.3.8', '3.3.10' ],
16 silly audit   postcss: [ '8.5.3', '8.5.2' ],
16 silly audit   '@vue/compiler-ssr': [ '3.5.14' ],
16 silly audit   '@vue/reactivity': [ '3.5.14' ],
16 silly audit   '@vue/runtime-core': [ '3.5.14' ],
16 silly audit   '@vue/runtime-dom': [ '3.5.14' ],
16 silly audit   '@vue/server-renderer': [ '3.5.14' ],
16 silly audit   '@vue/shared': [ '3.5.14' ],
16 silly audit   '@webassemblyjs/ast': [ '1.14.1' ],
16 silly audit   '@webassemblyjs/floating-point-hex-parser': [ '1.13.2' ],
16 silly audit   '@webassemblyjs/helper-api-error': [ '1.13.2' ],
16 silly audit   '@webassemblyjs/helper-buffer': [ '1.14.1' ],
16 silly audit   '@webassemblyjs/helper-numbers': [ '1.13.2' ],
16 silly audit   '@webassemblyjs/helper-wasm-bytecode': [ '1.13.2' ],
16 silly audit   '@webassemblyjs/helper-wasm-section': [ '1.14.1' ],
16 silly audit   '@webassemblyjs/ieee754': [ '1.13.2' ],
16 silly audit   '@webassemblyjs/leb128': [ '1.13.2' ],
16 silly audit   '@webassemblyjs/utf8': [ '1.13.2' ],
16 silly audit   '@webassemblyjs/wasm-edit': [ '1.14.1' ],
16 silly audit   '@webassemblyjs/wasm-gen': [ '1.14.1' ],
16 silly audit   '@webassemblyjs/wasm-opt': [ '1.14.1' ],
16 silly audit   '@webassemblyjs/wasm-parser': [ '1.14.1' ],
16 silly audit   '@webassemblyjs/wast-printer': [ '1.14.1' ],
16 silly audit   '@wendellhu/redi': [ '0.18.0' ],
16 silly audit   '@xhmikosr/archive-type': [ '7.0.0' ],
16 silly audit   '@xhmikosr/bin-check': [ '7.0.3' ],
16 silly audit   '@xhmikosr/bin-wrapper': [ '13.0.5' ],
16 silly audit   '@xhmikosr/decompress': [ '10.0.1' ],
16 silly audit   '@xhmikosr/decompress-tar': [ '8.0.1' ],
16 silly audit   '@xhmikosr/decompress-tarbz2': [ '8.0.2' ],
16 silly audit   '@xhmikosr/decompress-targz': [ '8.0.1' ],
16 silly audit   '@xhmikosr/decompress-unzip': [ '7.0.0' ],
16 silly audit   '@xhmikosr/downloader': [ '15.0.1' ],
16 silly audit   '@xhmikosr/os-filter-obj': [ '3.0.0' ],
16 silly audit   '@xtuc/ieee754': [ '1.2.0' ],
16 silly audit   '@xtuc/long': [ '4.2.2' ],
16 silly audit   '@yarnpkg/lockfile': [ '1.1.0' ],
16 silly audit   '@yarnpkg/parsers': [ '3.0.2' ],
16 silly audit   '@zkochan/js-yaml': [ '0.0.7' ],
16 silly audit   abab: [ '2.0.6' ],
16 silly audit   abbrev: [ '3.0.0' ],
16 silly audit   'abort-controller': [ '3.0.0' ],
16 silly audit   accepts: [ '1.3.8' ],
16 silly audit   'ace-builds': [ '1.37.5' ],
16 silly audit   acorn: [ '8.14.0' ],
16 silly audit   'acorn-globals': [ '7.0.1' ],
16 silly audit   'acorn-jsx': [ '5.3.2' ],
16 silly audit   'acorn-walk': [ '8.3.4' ],
16 silly audit   address: [ '1.2.2' ],
16 silly audit   'adjust-sourcemap-loader': [ '4.0.0' ],
16 silly audit   'adm-zip': [ '0.5.16' ],
16 silly audit   'agent-base': [ '7.1.3', '4.3.0', '6.0.2' ],
16 silly audit   'aggregate-error': [ '3.1.0' ],
16 silly audit   'ajv-formats': [ '3.0.1', '2.1.1' ],
16 silly audit   'ajv-keywords': [ '5.1.0', '3.5.2' ],
16 silly audit   'angular-eslint': [ '19.2.1' ],
16 silly audit   'angular-shepherd': [ '18.0.2' ],
16 silly audit   'angular-split': [ '14.1.0' ],
16 silly audit   'announcekit-angular': [ '14.0.5' ],
16 silly audit   annyang: [ '2.6.1' ],
16 silly audit   'ansi-colors': [ '4.1.3' ],
16 silly audit   'ansi-escapes': [ '4.3.2', '7.0.0' ],
16 silly audit   'ansi-html-community': [ '0.0.8' ],
16 silly audit   anymatch: [ '3.1.3' ],
16 silly audit   arch: [ '3.0.0', '2.2.0' ],
16 silly audit   archiver: [ '5.3.2' ],
16 silly audit   'archiver-utils': [ '2.1.0', '3.0.4' ],
16 silly audit   isarray: [ '1.0.0', '2.0.5' ],
16 silly audit   'readable-stream': [ '2.3.8', '3.6.2' ],
16 silly audit   'safe-buffer': [ '5.1.2', '5.2.1' ],
16 silly audit   string_decoder: [ '1.1.1', '1.3.0' ],
16 silly audit   archy: [ '1.0.0' ],
16 silly audit   arg: [ '4.1.3' ],
16 silly audit   argparse: [ '2.0.1', '1.0.10' ],
16 silly audit   'aria-hidden': [ '1.2.6' ],
16 silly audit   'aria-query': [ '5.3.2' ],
16 silly audit   'array-buffer-byte-length': [ '1.0.2' ],
16 silly audit   'array-flatten': [ '1.1.1' ],
16 silly audit   'array-union': [ '3.0.1', '1.0.2' ],
16 silly audit   'array-uniq': [ '1.0.3' ],
16 silly audit   'arraybuffer.prototype.slice': [ '1.0.4' ],
16 silly audit   arrify: [ '1.0.1' ],
16 silly audit   asn1: [ '0.2.6' ],
16 silly audit   'assert-plus': [ '1.0.0' ],
16 silly audit   'astral-regex': [ '2.0.0' ],
16 silly audit   async: [ '3.2.6', '2.6.4' ],
16 silly audit   'async-function': [ '1.0.0' ],
16 silly audit   'async-lock': [ '1.4.1' ],
16 silly audit   asynckit: [ '0.4.0' ],
16 silly audit   'at-least-node': [ '1.0.0' ],
16 silly audit   autoprefixer: [ '10.4.20' ],
16 silly audit   'available-typed-arrays': [ '1.0.7' ],
16 silly audit   'aws-sign2': [ '0.7.0' ],
16 silly audit   aws4: [ '1.13.2' ],
16 silly audit   axios: [ '1.8.3' ],
16 silly audit   'axios-retry': [ '4.5.0' ],
16 silly audit   'axobject-query': [ '4.1.0' ],
16 silly audit   b4a: [ '1.6.7' ],
16 silly audit   'babel-jest': [ '29.7.0' ],
16 silly audit   'babel-loader': [ '9.2.1' ],
16 silly audit   'babel-plugin-const-enum': [ '1.2.0' ],
16 silly audit   'babel-plugin-istanbul': [ '6.1.1' ],
16 silly audit   'istanbul-lib-instrument': [ '5.2.1', '6.0.3' ],
16 silly audit   'babel-plugin-jest-hoist': [ '29.6.3' ],
16 silly audit   'babel-plugin-macros': [ '3.1.0' ],
16 silly audit   'babel-plugin-polyfill-corejs2': [ '0.4.12' ],
16 silly audit   'babel-plugin-polyfill-corejs3': [ '0.11.1' ],
16 silly audit   'babel-plugin-polyfill-regenerator': [ '0.6.3' ],
16 silly audit   'babel-plugin-transform-typescript-metadata': [ '0.3.2' ],
16 silly audit   'babel-polyfill': [ '6.26.0' ],
16 silly audit   'core-js': [ '2.6.12', '3.40.0' ],
16 silly audit   'regenerator-runtime': [ '0.10.5', '0.11.1', '0.14.1' ],
16 silly audit   'babel-preset-current-node-syntax': [ '1.1.0' ],
16 silly audit   'babel-preset-jest': [ '29.6.3' ],
16 silly audit   'babel-runtime': [ '6.26.0' ],
16 silly audit   'balanced-match': [ '1.0.2' ],
16 silly audit   'bare-events': [ '2.5.4' ],
16 silly audit   'base64-js': [ '1.5.1' ],
16 silly audit   base64id: [ '2.0.0' ],
16 silly audit   'basic-auth': [ '2.0.1' ],
16 silly audit   batch: [ '0.6.1' ],
16 silly audit   'bcrypt-pbkdf': [ '1.0.2' ],
16 silly audit   beasties: [ '0.2.0' ],
16 silly audit   'big-integer': [ '1.6.52' ],
16 silly audit   'big.js': [ '5.2.2' ],
16 silly audit   'bin-version': [ '6.0.0' ],
16 silly audit   'bin-version-check': [ '5.1.0' ],
16 silly audit   binary: [ '0.3.0' ],
16 silly audit   'binary-extensions': [ '2.3.0' ],
16 silly audit   bl: [ '4.1.0' ],
16 silly audit   'blob-util': [ '2.0.2' ],
16 silly audit   'blocking-proxy': [ '1.0.1' ],
16 silly audit   bluebird: [ '3.7.2', '3.4.7' ],
16 silly audit   'body-parser': [ '1.20.3' ],
16 silly audit   'iconv-lite': [ '0.4.24', '0.6.3' ],
16 silly audit   ms: [ '2.0.0', '2.1.3' ],
16 silly audit   qs: [ '6.13.0', '6.14.0', '6.5.3' ],
16 silly audit   'bonjour-service': [ '1.3.0' ],
16 silly audit   boolbase: [ '1.0.0' ],
16 silly audit   bootstrap: [ '4.6.2' ],
16 silly audit   braces: [ '3.0.3' ],
16 silly audit   browserslist: [ '4.24.4' ],
16 silly audit   browserstack: [ '1.6.1' ],
16 silly audit   'https-proxy-agent': [ '2.2.4', '7.0.6', '5.0.1' ],
16 silly audit   'bs-logger': [ '0.2.6' ],
16 silly audit   bser: [ '2.1.1' ],
16 silly audit   btoa: [ '1.2.1' ],
16 silly audit   buffer: [ '5.7.1' ],
16 silly audit   'buffer-builder': [ '0.2.0' ],
16 silly audit   'buffer-crc32': [ '0.2.13' ],
16 silly audit   'buffer-equal-constant-time': [ '1.0.1' ],
16 silly audit   'buffer-from': [ '1.1.2' ],
16 silly audit   'buffer-indexof-polyfill': [ '1.0.2' ],
16 silly audit   buffers: [ '0.1.1' ],
16 silly audit   'bundle-name': [ '4.1.0' ],
16 silly audit   bytes: [ '3.1.2' ],
16 silly audit   cacache: [ '19.0.1' ],
16 silly audit   chownr: [ '3.0.0', '2.0.0', '1.1.4' ],
16 silly audit   mkdirp: [ '3.0.1', '0.5.6', '1.0.4' ],
16 silly audit   tar: [ '7.4.3', '6.2.1' ],
16 silly audit   'cache-content-type': [ '1.0.1' ],
16 silly audit   'cacheable-lookup': [ '7.0.0' ],
16 silly audit   'cacheable-request': [ '10.2.14' ],
16 silly audit   cachedir: [ '2.4.0' ],
16 silly audit   'call-bind': [ '1.0.8' ],
16 silly audit   'call-bind-apply-helpers': [ '1.0.1' ],
16 silly audit   'call-bound': [ '1.0.3' ],
16 silly audit   callsites: [ '3.1.0' ],
16 silly audit   camelcase: [ '5.3.1', '6.3.0' ],
16 silly audit   'caniuse-api': [ '3.0.0' ],
16 silly audit   'caniuse-lite': [ '1.0.30001706' ],
16 silly audit   caseless: [ '0.12.0' ],
16 silly audit   chainsaw: [ '0.1.0' ],
16 silly audit   'char-regex': [ '1.0.2' ],
16 silly audit   chardet: [ '0.7.0' ],
16 silly audit   'check-more-types': [ '2.24.0' ],
16 silly audit   'chrome-trace-event': [ '1.0.4' ],
16 silly audit   'ci-info': [ '3.9.0', '4.2.0' ],
16 silly audit   'cjk-regex': [ '3.3.0' ],
16 silly audit   'cjs-module-lexer': [ '1.4.3' ],
16 silly audit   'class-transformer': [ '0.5.1' ],
16 silly audit   'class-variance-authority': [ '0.7.1' ],
16 silly audit   classnames: [ '2.5.1' ],
16 silly audit   'clean-stack': [ '2.2.0' ],
16 silly audit   'cli-cursor': [ '3.1.0', '5.0.0' ],
16 silly audit   'cli-spinners': [ '2.6.1' ],
16 silly audit   'cli-table3': [ '0.6.5' ],
16 silly audit   'cli-truncate': [ '4.0.0', '2.1.0' ],
16 silly audit   'cli-width': [ '4.1.0' ],
16 silly audit   cliui: [ '8.0.1', '7.0.4', '6.0.0' ],
16 silly audit   clone: [ '1.0.4' ],
16 silly audit   'clone-deep': [ '4.0.1' ],
16 silly audit   'is-plain-object': [ '2.0.4', '5.0.0' ],
16 silly audit   clsx: [ '2.1.1', '1.2.1' ],
16 silly audit   co: [ '4.6.0' ],
16 silly audit   'collapse-white-space': [ '2.1.0' ],
16 silly audit   'collect-v8-coverage': [ '1.0.2' ],
16 silly audit   'color-convert': [ '2.0.1', '1.9.3' ],
16 silly audit   'color-name': [ '1.1.4', '1.1.3' ],
16 silly audit   colord: [ '2.9.3' ],
16 silly audit   colorette: [ '2.0.20' ],
16 silly audit   'colorjs.io': [ '0.5.2' ],
16 silly audit   colors: [ '1.4.0' ],
16 silly audit   columnify: [ '1.6.0' ],
16 silly audit   'combined-stream': [ '1.0.8' ],
16 silly audit   'common-path-prefix': [ '3.0.0' ],
16 silly audit   'common-tags': [ '1.8.2' ],
16 silly audit   commondir: [ '1.0.1' ],
16 silly audit   'compress-commons': [ '4.1.2' ],
16 silly audit   compressible: [ '2.0.18' ],
16 silly audit   compression: [ '1.7.5' ],
16 silly audit   negotiator: [ '0.6.4', '1.0.0', '0.6.3' ],
16 silly audit   'concat-map': [ '0.0.1' ],
16 silly audit   concurrently: [ '6.5.1' ],
16 silly audit   rxjs: [ '6.6.7', '7.8.1' ],
16 silly audit   'supports-color': [ '8.1.1', '5.5.0', '2.0.0', '7.2.0' ],
16 silly audit   yargs: [ '16.2.0', '15.4.1', '17.7.2' ],
16 silly audit   'yargs-parser': [ '20.2.9', '18.1.3', '21.1.1' ],
16 silly audit   'confusing-browser-globals': [ '1.0.11' ],
16 silly audit   connect: [ '3.7.0' ],
16 silly audit   'connect-history-api-fallback': [ '2.0.0' ],
16 silly audit   finalhandler: [ '1.1.2', '1.3.1' ],
16 silly audit   'on-finished': [ '2.3.0', '2.4.1' ],
16 silly audit   'content-disposition': [ '0.5.4' ],
16 silly audit   'content-type': [ '1.0.5' ],
16 silly audit   cookie: [ '0.7.1', '0.7.2' ],
16 silly audit   'cookie-signature': [ '1.0.6' ],
16 silly audit   cookies: [ '0.9.1' ],
16 silly audit   'copy-anything': [ '2.0.6' ],
16 silly audit   'core-js-compat': [ '3.41.0' ],
16 silly audit   'core-util-is': [ '1.0.2' ],
16 silly audit   cors: [ '2.8.5' ],
16 silly audit   corser: [ '2.0.1' ],
16 silly audit   cosmiconfig: [ '7.1.0', '9.0.0' ],
16 silly audit   yaml: [ '1.10.2', '2.7.0' ],
16 silly audit   'crc-32': [ '1.2.2' ],
16 silly audit   'crc32-stream': [ '4.0.3' ],
16 silly audit   'create-jest': [ '29.7.0' ],
16 silly audit   'create-require': [ '1.1.1' ],
16 silly audit   'cron-parser': [ '4.9.0' ],
16 silly audit   'cross-spawn': [ '7.0.6', '6.0.6' ],
16 silly audit   'crypto-js': [ '4.2.0' ],
16 silly audit   'css-blank-pseudo': [ '3.0.3' ],
16 silly audit   'css-declaration-sorter': [ '7.2.0' ],
16 silly audit   'css-has-pseudo': [ '3.0.4' ],
16 silly audit   'css-minimizer-webpack-plugin': [ '5.0.1' ],
16 silly audit   'css-prefers-color-scheme': [ '6.0.3' ],
16 silly audit   'css-select': [ '5.1.0' ],
16 silly audit   'css-tree': [ '2.3.1', '2.2.1' ],
16 silly audit   'css-what': [ '6.1.0' ],
16 silly audit   cssdb: [ '6.6.3' ],
16 silly audit   cssesc: [ '3.0.0' ],
16 silly audit   cssnano: [ '6.1.2' ],
16 silly audit   'cssnano-preset-default': [ '6.1.2' ],
16 silly audit   'cssnano-utils': [ '4.0.2' ],
16 silly audit   csso: [ '5.0.5' ],
16 silly audit   'mdn-data': [ '2.0.28', '2.0.30' ],
16 silly audit   cssom: [ '0.5.0', '0.3.8' ],
16 silly audit   cssstyle: [ '2.3.0' ],
16 silly audit   csstype: [ '3.1.3' ],
16 silly audit   cuint: [ '0.2.2' ],
16 silly audit   'custom-event': [ '1.0.1' ],
16 silly audit   cypress: [ '14.2.1' ],
16 silly audit   execa: [ '4.1.0', '5.1.1' ],
16 silly audit   'get-stream': [ '5.2.0', '9.0.1', '6.0.1' ],
16 silly audit   'human-signals': [ '1.1.1', '2.1.0' ],
16 silly audit   'is-fullwidth-code-point': [ '3.0.0', '4.0.0', '5.0.0' ],
16 silly audit   listr2: [ '3.14.0', '8.2.5' ],
16 silly audit   'log-update': [ '4.0.0', '6.1.0' ],
16 silly audit   'slice-ansi': [ '4.0.0', '3.0.0', '7.1.0', '5.0.0' ],
16 silly audit   'p-map': [ '4.0.0', '7.0.3' ],
16 silly audit   'proxy-from-env': [ '1.0.0', '1.1.0' ],
16 silly audit   'signal-exit': [ '3.0.7', '4.1.0' ],
16 silly audit   yauzl: [ '2.10.0', '3.2.0' ],
16 silly audit   'd3-array': [ '3.2.4', '2.12.1' ],
16 silly audit   'd3-brush': [ '3.0.0' ],
16 silly audit   'd3-color': [ '3.1.0' ],
16 silly audit   'd3-dispatch': [ '3.0.1' ],
16 silly audit   'd3-drag': [ '3.0.0' ],
16 silly audit   'd3-ease': [ '3.0.1' ],
16 silly audit   'd3-format': [ '3.1.0' ],
16 silly audit   'd3-hierarchy': [ '3.1.2' ],
16 silly audit   'd3-interpolate': [ '3.0.1' ],
16 silly audit   'd3-path': [ '3.1.0', '1.0.9' ],
16 silly audit   'd3-sankey': [ '0.12.3' ],
16 silly audit   'd3-shape': [ '1.3.7', '3.2.0' ],
16 silly audit   internmap: [ '1.0.1', '2.0.3' ],
16 silly audit   'd3-scale': [ '4.0.2' ],
16 silly audit   'd3-selection': [ '3.0.0' ],
16 silly audit   'd3-time': [ '3.1.0' ],
16 silly audit   'd3-time-format': [ '4.1.0' ],
16 silly audit   'd3-timer': [ '3.0.1' ],
16 silly audit   'd3-transition': [ '3.0.1' ],
16 silly audit   dashdash: [ '1.14.1' ],
16 silly audit   'data-urls': [ '3.0.2' ],
16 silly audit   'data-view-buffer': [ '1.0.2' ],
16 silly audit   'data-view-byte-length': [ '1.0.2' ],
16 silly audit   'data-view-byte-offset': [ '1.0.1' ],
16 silly audit   'date-fns': [ '2.30.0' ],
16 silly audit   'date-format': [ '4.0.14' ],
16 silly audit   dayjs: [ '1.11.13' ],
16 silly audit   decamelize: [ '1.2.0' ],
16 silly audit   'decimal.js': [ '10.5.0' ],
16 silly audit   'decompress-response': [ '6.0.0' ],
16 silly audit   'mimic-response': [ '3.1.0', '4.0.0' ],
16 silly audit   dedent: [ '1.5.3' ],
16 silly audit   'deep-equal': [ '1.0.1' ],
16 silly audit   'deep-extend': [ '0.6.0' ],
16 silly audit   'deep-is': [ '0.1.4' ],
16 silly audit   deepmerge: [ '4.3.1' ],
16 silly audit   'default-browser': [ '5.2.1' ],
16 silly audit   'default-browser-id': [ '5.0.0' ],
16 silly audit   defaults: [ '3.0.0', '1.0.4' ],
16 silly audit   'defer-to-connect': [ '2.0.1' ],
16 silly audit   'define-data-property': [ '1.1.4' ],
16 silly audit   'define-properties': [ '1.2.1' ],
16 silly audit   del: [ '2.2.2' ],
16 silly audit   rimraf: [ '2.7.1', '5.0.10', '3.0.2' ],
16 silly audit   'delayed-stream': [ '1.0.0' ],
16 silly audit   delegates: [ '1.0.0' ],
16 silly audit   'dependency-graph': [ '1.0.0' ],
16 silly audit   destroy: [ '1.2.0' ],
16 silly audit   'detect-newline': [ '3.1.0' ],
16 silly audit   'detect-node': [ '2.1.0' ],
16 silly audit   'detect-node-es': [ '1.1.0' ],
16 silly audit   'detect-port': [ '1.6.1' ],
16 silly audit   'devexpress-diagram': [ '2.2.16' ],
16 silly audit   'devexpress-gantt': [ '4.1.60' ],
16 silly audit   'devexpress-reporting': [ '24.2.7' ],
16 silly audit   'devexpress-reporting-angular': [ '24.2.7' ],
16 silly audit   'devexpress-richedit': [ '24.2.7' ],
16 silly audit   devextreme: [ '24.2.7' ],
16 silly audit   'devextreme-angular': [ '24.2.7' ],
16 silly audit   'magic-string': [ '0.30.8', '0.30.17' ],
16 silly audit   'devextreme-dist': [ '24.2.7' ],
16 silly audit   'devextreme-quill': [ '1.7.2' ],
16 silly audit   'devextreme-schematics': [ '1.8.0' ],
16 silly audit   di: [ '0.0.1' ],
16 silly audit   diff: [ '4.0.2' ],
16 silly audit   'diff-sequences': [ '29.6.3' ],
16 silly audit   'dir-glob': [ '3.0.1' ],
16 silly audit   'dns-packet': [ '5.6.1' ],
16 silly audit   'dom-helpers': [ '5.2.1' ],
16 silly audit   'dom-serialize': [ '2.2.1' ],
16 silly audit   'dom-serializer': [ '2.0.0' ],
16 silly audit   domelementtype: [ '2.3.0' ],
16 silly audit   domexception: [ '4.0.0' ],
16 silly audit   domhandler: [ '5.0.3' ],
16 silly audit   domutils: [ '3.2.2' ],
16 silly audit   dotenv: [ '16.4.7' ],
16 silly audit   'dotenv-expand': [ '11.0.7' ],
16 silly audit   'dunder-proto': [ '1.0.1' ],
16 silly audit   duplexer2: [ '0.1.4' ],
16 silly audit   eastasianwidth: [ '0.2.0' ],
16 silly audit   'ecc-jsbn': [ '0.1.2' ],
16 silly audit   jsbn: [ '0.1.1', '1.1.0' ],
16 silly audit   'ecdsa-sig-formatter': [ '1.0.11' ],
16 silly audit   'ee-first': [ '1.1.1' ],
16 silly audit   ejs: [ '3.1.10' ],
16 silly audit   'electron-to-chromium': [ '1.5.93' ],
16 silly audit   emittery: [ '0.13.1' ],
16 silly audit   'emojis-list': [ '3.0.0' ],
16 silly audit   encoding: [ '0.1.13' ],
16 silly audit   'end-of-stream': [ '1.4.4' ],
16 silly audit   'engine.io': [ '6.6.4' ],
16 silly audit   'engine.io-parser': [ '5.2.3' ],
16 silly audit   tapable: [ '1.1.3', '2.2.1' ],
16 silly audit   ent: [ '2.2.2' ],
16 silly audit   entities: [ '4.5.0' ],
16 silly audit   'env-paths': [ '2.2.1' ],
16 silly audit   environment: [ '1.1.0' ],
16 silly audit   'err-code': [ '2.0.3' ],
16 silly audit   errno: [ '0.1.8' ],
16 silly audit   'error-ex': [ '1.3.2' ],
16 silly audit   'error-stack-parser': [ '2.1.4' ],
16 silly audit   'es-abstract': [ '1.23.9' ],
16 silly audit   'es-define-property': [ '1.0.1' ],
16 silly audit   'es-errors': [ '1.3.0' ],
16 silly audit   'es-module-lexer': [ '1.6.0' ],
16 silly audit   'es-object-atoms': [ '1.1.1' ],
16 silly audit   'es-set-tostringtag': [ '2.1.0' ],
16 silly audit   'es-to-primitive': [ '1.3.0' ],
16 silly audit   'es6-object-assign': [ '1.1.0' ],
16 silly audit   'es6-promise': [ '4.2.8' ],
16 silly audit   'es6-promisify': [ '5.0.0' ],
16 silly audit   'esbuild-wasm': [ '0.25.1' ],
16 silly audit   escalade: [ '3.2.0' ],
16 silly audit   'escape-html': [ '1.0.3' ],
16 silly audit   'escape-string-regexp': [ '4.0.0', '1.0.5', '2.0.0' ],
16 silly audit   escodegen: [ '2.1.0' ],
16 silly audit   eslint: [ '9.19.0' ],
16 silly audit   'eslint-config-prettier': [ '10.1.5' ],
16 silly audit   'eslint-plugin-cypress': [ '4.1.0' ],
16 silly audit   'eslint-plugin-import-helpers': [ '2.0.1' ],
16 silly audit   'eslint-plugin-sort-imports-es6-autofix': [ '0.6.0' ],
16 silly audit   'eslint-plugin-unused-imports': [ '4.1.4' ],
16 silly audit   'eslint-scope': [ '8.2.0', '5.1.1' ],
16 silly audit   'find-up': [ '5.0.0', '4.1.0', '6.3.0' ],
16 silly audit   'locate-path': [ '6.0.0', '5.0.0', '7.2.0' ],
16 silly audit   'p-locate': [ '5.0.0', '4.1.0', '6.0.0' ],
16 silly audit   espree: [ '10.3.0', '9.6.1' ],
16 silly audit   esprima: [ '4.0.1' ],
16 silly audit   esquery: [ '1.6.0' ],
16 silly audit   esrecurse: [ '4.3.0' ],
16 silly audit   estraverse: [ '5.3.0', '4.3.0' ],
16 silly audit   'estree-walker': [ '2.0.2' ],
16 silly audit   esutils: [ '2.0.3' ],
16 silly audit   etag: [ '1.8.1' ],
16 silly audit   'event-target-shim': [ '5.0.1' ],
16 silly audit   eventemitter2: [ '6.4.7' ],
16 silly audit   eventemitter3: [ '4.0.7', '5.0.1' ],
16 silly audit   events: [ '3.3.0' ],
16 silly audit   eventsource: [ '2.0.2' ],
16 silly audit   exceljs: [ '4.4.0' ],
16 silly audit   executable: [ '4.1.1' ],
16 silly audit   exit: [ '0.1.2' ],
16 silly audit   'expand-template': [ '2.0.3' ],
16 silly audit   'expand-tilde': [ '2.0.2' ],
16 silly audit   expect: [ '29.7.0' ],
16 silly audit   'exponential-backoff': [ '3.1.1' ],
16 silly audit   express: [ '4.21.2' ],
16 silly audit   'ext-list': [ '2.2.2' ],
16 silly audit   'ext-name': [ '5.0.0' ],
16 silly audit   extend: [ '3.0.2' ],
16 silly audit   'external-editor': [ '3.1.0' ],
16 silly audit   tmp: [ '0.0.33', '0.0.30', '0.2.3' ],
16 silly audit   'extract-zip': [ '2.0.1' ],
16 silly audit   extsprintf: [ '1.3.0' ],
16 silly audit   'fast-csv': [ '4.3.6' ],
16 silly audit   'fast-deep-equal': [ '3.1.3' ],
16 silly audit   'fast-diff': [ '1.3.0' ],
16 silly audit   'fast-equals': [ '4.0.3' ],
16 silly audit   'fast-fifo': [ '1.3.2' ],
16 silly audit   'fast-glob': [ '3.3.3' ],
16 silly audit   'fast-json-patch': [ '3.1.1' ],
16 silly audit   'fast-json-stable-stringify': [ '2.1.0' ],
16 silly audit   'fast-levenshtein': [ '2.0.6' ],
16 silly audit   'fast-uri': [ '3.0.6' ],
16 silly audit   'fast-xml-parser': [ '4.5.1' ],
16 silly audit   fastq: [ '1.19.0' ],
16 silly audit   'faye-websocket': [ '0.11.4' ],
16 silly audit   'fb-watchman': [ '2.0.2' ],
16 silly audit   'fd-slicer': [ '1.1.0' ],
16 silly audit   fdir: [ '6.4.4' ],
16 silly audit   'fetch-cookie': [ '2.2.0' ],
16 silly audit   punycode: [ '2.3.1', '1.4.1' ],
16 silly audit   'tough-cookie': [ '4.1.4', '2.5.0', '5.1.2' ],
16 silly audit   universalify: [ '0.2.0', '0.1.2', '2.0.1' ],
16 silly audit   fflate: [ '0.8.2' ],
16 silly audit   figures: [ '3.2.0' ],
16 silly audit   'file-entry-cache': [ '8.0.0' ],
16 silly audit   'file-saver': [ '2.0.5' ],
16 silly audit   'file-type': [ '19.6.0' ],
16 silly audit   'is-stream': [ '4.0.1', '2.0.1' ],
16 silly audit   filelist: [ '1.0.4' ],
16 silly audit   'filename-reserved-regex': [ '3.0.0' ],
16 silly audit   filenamify: [ '6.0.0' ],
16 silly audit   'fill-range': [ '7.1.1' ],
16 silly audit   'find-cache-dir': [ '4.0.0', '3.3.2' ],
16 silly audit   'find-file-up': [ '2.0.1' ],
16 silly audit   'find-pkg': [ '2.0.0' ],
16 silly audit   'find-versions': [ '5.1.0' ],
16 silly audit   'flat-cache': [ '4.0.1' ],
16 silly audit   flatpickr: [ '4.6.13' ],
16 silly audit   flatted: [ '3.3.2' ],
16 silly audit   'follow-redirects': [ '1.15.9' ],
16 silly audit   'for-each': [ '0.3.4' ],
16 silly audit   'foreground-child': [ '3.3.0' ],
16 silly audit   'forever-agent': [ '0.6.1' ],
16 silly audit   'fork-ts-checker-webpack-plugin': [ '7.2.13' ],
16 silly audit   'fs-extra': [ '10.1.0', '9.1.0', '8.1.0' ],
16 silly audit   'schema-utils': [ '3.3.0', '4.3.0' ],
16 silly audit   'form-data': [ '4.0.1', '2.3.3' ],
16 silly audit   'form-data-encoder': [ '2.1.4' ],
16 silly audit   forwarded: [ '0.2.0' ],
16 silly audit   'fraction.js': [ '4.3.7' ],
16 silly audit   'franc-min': [ '6.2.0' ],
16 silly audit   fresh: [ '0.5.2' ],
16 silly audit   'front-matter': [ '4.0.2' ],
16 silly audit   'fs-constants': [ '1.0.0' ],
16 silly audit   'fs-minipass': [ '3.0.3', '2.1.0' ],
16 silly audit   'fs-monkey': [ '1.0.6' ],
16 silly audit   'fs.realpath': [ '1.0.0' ],
16 silly audit   fsevents: [ '2.3.3', '2.3.2' ],
16 silly audit   fstream: [ '1.0.12' ],
16 silly audit   'function-bind': [ '1.1.2' ],
16 silly audit   'function.prototype.name': [ '1.1.8' ],
16 silly audit   'functions-have-names': [ '1.2.3' ],
16 silly audit   gensync: [ '1.0.0-beta.2' ],
16 silly audit   'get-caller-file': [ '2.0.5' ],
16 silly audit   'get-east-asian-width': [ '1.3.0' ],
16 silly audit   'get-intrinsic': [ '1.2.7' ],
16 silly audit   'get-nonce': [ '1.0.1' ],
16 silly audit   'get-package-type': [ '0.1.0' ],
16 silly audit   'get-proto': [ '1.0.1' ],
16 silly audit   'get-symbol-description': [ '1.1.0' ],
16 silly audit   getos: [ '3.2.1' ],
16 silly audit   getpass: [ '0.1.7' ],
16 silly audit   'gettext-parser': [ '4.2.0' ],
16 silly audit   'github-from-package': [ '0.0.0' ],
16 silly audit   'glob-to-regexp': [ '0.4.1' ],
16 silly audit   'global-dirs': [ '3.0.1' ],
16 silly audit   ini: [ '2.0.0', '1.3.8', '5.0.0' ],
16 silly audit   'global-modules': [ '1.0.0' ],
16 silly audit   'global-prefix': [ '1.0.2' ],
16 silly audit   globalthis: [ '1.0.4' ],
16 silly audit   'path-type': [ '5.0.0', '4.0.0', '3.0.0' ],
16 silly audit   globs: [ '0.1.4' ],
16 silly audit   gopd: [ '1.2.0' ],
16 silly audit   got: [ '13.0.0' ],
16 silly audit   'graceful-fs': [ '4.2.11' ],
16 silly audit   'gradient-path': [ '2.3.0' ],
16 silly audit   graphemer: [ '1.4.0' ],
16 silly audit   'handle-thing': [ '2.0.1' ],
16 silly audit   'har-schema': [ '2.0.0' ],
16 silly audit   'har-validator': [ '5.1.5' ],
16 silly audit   'harmony-reflect': [ '1.6.2' ],
16 silly audit   'has-ansi': [ '2.0.0' ],
16 silly audit   'has-bigints': [ '1.1.0' ],
16 silly audit   'has-flag': [ '4.0.0', '3.0.0' ],
16 silly audit   'has-property-descriptors': [ '1.0.2' ],
16 silly audit   'has-proto': [ '1.2.0' ],
16 silly audit   'has-symbols': [ '1.1.0' ],
16 silly audit   'has-tostringtag': [ '1.0.2' ],
16 silly audit   hasown: [ '2.0.2' ],
16 silly audit   he: [ '1.2.0' ],
16 silly audit   'homedir-polyfill': [ '1.0.3' ],
16 silly audit   'hpack.js': [ '2.1.6' ],
16 silly audit   'html-encoding-sniffer': [ '3.0.0' ],
16 silly audit   'html-entities': [ '2.6.0' ],
16 silly audit   'html-escaper': [ '2.0.2' ],
16 silly audit   'html5-qrcode': [ '2.3.8' ],
16 silly audit   htmlparser2: [ '9.1.0' ],
16 silly audit   'http-assert': [ '1.5.0' ],
16 silly audit   'http-cache-semantics': [ '4.1.1' ],
16 silly audit   'http-deceiver': [ '1.2.7' ],
16 silly audit   'http-parser-js': [ '0.5.9' ],
16 silly audit   'http-proxy': [ '1.18.1' ],
16 silly audit   'http-proxy-agent': [ '7.0.2', '5.0.0' ],
16 silly audit   'http-server': [ '14.1.1' ],
16 silly audit   'http-signature': [ '1.4.0', '1.2.0' ],
16 silly audit   'http2-wrapper': [ '2.2.1' ],
16 silly audit   hyperdyperid: [ '1.2.0' ],
16 silly audit   iban: [ '0.0.14' ],
16 silly audit   'icss-utils': [ '5.1.0' ],
16 silly audit   'identity-obj-proxy': [ '3.0.0' ],
16 silly audit   ieee754: [ '1.2.1' ],
16 silly audit   'ignore-walk': [ '7.0.0' ],
16 silly audit   'image-size': [ '0.5.5' ],
16 silly audit   immediate: [ '3.0.6' ],
16 silly audit   immer: [ '9.0.21' ],
16 silly audit   immutable: [ '5.0.3' ],
16 silly audit   'import-fresh': [ '3.3.1' ],
16 silly audit   'resolve-from': [ '4.0.0', '5.0.0' ],
16 silly audit   'import-local': [ '3.2.0' ],
16 silly audit   'pkg-dir': [ '4.2.0', '7.0.0' ],
16 silly audit   imurmurhash: [ '0.1.4' ],
16 silly audit   'indent-string': [ '4.0.0' ],
16 silly audit   inferno: [ '7.4.11' ],
16 silly audit   'inferno-create-element': [ '7.4.11' ],
16 silly audit   'inferno-hydrate': [ '7.4.11' ],
16 silly audit   'inferno-server': [ '7.4.11' ],
16 silly audit   'inferno-shared': [ '7.4.11' ],
16 silly audit   'inferno-vnode-flags': [ '7.4.11' ],
16 silly audit   inflight: [ '1.0.6' ],
16 silly audit   inherits: [ '2.0.4', '2.0.3' ],
16 silly audit   'injection-js': [ '2.4.0' ],
16 silly audit   'inspect-with-kind': [ '1.0.5' ],
16 silly audit   'internal-slot': [ '1.1.0' ],
16 silly audit   'ip-address': [ '9.0.5' ],
16 silly audit   'is-array-buffer': [ '3.0.5' ],
16 silly audit   'is-arrayish': [ '0.2.1' ],
16 silly audit   'is-async-function': [ '2.1.1' ],
16 silly audit   'is-bigint': [ '1.1.0' ],
16 silly audit   'is-binary-path': [ '2.1.0' ],
16 silly audit   'is-boolean-object': [ '1.2.2' ],
16 silly audit   'is-callable': [ '1.2.7' ],
16 silly audit   'is-core-module': [ '2.16.1' ],
16 silly audit   'is-data-view': [ '1.0.2' ],
16 silly audit   'is-date-object': [ '1.1.0' ],
16 silly audit   'is-extglob': [ '2.1.1' ],
16 silly audit   'is-finalizationregistry': [ '1.1.1' ],
16 silly audit   'is-generator-fn': [ '2.1.0' ],
16 silly audit   'is-generator-function': [ '1.1.0' ],
16 silly audit   'is-glob': [ '4.0.3' ],
16 silly audit   'is-inside-container': [ '1.0.0' ],
16 silly audit   'is-installed-globally': [ '0.4.0' ],
16 silly audit   'is-interactive': [ '1.0.0' ],
16 silly audit   'is-map': [ '2.0.3' ],
16 silly audit   'is-network-error': [ '1.1.0' ],
16 silly audit   'is-number': [ '7.0.0' ],
16 silly audit   'is-number-object': [ '1.1.1' ],
16 silly audit   'is-path-cwd': [ '1.0.0' ],
16 silly audit   'is-path-in-cwd': [ '1.0.1' ],
16 silly audit   'is-path-inside': [ '1.0.1', '3.0.3' ],
16 silly audit   'is-potential-custom-element-name': [ '1.0.1' ],
16 silly audit   'is-regex': [ '1.2.1' ],
16 silly audit   'is-retry-allowed': [ '2.2.0' ],
16 silly audit   'is-set': [ '2.0.3' ],
16 silly audit   'is-shared-array-buffer': [ '1.0.4' ],
16 silly audit   'is-string': [ '1.1.1' ],
16 silly audit   'is-symbol': [ '1.1.1' ],
16 silly audit   'is-typed-array': [ '1.1.15' ],
16 silly audit   'is-typedarray': [ '1.0.0' ],
16 silly audit   'is-unicode-supported': [ '0.1.0' ],
16 silly audit   'is-weakmap': [ '2.0.2' ],
16 silly audit   'is-weakref': [ '1.1.1' ],
16 silly audit   'is-weakset': [ '2.0.4' ],
16 silly audit   'is-what': [ '3.14.1' ],
16 silly audit   'is-windows': [ '1.0.2' ],
16 silly audit   isbinaryfile: [ '4.0.10' ],
16 silly audit   isobject: [ '3.0.1' ],
16 silly audit   'isomorphic-rslog': [ '0.0.6' ],
16 silly audit   'isomorphic-ws': [ '5.0.0' ],
16 silly audit   isstream: [ '0.1.2' ],
16 silly audit   'istanbul-lib-coverage': [ '3.2.2', '2.0.5' ],
16 silly audit   'istanbul-lib-report': [ '3.0.1' ],
16 silly audit   'istanbul-lib-source-maps': [ '4.0.1', '3.0.6' ],
16 silly audit   'istanbul-reports': [ '3.1.7' ],
16 silly audit   jackspeak: [ '3.4.3' ],
16 silly audit   jake: [ '10.9.2' ],
16 silly audit   jasmine: [ '2.8.0' ],
16 silly audit   'jasmine-core': [ '4.1.1', '2.8.0' ],
16 silly audit   'jasmine-spec-reporter': [ '5.0.2' ],
16 silly audit   jasminewd2: [ '2.2.0' ],
16 silly audit   jest: [ '29.7.0' ],
16 silly audit   'jest-changed-files': [ '29.7.0' ],
16 silly audit   'jest-circus': [ '29.7.0' ],
16 silly audit   'jest-cli': [ '29.7.0' ],
16 silly audit   'jest-config': [ '29.7.0' ],
16 silly audit   'jest-diff': [ '29.7.0' ],
16 silly audit   'jest-docblock': [ '29.7.0' ],
16 silly audit   'jest-each': [ '29.7.0' ],
16 silly audit   'jest-environment-jsdom': [ '29.7.0' ],
16 silly audit   'jest-environment-node': [ '29.7.0' ],
16 silly audit   'jest-get-type': [ '29.6.3' ],
16 silly audit   'jest-haste-map': [ '29.7.0' ],
16 silly audit   'jest-junit': [ '16.0.0' ],
16 silly audit   'jest-leak-detector': [ '29.7.0' ],
16 silly audit   'jest-matcher-utils': [ '29.7.0' ],
16 silly audit   'jest-message-util': [ '29.7.0' ],
16 silly audit   'jest-mock': [ '29.7.0' ],
16 silly audit   'jest-pnp-resolver': [ '1.2.3' ],
16 silly audit   'jest-preset-angular': [ '14.4.2' ],
16 silly audit   'jest-regex-util': [ '29.6.3' ],
16 silly audit   'jest-resolve': [ '29.7.0' ],
16 silly audit   'jest-resolve-dependencies': [ '29.7.0' ],
16 silly audit   'jest-runner': [ '29.7.0' ],
16 silly audit   'jest-runtime': [ '29.7.0' ],
16 silly audit   'jest-snapshot': [ '29.7.0' ],
16 silly audit   'jest-util': [ '29.7.0' ],
16 silly audit   'jest-validate': [ '29.7.0' ],
16 silly audit   'jest-watcher': [ '29.7.0' ],
16 silly audit   'jest-worker': [ '29.7.0', '27.5.1' ],
16 silly audit   jiti: [ '1.21.7' ],
16 silly audit   'js-tokens': [ '4.0.0' ],
16 silly audit   'sprintf-js': [ '1.0.3', '1.1.3' ],
16 silly audit   jsdom: [ '20.0.3' ],
16 silly audit   saxes: [ '6.0.0', '5.0.1' ],
16 silly audit   jsesc: [ '3.1.0', '3.0.2' ],
16 silly audit   'json-buffer': [ '3.0.1' ],
16 silly audit   'json-parse-better-errors': [ '1.0.2' ],
16 silly audit   'json-parse-even-better-errors': [ '4.0.0', '2.3.1' ],
16 silly audit   'json-schema': [ '0.4.0' ],
16 silly audit   'json-stable-stringify-without-jsonify': [ '1.0.1' ],
16 silly audit   'json-stringify-safe': [ '5.0.1' ],
16 silly audit   json5: [ '2.2.3', '1.0.2' ],
16 silly audit   'jsonc-eslint-parser': [ '2.4.0' ],
16 silly audit   jsonfile: [ '6.1.0', '4.0.0' ],
16 silly audit   jsonparse: [ '1.3.1' ],
16 silly audit   jsonwebtoken: [ '9.0.2' ],
16 silly audit   jwa: [ '1.4.2', '2.0.1' ],
16 silly audit   jws: [ '3.2.2', '4.0.0' ],
16 silly audit   jsprim: [ '2.0.2', '1.4.2' ],
16 silly audit   jsqr: [ '1.4.0' ],
16 silly audit   jszip: [ '3.10.1' ],
16 silly audit   'jwt-decode': [ '3.1.2' ],
16 silly audit   karma: [ '6.4.4' ],
16 silly audit   'karma-chrome-launcher': [ '3.2.0' ],
16 silly audit   'karma-coverage-istanbul-reporter': [ '3.0.3' ],
16 silly audit   'karma-jasmine': [ '5.1.0' ],
16 silly audit   'karma-jasmine-html-reporter': [ '2.1.0' ],
16 silly audit   'karma-junit-reporter': [ '2.0.1' ],
16 silly audit   'karma-source-map-support': [ '1.4.0' ],
16 silly audit   'karma-spec-reporter': [ '0.0.36' ],
16 silly audit   'karma-verbose-reporter': [ '0.0.8' ],
16 silly audit   mime: [ '2.6.0', '1.6.0', '2.5.2' ],
16 silly audit   kdbush: [ '4.0.2' ],
16 silly audit   keygrip: [ '1.1.0' ],
16 silly audit   keyv: [ '4.5.4' ],
16 silly audit   'kind-of': [ '6.0.3' ],
16 silly audit   kleur: [ '3.0.3' ],
16 silly audit   klona: [ '2.0.6' ],
16 silly audit   knockout: [ '3.5.1' ],
16 silly audit   'koa-compose': [ '4.1.0' ],
16 silly audit   'koa-convert': [ '2.0.0' ],
16 silly audit   'launch-editor': [ '2.9.1' ],
16 silly audit   'lazy-ass': [ '1.6.0' ],
16 silly audit   lazystream: [ '1.0.1' ],
16 silly audit   leven: [ '3.1.0' ],
16 silly audit   levn: [ '0.4.1' ],
16 silly audit   'license-webpack-plugin': [ '4.0.2' ],
16 silly audit   lie: [ '3.3.0', '3.1.1' ],
16 silly audit   lilconfig: [ '3.1.3' ],
16 silly audit   'lines-and-columns': [ '2.0.3', '1.2.4' ],
16 silly audit   listenercount: [ '1.0.1' ],
16 silly audit   lmdb: [ '3.2.6' ],
16 silly audit   'load-json-file': [ '4.0.0' ],
16 silly audit   'parse-json': [ '4.0.0', '5.2.0' ],
16 silly audit   'strip-bom': [ '3.0.0', '4.0.0' ],
16 silly audit   'loader-runner': [ '4.3.0' ],
16 silly audit   localforage: [ '1.10.0' ],
16 silly audit   lodash: [ '4.17.21' ],
16 silly audit   'lodash-es': [ '4.17.21' ],
16 silly audit   'lodash.camelcase': [ '4.3.0' ],
16 silly audit   'lodash.clonedeep': [ '4.5.0' ],
16 silly audit   'lodash.clonedeepwith': [ '4.5.0' ],
16 silly audit   'lodash.debounce': [ '4.0.8' ],
16 silly audit   'lodash.defaults': [ '4.2.0' ],
16 silly audit   'lodash.difference': [ '4.5.0' ],
16 silly audit   'lodash.escaperegexp': [ '4.1.2' ],
16 silly audit   'lodash.flatten': [ '4.4.0' ],
16 silly audit   'lodash.groupby': [ '4.6.0' ],
16 silly audit   'lodash.includes': [ '4.3.0' ],
16 silly audit   'lodash.isboolean': [ '3.0.3' ],
16 silly audit   'lodash.isequal': [ '4.5.0' ],
16 silly audit   'lodash.isfunction': [ '3.0.9' ],
16 silly audit   'lodash.isinteger': [ '4.0.4' ],
16 silly audit   'lodash.isnil': [ '4.0.0' ],
16 silly audit   'lodash.isnumber': [ '3.0.3' ],
16 silly audit   'lodash.isplainobject': [ '4.0.6' ],
16 silly audit   'lodash.isstring': [ '4.0.1' ],
16 silly audit   'lodash.isundefined': [ '3.0.1' ],
16 silly audit   'lodash.memoize': [ '4.1.2' ],
16 silly audit   'lodash.merge': [ '4.6.2' ],
16 silly audit   'lodash.once': [ '4.1.1' ],
16 silly audit   'lodash.union': [ '4.6.0' ],
16 silly audit   'lodash.uniq': [ '4.5.0' ],
16 silly audit   'log-symbols': [ '4.1.0' ],
16 silly audit   onetime: [ '7.0.0', '5.1.2' ],
16 silly audit   'restore-cursor': [ '5.1.0', '3.1.0' ],
16 silly audit   log4js: [ '6.9.1' ],
16 silly audit   loglevel: [ '1.9.2' ],
16 silly audit   'loglevel-plugin-prefix': [ '0.8.4' ],
16 silly audit   long: [ '5.3.2' ],
16 silly audit   'long-timeout': [ '0.1.1' ],
16 silly audit   'loose-envify': [ '1.4.0' ],
16 silly audit   'lowercase-keys': [ '3.0.0' ],
16 silly audit   luxon: [ '3.5.0' ],
16 silly audit   'make-error': [ '1.3.6' ],
16 silly audit   'make-fetch-happen': [ '14.0.3' ],
16 silly audit   'make-plural': [ '7.4.0' ],
16 silly audit   makeerror: [ '1.0.12' ],
16 silly audit   'math-intrinsics': [ '1.1.0' ],
16 silly audit   'media-typer': [ '0.3.0' ],
16 silly audit   memfs: [ '3.6.0', '4.17.2', '4.17.0' ],
16 silly audit   'memory-fs': [ '0.5.0' ],
16 silly audit   memorystream: [ '0.3.1' ],
16 silly audit   'merge-descriptors': [ '1.0.3' ],
16 silly audit   'merge-stream': [ '2.0.0' ],
16 silly audit   merge2: [ '1.4.1' ],
16 silly audit   methods: [ '1.1.2' ],
16 silly audit   micromatch: [ '4.0.8' ],
16 silly audit   'mime-db': [ '1.53.0', '1.52.0' ],
16 silly audit   'mime-types': [ '2.1.35' ],
16 silly audit   'mimic-fn': [ '2.1.0' ],
16 silly audit   'mimic-function': [ '5.0.1' ],
16 silly audit   'minimalistic-assert': [ '1.0.1' ],
16 silly audit   minimist: [ '1.2.8' ],
16 silly audit   minipass: [ '7.1.2', '3.3.6', '5.0.0' ],
16 silly audit   'minipass-collect': [ '2.0.1' ],
16 silly audit   'minipass-fetch': [ '4.0.0' ],
16 silly audit   'minipass-flush': [ '1.0.5' ],
16 silly audit   'minipass-pipeline': [ '1.2.4' ],
16 silly audit   'minipass-sized': [ '1.0.3' ],
16 silly audit   minizlib: [ '3.0.1', '2.1.2' ],
16 silly audit   'mkdirp-classic': [ '0.5.3' ],
16 silly audit   moo: [ '0.5.2' ],
16 silly audit   mrmime: [ '2.0.1' ],
16 silly audit   msgpackr: [ '1.11.2' ],
16 silly audit   'msgpackr-extract': [ '3.0.3' ],
16 silly audit   'multicast-dns': [ '7.2.5' ],
16 silly audit   'n-gram': [ '2.0.2' ],
16 silly audit   'napi-build-utils': [ '2.0.0' ],
16 silly audit   'natural-compare': [ '1.4.0' ],
16 silly audit   needle: [ '3.3.1' ],
16 silly audit   'neo-async': [ '2.6.2' ],
16 silly audit   'ng-packagr': [ '19.2.0' ],
16 silly audit   'ng2-file-upload': [ '8.0.0' ],
16 silly audit   'ng2-material-dropdown': [ '1.0.0' ],
16 silly audit   'ng2-pdf-viewer': [ '10.4.0' ],
16 silly audit   canvas: [ '3.1.0' ],
16 silly audit   'pdfjs-dist': [ '4.8.69', '4.10.38' ],
16 silly audit   'ng2-pdfjs-viewer': [ '19.0.0' ],
16 silly audit   'ngrx-forms': [ '8.0.0' ],
16 silly audit   'ngrx-store-localstorage': [ '19.0.0' ],
16 silly audit   'ngx-chips': [ '3.0.0' ],
16 silly audit   'ngx-cookie-service': [ '19.1.0' ],
16 silly audit   'ngx-image-cropper': [ '9.1.1' ],
16 silly audit   'ngx-image2dataurl': [ '15.0.0' ],
16 silly audit   'ngx-quill': [ '27.0.0' ],
16 silly audit   'ngx-translate-messageformat-compiler': [ '7.1.0' ],
16 silly audit   'ngx-translate-multi-http-loader': [ '19.0.2' ],
16 silly audit   'nice-try': [ '1.0.5' ],
16 silly audit   'node-abi': [ '3.74.0' ],
16 silly audit   'node-abort-controller': [ '3.1.1' ],
16 silly audit   'node-fetch': [ '2.7.0' ],
16 silly audit   tr46: [ '0.0.3', '3.0.0' ],
16 silly audit   'webidl-conversions': [ '3.0.1', '7.0.0' ],
16 silly audit   'whatwg-url': [ '5.0.0', '11.0.0' ],
16 silly audit   'node-forge': [ '1.3.1' ],
16 silly audit   'node-gyp': [ '11.0.0' ],
16 silly audit   'node-gyp-build-optional-packages': [ '5.2.2' ],
16 silly audit   'node-int64': [ '0.4.0' ],
16 silly audit   'node-machine-id': [ '1.1.12' ],
16 silly audit   'node-releases': [ '2.0.19' ],
16 silly audit   'node-schedule': [ '2.1.1' ],
16 silly audit   nopt: [ '8.1.0' ],
16 silly audit   'normalize-package-data': [ '2.5.0' ],
16 silly audit   'normalize-path': [ '3.0.0' ],
16 silly audit   'normalize-range': [ '0.1.2' ],
16 silly audit   'normalize-url': [ '8.0.1' ],
16 silly audit   'npm-bundled': [ '4.0.0' ],
16 silly audit   'npm-install-checks': [ '7.1.1' ],
16 silly audit   'npm-normalize-package-bin': [ '4.0.0' ],
16 silly audit   'npm-packlist': [ '9.0.0' ],
16 silly audit   'npm-pick-manifest': [ '10.0.0' ],
16 silly audit   'npm-registry-fetch': [ '18.0.2' ],
16 silly audit   'npm-run-all': [ '4.1.5' ],
16 silly audit   'path-key': [ '2.0.1', '3.1.1' ],
16 silly audit   'shebang-command': [ '1.2.0', '2.0.0' ],
16 silly audit   'shebang-regex': [ '1.0.0', '3.0.0' ],
16 silly audit   'npm-run-path': [ '4.0.1' ],
16 silly audit   'nth-check': [ '2.1.1' ],
16 silly audit   numeral: [ '2.0.6' ],
16 silly audit   numfmt: [ '2.5.2' ],
16 silly audit   nwsapi: [ '2.2.16' ],
16 silly audit   'oauth-sign': [ '0.9.0' ],
16 silly audit   'object-assign': [ '4.1.1' ],
16 silly audit   'object-inspect': [ '1.13.4' ],
16 silly audit   'object-keys': [ '1.1.1' ],
16 silly audit   'object.assign': [ '4.1.7' ],
16 silly audit   obuf: [ '1.1.2' ],
16 silly audit   'oidc-client-ts': [ '2.2.4' ],
16 silly audit   'on-headers': [ '1.0.2' ],
16 silly audit   once: [ '1.4.0' ],
16 silly audit   only: [ '0.0.2' ],
16 silly audit   'opencollective-postinstall': [ '2.0.3' ],
16 silly audit   opener: [ '1.5.2' ],
16 silly audit   'opentype.js': [ '1.3.4' ],
16 silly audit   optionator: [ '0.9.4' ],
16 silly audit   'ordered-binary': [ '1.5.3' ],
16 silly audit   'os-tmpdir': [ '1.0.2' ],
16 silly audit   ospath: [ '1.2.2' ],
16 silly audit   'ot-json1': [ '1.0.2' ],
16 silly audit   'ot-text-unicode': [ '4.0.0' ],
16 silly audit   'own-keys': [ '1.0.1' ],
16 silly audit   'p-cancelable': [ '3.0.0' ],
16 silly audit   'p-limit': [ '3.1.0', '2.3.0', '4.0.0' ],
16 silly audit   'p-retry': [ '6.2.1' ],
16 silly audit   retry: [ '0.13.1', '0.12.0' ],
16 silly audit   'p-try': [ '2.2.0' ],
16 silly audit   'package-json-from-dist': [ '1.0.1' ],
16 silly audit   pacote: [ '20.0.0' ],
16 silly audit   parchment: [ '2.0.1', '3.0.0' ],
16 silly audit   'parent-module': [ '1.0.1' ],
16 silly audit   'parse-node-version': [ '1.0.1' ],
16 silly audit   'parse-passwd': [ '1.0.0' ],
16 silly audit   'parse5-html-rewriting-stream': [ '7.0.0' ],
16 silly audit   'parse5-sax-parser': [ '7.0.0' ],
16 silly audit   parseurl: [ '1.3.3' ],
16 silly audit   'path-exists': [ '4.0.0', '5.0.0' ],
16 silly audit   'path-is-absolute': [ '1.0.1' ],
16 silly audit   'path-is-inside': [ '1.0.2' ],
16 silly audit   'path-parse': [ '1.0.7' ],
16 silly audit   'path-scurry': [ '1.11.1' ],
16 silly audit   'path-to-regexp': [ '0.1.12' ],
16 silly audit   path2d: [ '0.2.2' ],
16 silly audit   'peek-readable': [ '5.4.2' ],
16 silly audit   pend: [ '1.2.0' ],
16 silly audit   'performance-now': [ '2.1.0' ],
16 silly audit   picocolors: [ '1.1.1' ],
16 silly audit   pidtree: [ '0.3.1' ],
16 silly audit   pinkie: [ '2.0.4' ],
16 silly audit   'pinkie-promise': [ '2.0.1' ],
16 silly audit   pirates: [ '4.0.6' ],
16 silly audit   piscina: [ '4.8.0' ],
16 silly audit   'yocto-queue': [ '1.1.1', '0.1.0' ],
16 silly audit   playwright: [ '1.52.0' ],
16 silly audit   'playwright-bdd': [ '8.2.1' ],
16 silly audit   xmlbuilder: [ '15.1.1', '11.0.1', '12.0.0' ],
16 silly audit   'playwright-core': [ '1.52.0' ],
16 silly audit   'popper.js': [ '1.16.1' ],
16 silly audit   portfinder: [ '1.0.32' ],
16 silly audit   'possible-typed-array-names': [ '1.0.0' ],
16 silly audit   'postcss-attribute-case-insensitive': [ '5.0.2' ],
16 silly audit   'postcss-calc': [ '9.0.1' ],
16 silly audit   'postcss-clamp': [ '4.1.0' ],
16 silly audit   'postcss-color-functional-notation': [ '4.2.4' ],
16 silly audit   'postcss-color-hex-alpha': [ '8.0.4' ],
16 silly audit   'postcss-color-rebeccapurple': [ '7.1.1' ],
16 silly audit   'postcss-colormin': [ '6.1.0' ],
16 silly audit   'postcss-convert-values': [ '6.1.0' ],
16 silly audit   'postcss-custom-media': [ '8.0.2' ],
16 silly audit   'postcss-custom-properties': [ '12.1.11' ],
16 silly audit   'postcss-custom-selectors': [ '6.0.3' ],
16 silly audit   'postcss-dir-pseudo-class': [ '6.0.5' ],
16 silly audit   'postcss-discard-comments': [ '6.0.2' ],
16 silly audit   'postcss-discard-duplicates': [ '6.0.3' ],
16 silly audit   'postcss-discard-empty': [ '6.0.3' ],
16 silly audit   'postcss-discard-overridden': [ '6.0.2' ],
16 silly audit   'postcss-double-position-gradients': [ '3.1.2' ],
16 silly audit   'postcss-env-function': [ '4.0.6' ],
16 silly audit   'postcss-focus-visible': [ '6.0.4' ],
16 silly audit   'postcss-focus-within': [ '5.0.4' ],
16 silly audit   'postcss-font-variant': [ '5.0.0' ],
16 silly audit   'postcss-gap-properties': [ '3.0.5' ],
16 silly audit   'postcss-image-set-function': [ '4.0.7' ],
16 silly audit   'postcss-import': [ '14.1.0' ],
16 silly audit   'postcss-initial': [ '4.0.1' ],
16 silly audit   'postcss-lab-function': [ '4.2.1' ],
16 silly audit   'postcss-logical': [ '5.0.4' ],
16 silly audit   'postcss-media-minmax': [ '5.0.0' ],
16 silly audit   'postcss-media-query-parser': [ '0.2.3' ],
16 silly audit   'postcss-merge-longhand': [ '6.0.5' ],
16 silly audit   'postcss-merge-rules': [ '6.1.1' ],
16 silly audit   'postcss-minify-font-values': [ '6.1.0' ],
16 silly audit   'postcss-minify-gradients': [ '6.0.3' ],
16 silly audit   'postcss-minify-params': [ '6.1.0' ],
16 silly audit   'postcss-minify-selectors': [ '6.0.4' ],
16 silly audit   'postcss-modules-extract-imports': [ '3.1.0' ],
16 silly audit   'postcss-modules-local-by-default': [ '4.2.0' ],
16 silly audit   'postcss-selector-parser': [ '7.0.0', '6.1.2' ],
16 silly audit   'postcss-modules-scope': [ '3.2.1' ],
16 silly audit   'postcss-modules-values': [ '4.0.0' ],
16 silly audit   'postcss-nesting': [ '10.2.0' ],
16 silly audit   'postcss-normalize-charset': [ '6.0.2' ],
16 silly audit   'postcss-normalize-display-values': [ '6.0.2' ],
16 silly audit   'postcss-normalize-positions': [ '6.0.2' ],
16 silly audit   'postcss-normalize-repeat-style': [ '6.0.2' ],
16 silly audit   'postcss-normalize-string': [ '6.0.2' ],
16 silly audit   'postcss-normalize-timing-functions': [ '6.0.2' ],
16 silly audit   'postcss-normalize-unicode': [ '6.1.0' ],
16 silly audit   'postcss-normalize-url': [ '6.0.2' ],
16 silly audit   'postcss-normalize-whitespace': [ '6.0.2' ],
16 silly audit   'postcss-opacity-percentage': [ '1.1.3' ],
16 silly audit   'postcss-ordered-values': [ '6.0.2' ],
16 silly audit   'postcss-overflow-shorthand': [ '3.0.4' ],
16 silly audit   'postcss-page-break': [ '3.0.4' ],
16 silly audit   'postcss-place': [ '7.0.5' ],
16 silly audit   'postcss-preset-env': [ '7.5.0' ],
16 silly audit   'postcss-pseudo-class-any-link': [ '7.1.6' ],
16 silly audit   'postcss-reduce-initial': [ '6.1.0' ],
16 silly audit   'postcss-reduce-transforms': [ '6.0.2' ],
16 silly audit   'postcss-replace-overflow-wrap': [ '4.0.0' ],
16 silly audit   'postcss-selector-not': [ '5.0.0' ],
16 silly audit   'postcss-svgo': [ '6.0.3' ],
16 silly audit   'postcss-unique-selectors': [ '6.0.4' ],
16 silly audit   'postcss-url': [ '10.1.3' ],
16 silly audit   'postcss-value-parser': [ '4.2.0' ],
16 silly audit   'prebuild-install': [ '7.1.3' ],
16 silly audit   'simple-get': [ '4.0.1' ],
16 silly audit   'prelude-ls': [ '1.2.1' ],
16 silly audit   prettier: [ '3.5.0' ],
16 silly audit   'prettier-plugin-gherkin': [ '3.1.2' ],
16 silly audit   'reflect-metadata': [ '0.1.13', '0.2.2' ],
16 silly audit   'pretty-bytes': [ '5.6.0' ],
16 silly audit   'pretty-format': [ '29.7.0' ],
16 silly audit   process: [ '0.11.10' ],
16 silly audit   'process-nextick-args': [ '2.0.1' ],
16 silly audit   'promise-inflight': [ '1.0.1' ],
16 silly audit   'promise-retry': [ '2.0.1' ],
16 silly audit   prompts: [ '2.4.2' ],
16 silly audit   'prop-types': [ '15.8.1' ],
16 silly audit   'react-is': [ '16.13.1', '18.3.1' ],
16 silly audit   protobufjs: [ '7.4.0' ],
16 silly audit   protractor: [ '7.0.0' ],
16 silly audit   y18n: [ '4.0.3', '5.0.8' ],
16 silly audit   'proxy-addr': [ '2.0.7' ],
16 silly audit   prr: [ '1.0.1' ],
16 silly audit   psl: [ '1.15.0' ],
16 silly audit   pump: [ '3.0.2' ],
16 silly audit   'pure-rand': [ '6.1.0' ],
16 silly audit   q: [ '1.4.1' ],
16 silly audit   qjobs: [ '1.2.0' ],
16 silly audit   querystringify: [ '2.2.0' ],
16 silly audit   'queue-microtask': [ '1.2.3' ],
16 silly audit   'quick-lru': [ '5.1.1' ],
16 silly audit   quickselect: [ '3.0.0' ],
16 silly audit   quill: [ '2.0.3' ],
16 silly audit   'quill-delta': [ '5.1.0' ],
16 silly audit   rambda: [ '9.4.2' ],
16 silly audit   randombytes: [ '2.1.0' ],
16 silly audit   'range-parser': [ '1.2.1' ],
16 silly audit   'raw-body': [ '2.5.2' ],
16 silly audit   rbush: [ '4.0.1' ],
16 silly audit   rc: [ '1.2.8' ],
16 silly audit   'rc-dropdown': [ '4.2.1' ],
16 silly audit   'rc-menu': [ '9.16.1' ],
16 silly audit   'rc-motion': [ '2.9.5' ],
16 silly audit   'rc-overflow': [ '1.4.1' ],
16 silly audit   'rc-picker': [ '4.11.3' ],
16 silly audit   'rc-resize-observer': [ '1.4.3' ],
16 silly audit   'rc-util': [ '5.44.4' ],
16 silly audit   'rc-virtual-list': [ '3.18.6' ],
16 silly audit   'strip-json-comments': [ '2.0.1', '3.1.1' ],
16 silly audit   react: [ '19.1.0' ],
16 silly audit   'react-dom': [ '19.1.0' ],
16 silly audit   'react-draggable': [ '4.4.6' ],
16 silly audit   'react-grid-layout': [ '1.5.1' ],
16 silly audit   'react-refresh': [ '0.17.0' ],
16 silly audit   'react-remove-scroll': [ '2.7.0' ],
16 silly audit   'react-remove-scroll-bar': [ '2.3.8' ],
16 silly audit   'react-resizable': [ '3.0.5' ],
16 silly audit   'react-style-singleton': [ '2.2.3' ],
16 silly audit   'react-transition-group': [ '4.4.5' ],
16 silly audit   'read-cache': [ '1.0.0' ],
16 silly audit   'read-pkg': [ '3.0.0' ],
16 silly audit   'readdir-glob': [ '1.1.3' ],
16 silly audit   'reflect.getprototypeof': [ '1.0.10' ],
16 silly audit   regenerate: [ '1.4.2' ],
16 silly audit   'regenerate-unicode-properties': [ '10.2.0' ],
16 silly audit   'regenerator-transform': [ '0.15.2' ],
16 silly audit   'regex-parser': [ '2.3.0' ],
16 silly audit   'regexp-match-indices': [ '1.0.2' ],
16 silly audit   'regexp-tree': [ '0.1.27' ],
16 silly audit   'regexp-util': [ '2.0.3' ],
16 silly audit   'regexp.prototype.flags': [ '1.5.4' ],
16 silly audit   'regexpu-core': [ '6.2.0' ],
16 silly audit   regjsgen: [ '0.8.0' ],
16 silly audit   regjsparser: [ '0.12.0' ],
16 silly audit   request: [ '2.88.2' ],
16 silly audit   'request-progress': [ '3.0.0' ],
16 silly audit   'require-directory': [ '2.1.1' ],
16 silly audit   'require-from-string': [ '2.0.2' ],
16 silly audit   'require-main-filename': [ '2.0.0' ],
16 silly audit   'requires-port': [ '1.0.0' ],
16 silly audit   'resize-observer-polyfill': [ '1.5.1' ],
16 silly audit   'resolve-alpn': [ '1.2.1' ],
16 silly audit   'resolve-cwd': [ '3.0.0' ],
16 silly audit   'resolve-dir': [ '1.0.1' ],
16 silly audit   'resolve-url-loader': [ '5.0.0' ],
16 silly audit   'resolve.exports': [ '2.0.3' ],
16 silly audit   responselike: [ '3.0.0' ],
16 silly audit   reusify: [ '1.0.4' ],
16 silly audit   rfdc: [ '1.4.1' ],
16 silly audit   rollup: [ '4.34.8' ],
16 silly audit   rrule: [ '2.8.1' ],
16 silly audit   rslog: [ '1.2.3' ],
16 silly audit   'run-applescript': [ '7.0.0' ],
16 silly audit   'run-parallel': [ '1.2.0' ],
16 silly audit   'safe-array-concat': [ '1.1.3' ],
16 silly audit   'safe-identifier': [ '0.4.2' ],
16 silly audit   'safe-push-apply': [ '1.0.0' ],
16 silly audit   'safe-regex-test': [ '1.1.0' ],
16 silly audit   'safer-buffer': [ '2.1.2' ],
16 silly audit   sass: [ '1.85.0' ],
16 silly audit   'sass-embedded': [ '1.86.0' ],
16 silly audit   'sass-embedded-android-arm': [ '1.86.0' ],
16 silly audit   'sass-embedded-android-arm64': [ '1.86.0' ],
16 silly audit   'sass-embedded-android-ia32': [ '1.86.0' ],
16 silly audit   'sass-embedded-android-riscv64': [ '1.86.0' ],
16 silly audit   'sass-embedded-android-x64': [ '1.86.0' ],
16 silly audit   'sass-embedded-darwin-arm64': [ '1.86.0' ],
16 silly audit   'sass-embedded-darwin-x64': [ '1.86.0' ],
16 silly audit   'sass-embedded-linux-arm': [ '1.86.0' ],
16 silly audit   'sass-embedded-linux-arm64': [ '1.86.0' ],
16 silly audit   'sass-embedded-linux-ia32': [ '1.86.0' ],
16 silly audit   'sass-embedded-linux-musl-arm': [ '1.86.0' ],
16 silly audit   'sass-embedded-linux-musl-arm64': [ '1.86.0' ],
16 silly audit   'sass-embedded-linux-musl-ia32': [ '1.86.0' ],
16 silly audit   'sass-embedded-linux-musl-riscv64': [ '1.86.0' ],
16 silly audit   'sass-embedded-linux-musl-x64': [ '1.86.0' ],
16 silly audit   'sass-embedded-linux-riscv64': [ '1.86.0' ],
16 silly audit   'sass-embedded-linux-x64': [ '1.86.0' ],
16 silly audit   'sass-embedded-win32-arm64': [ '1.86.0' ],
16 silly audit   'sass-embedded-win32-ia32': [ '1.86.0' ],
16 silly audit   'sass-embedded-win32-x64': [ '1.86.0' ],
16 silly audit   'sass-loader': [ '16.0.5' ],
16 silly audit   saucelabs: [ '1.5.0' ],
16 silly audit   sax: [ '1.4.1' ],
16 silly audit   scheduler: [ '0.26.0' ],
16 silly audit   'scss-bundle': [ '3.1.2' ],
16 silly audit   'secure-compare': [ '3.0.1' ],
16 silly audit   'seek-bzip': [ '2.0.0' ],
16 silly audit   'select-hose': [ '2.0.0' ],
16 silly audit   'selenium-webdriver': [ '3.6.0' ],
16 silly audit   selfsigned: [ '2.4.1' ],
16 silly audit   'semver-regex': [ '4.0.5' ],
16 silly audit   'semver-truncate': [ '3.0.0' ],
16 silly audit   send: [ '0.19.0' ],
16 silly audit   'serialize-javascript': [ '6.0.2' ],
16 silly audit   'serve-index': [ '1.9.1' ],
16 silly audit   setprototypeof: [ '1.1.0', '1.2.0' ],
16 silly audit   'serve-static': [ '1.16.2' ],
16 silly audit   'set-blocking': [ '2.0.0' ],
16 silly audit   'set-cookie-parser': [ '2.7.1' ],
16 silly audit   'set-function-length': [ '1.2.2' ],
16 silly audit   'set-function-name': [ '2.0.2' ],
16 silly audit   'set-proto': [ '1.0.0' ],
16 silly audit   setimmediate: [ '1.0.5' ],
16 silly audit   'shallow-clone': [ '3.0.1' ],
16 silly audit   'shell-quote': [ '1.8.2' ],
16 silly audit   'shepherd.js': [ '11.2.0' ],
16 silly audit   'side-channel': [ '1.1.0' ],
16 silly audit   'side-channel-list': [ '1.0.0' ],
16 silly audit   'side-channel-map': [ '1.0.1' ],
16 silly audit   'side-channel-weakmap': [ '1.0.2' ],
16 silly audit   sigstore: [ '3.1.0' ],
16 silly audit   'simple-concat': [ '1.0.1' ],
16 silly audit   sisteransi: [ '1.0.5' ],
16 silly audit   'smart-buffer': [ '4.2.0' ],
16 silly audit   'socket.io': [ '4.8.1' ],
16 silly audit   'socket.io-adapter': [ '2.5.5' ],
16 silly audit   'socket.io-parser': [ '4.2.4' ],
16 silly audit   sockjs: [ '0.3.24' ],
16 silly audit   socks: [ '2.8.3' ],
16 silly audit   'socks-proxy-agent': [ '8.0.5' ],
16 silly audit   sonner: [ '2.0.3' ],
16 silly audit   'sort-keys': [ '1.1.2' ],
16 silly audit   'sort-keys-length': [ '1.0.1' ],
16 silly audit   'sorted-array-functions': [ '1.3.0' ],
16 silly audit   'source-map-js': [ '1.2.1' ],
16 silly audit   'source-map-loader': [ '5.0.0' ],
16 silly audit   'spawn-command': [ '0.0.2' ],
16 silly audit   'spdx-correct': [ '3.2.0' ],
16 silly audit   'spdx-exceptions': [ '2.5.0' ],
16 silly audit   'spdx-expression-parse': [ '3.0.1' ],
16 silly audit   'spdx-license-ids': [ '3.0.21' ],
16 silly audit   spdy: [ '4.0.2' ],
16 silly audit   'spdy-transport': [ '3.0.0' ],
16 silly audit   sshpk: [ '1.18.0' ],
16 silly audit   ssri: [ '12.0.0' ],
16 silly audit   'stack-utils': [ '2.0.6' ],
16 silly audit   stackframe: [ '1.3.4' ],
16 silly audit   stoppable: [ '1.1.0' ],
16 silly audit   streamroller: [ '3.1.5' ],
16 silly audit   streamx: [ '2.22.0' ],
16 silly audit   'string-length': [ '4.0.2' ],
16 silly audit   'string.prototype.codepointat': [ '0.2.1' ],
16 silly audit   'string.prototype.padend': [ '3.1.6' ],
16 silly audit   'string.prototype.trim': [ '1.2.10' ],
16 silly audit   'string.prototype.trimend': [ '1.0.9' ],
16 silly audit   'string.prototype.trimstart': [ '1.0.8' ],
16 silly audit   'strip-dirs': [ '3.0.0' ],
16 silly audit   'strip-final-newline': [ '2.0.0' ],
16 silly audit   strnum: [ '1.0.5' ],
16 silly audit   strtok3: [ '9.1.1' ],
16 silly audit   'style-loader': [ '3.3.4' ],
16 silly audit   stylehacks: [ '6.1.1' ],
16 silly audit   stylus: [ '0.64.0' ],
16 silly audit   'stylus-loader': [ '7.1.3' ],
16 silly audit   subsink: [ '1.0.2' ],
16 silly audit   'supports-preserve-symlinks-flag': [ '1.0.0' ],
16 silly audit   svgo: [ '3.3.2' ],
16 silly audit   'symbol-observable': [ '4.0.0' ],
16 silly audit   'symbol-tree': [ '3.2.4' ],
16 silly audit   'sync-child-process': [ '1.0.2' ],
16 silly audit   'sync-message-port': [ '1.1.3' ],
16 silly audit   'tailwind-merge': [ '3.3.0' ],
16 silly audit   'tar-fs': [ '2.1.2' ],
16 silly audit   terser: [ '5.39.0' ],
16 silly audit   'terser-webpack-plugin': [ '5.3.11' ],
16 silly audit   'test-exclude': [ '6.0.0' ],
16 silly audit   'text-decoder': [ '1.2.3' ],
16 silly audit   thingies: [ '1.21.0' ],
16 silly audit   throttleit: [ '1.0.1' ],
16 silly audit   through: [ '2.3.8' ],
16 silly audit   thunky: [ '1.1.0' ],
16 silly audit   'tiny-inflate': [ '1.0.3' ],
16 silly audit   tinycolor2: [ '1.6.0' ],
16 silly audit   tinyglobby: [ '0.2.13' ],
16 silly audit   tinygradient: [ '1.1.5' ],
16 silly audit   tldts: [ '6.1.86' ],
16 silly audit   'tldts-core': [ '6.1.86' ],
16 silly audit   tmpl: [ '1.0.5' ],
16 silly audit   'to-regex-range': [ '5.0.1' ],
16 silly audit   toidentifier: [ '1.0.1' ],
16 silly audit   'token-types': [ '6.0.0' ],
16 silly audit   traverse: [ '0.3.9' ],
16 silly audit   'tree-dump': [ '1.0.2' ],
16 silly audit   'tree-kill': [ '1.2.2' ],
16 silly audit   'trigram-utils': [ '2.0.1' ],
16 silly audit   'ts-api-utils': [ '2.0.1' ],
16 silly audit   'ts-checker-rspack-plugin': [ '1.1.3' ],
16 silly audit   'ts-jest': [ '29.2.5' ],
16 silly audit   'ts-node': [ '10.9.1' ],
16 silly audit   tsconfig: [ '7.0.0' ],
16 silly audit   'tsconfig-paths': [ '4.2.0' ],
16 silly audit   'tsconfig-paths-webpack-plugin': [ '4.0.0' ],
16 silly audit   tsscmp: [ '1.0.6' ],
16 silly audit   'tuf-js': [ '3.0.1' ],
16 silly audit   'tunnel-agent': [ '0.6.0' ],
16 silly audit   tweetnacl: [ '0.14.5' ],
16 silly audit   'type-check': [ '0.4.0' ],
16 silly audit   'type-detect': [ '4.0.8' ],
16 silly audit   'type-fest': [ '0.21.3' ],
16 silly audit   'type-is': [ '1.6.18' ],
16 silly audit   'typed-array-buffer': [ '1.0.3' ],
16 silly audit   'typed-array-byte-length': [ '1.0.3' ],
16 silly audit   'typed-array-byte-offset': [ '1.0.4' ],
16 silly audit   'typed-array-length': [ '1.0.7' ],
16 silly audit   'typed-assert': [ '1.0.9' ],
16 silly audit   typescript: [ '5.7.3' ],
16 silly audit   'typescript-eslint': [ '8.23.0' ],
16 silly audit   'ua-parser-js': [ '0.7.40' ],
16 silly audit   'uint8array-extras': [ '1.4.0' ],
16 silly audit   'unbox-primitive': [ '1.1.0' ],
16 silly audit   'unbzip2-stream': [ '1.4.3' ],
16 silly audit   'undici-types': [ '6.20.0' ],
16 silly audit   'unicode-canonical-property-names-ecmascript': [ '2.0.1' ],
16 silly audit   'unicode-match-property-ecmascript': [ '2.0.0' ],
16 silly audit   'unicode-match-property-value-ecmascript': [ '2.2.0' ],
16 silly audit   'unicode-property-aliases-ecmascript': [ '2.1.0' ],
16 silly audit   'unicode-regex': [ '4.1.2' ],
16 silly audit   'unicorn-magic': [ '0.1.0' ],
16 silly audit   unicount: [ '1.1.0' ],
16 silly audit   union: [ '0.5.0' ],
16 silly audit   'unique-filename': [ '4.0.0' ],
16 silly audit   'unique-slug': [ '5.0.0' ],
16 silly audit   unpipe: [ '1.0.0' ],
16 silly audit   untildify: [ '4.0.0' ],
16 silly audit   unzipper: [ '0.10.14' ],
16 silly audit   upath: [ '2.0.1' ],
16 silly audit   'update-browserslist-db': [ '1.1.2' ],
16 silly audit   'uri-js': [ '4.4.1' ],
16 silly audit   'url-join': [ '4.0.1' ],
16 silly audit   'url-parse': [ '1.5.10' ],
16 silly audit   'use-callback-ref': [ '1.3.3' ],
16 silly audit   'use-sidecar': [ '1.1.3' ],
16 silly audit   'util-deprecate': [ '1.0.2' ],
16 silly audit   'utils-merge': [ '1.0.1' ],
16 silly audit   'v8-compile-cache-lib': [ '3.0.1' ],
16 silly audit   'v8-to-istanbul': [ '9.3.0' ],
16 silly audit   'validate-npm-package-license': [ '3.0.4' ],
16 silly audit   varint: [ '6.0.0' ],
16 silly audit   vary: [ '1.1.2' ],
16 silly audit   verror: [ '1.10.0' ],
16 silly audit   vite: [ '6.2.0' ],
16 silly audit   'void-elements': [ '2.0.1' ],
16 silly audit   vue: [ '3.5.14' ],
16 silly audit   'w3c-xmlserializer': [ '4.0.0' ],
16 silly audit   walker: [ '1.0.8' ],
16 silly audit   watchpack: [ '2.4.2' ],
16 silly audit   wbuf: [ '1.7.3' ],
16 silly audit   wcwidth: [ '1.0.1' ],
16 silly audit   'weak-lru-cache': [ '1.2.2' ],
16 silly audit   'webdriver-js-extender': [ '2.1.0' ],
16 silly audit   'webdriver-manager': [ '12.1.9' ],
16 silly audit   webpack: [ '5.98.0' ],
16 silly audit   'webpack-dev-middleware': [ '7.4.2' ],
16 silly audit   'webpack-node-externals': [ '3.0.0' ],
16 silly audit   'webpack-sources': [ '3.2.3' ],
16 silly audit   'webpack-subresource-integrity': [ '5.1.0' ],
16 silly audit   'websocket-driver': [ '0.7.4' ],
16 silly audit   'websocket-extensions': [ '0.1.4' ],
16 silly audit   'whatwg-encoding': [ '2.0.0' ],
16 silly audit   'whatwg-mimetype': [ '3.0.0' ],
16 silly audit   'which-boxed-primitive': [ '1.1.1' ],
16 silly audit   'which-builtin-type': [ '1.2.1' ],
16 silly audit   'which-collection': [ '1.0.2' ],
16 silly audit   'which-module': [ '2.0.1' ],
16 silly audit   'which-typed-array': [ '1.1.18' ],
16 silly audit   wildcard: [ '2.0.1' ],
16 silly audit   'word-wrap': [ '1.2.5' ],
16 silly audit   wrappy: [ '1.0.2' ],
16 silly audit   'write-file-atomic': [ '4.0.2' ],
16 silly audit   xml: [ '1.0.1' ],
16 silly audit   'xml-name-validator': [ '4.0.0' ],
16 silly audit   xml2js: [ '0.4.23' ],
16 silly audit   xmlchars: [ '2.2.0' ],
16 silly audit   xxhashjs: [ '0.2.2' ],
16 silly audit   ylru: [ '1.4.0' ],
16 silly audit   yn: [ '3.1.1' ],
16 silly audit   'yoctocolors-cjs': [ '2.1.2' ],
16 silly audit   'zip-stream': [ '4.1.1' ],
16 silly audit   'zone.js': [ '0.15.0' ]
16 silly audit }
17 verbose reify failed optional dependency /opt/Agents/testing-linux-docker-2-build4/_work/1/s/WebApps/node_modules/sass-embedded-win32-x64
18 silly reify mark deleted [
18 silly reify   '/opt/Agents/testing-linux-docker-2-build4/_work/1/s/WebApps/node_modules/sass-embedded-win32-x64'
18 silly reify ]
19 verbose reify failed optional dependency /opt/Agents/testing-linux-docker-2-build4/_work/1/s/WebApps/node_modules/sass-embedded-win32-ia32
20 silly reify mark deleted [
20 silly reify   '/opt/Agents/testing-linux-docker-2-build4/_work/1/s/WebApps/node_modules/sass-embedded-win32-ia32'
20 silly reify ]
21 verbose reify failed optional dependency /opt/Agents/testing-linux-docker-2-build4/_work/1/s/WebApps/node_modules/sass-embedded-win32-arm64
22 silly reify mark deleted [
22 silly reify   '/opt/Agents/testing-linux-docker-2-build4/_work/1/s/WebApps/node_modules/sass-embedded-win32-arm64'
22 silly reify ]
23 verbose reify failed optional dependency /opt/Agents/testing-linux-docker-2-build4/_work/1/s/WebApps/node_modules/sass-embedded-linux-riscv64
24 silly reify mark deleted [
24 silly reify   '/opt/Agents/testing-linux-docker-2-build4/_work/1/s/WebApps/node_modules/sass-embedded-linux-riscv64'
24 silly reify ]
25 verbose reify failed optional dependency /opt/Agents/testing-linux-docker-2-build4/_work/1/s/WebApps/node_modules/sass-embedded-linux-musl-riscv64
26 silly reify mark deleted [
26 silly reify   '/opt/Agents/testing-linux-docker-2-build4/_work/1/s/WebApps/node_modules/sass-embedded-linux-musl-riscv64'
26 silly reify ]
27 verbose reify failed optional dependency /opt/Agents/testing-linux-docker-2-build4/_work/1/s/WebApps/node_modules/sass-embedded-linux-musl-ia32
28 silly reify mark deleted [
28 silly reify   '/opt/Agents/testing-linux-docker-2-build4/_work/1/s/WebApps/node_modules/sass-embedded-linux-musl-ia32'
28 silly reify ]
29 verbose reify failed optional dependency /opt/Agents/testing-linux-docker-2-build4/_work/1/s/WebApps/node_modules/sass-embedded-linux-musl-arm64
30 silly reify mark deleted [
30 silly reify   '/opt/Agents/testing-linux-docker-2-build4/_work/1/s/WebApps/node_modules/sass-embedded-linux-musl-arm64'
30 silly reify ]
31 verbose reify failed optional dependency /opt/Agents/testing-linux-docker-2-build4/_work/1/s/WebApps/node_modules/sass-embedded-linux-musl-arm
32 silly reify mark deleted [
32 silly reify   '/opt/Agents/testing-linux-docker-2-build4/_work/1/s/WebApps/node_modules/sass-embedded-linux-musl-arm'
32 silly reify ]
33 verbose reify failed optional dependency /opt/Agents/testing-linux-docker-2-build4/_work/1/s/WebApps/node_modules/sass-embedded-linux-ia32
34 silly reify mark deleted [
34 silly reify   '/opt/Agents/testing-linux-docker-2-build4/_work/1/s/WebApps/node_modules/sass-embedded-linux-ia32'
34 silly reify ]
35 verbose reify failed optional dependency /opt/Agents/testing-linux-docker-2-build4/_work/1/s/WebApps/node_modules/sass-embedded-linux-arm64
36 silly reify mark deleted [
36 silly reify   '/opt/Agents/testing-linux-docker-2-build4/_work/1/s/WebApps/node_modules/sass-embedded-linux-arm64'
36 silly reify ]
37 verbose reify failed optional dependency /opt/Agents/testing-linux-docker-2-build4/_work/1/s/WebApps/node_modules/sass-embedded-linux-arm
38 silly reify mark deleted [
38 silly reify   '/opt/Agents/testing-linux-docker-2-build4/_work/1/s/WebApps/node_modules/sass-embedded-linux-arm'
38 silly reify ]
39 verbose reify failed optional dependency /opt/Agents/testing-linux-docker-2-build4/_work/1/s/WebApps/node_modules/sass-embedded-darwin-x64
40 silly reify mark deleted [
40 silly reify   '/opt/Agents/testing-linux-docker-2-build4/_work/1/s/WebApps/node_modules/sass-embedded-darwin-x64'
40 silly reify ]
41 verbose reify failed optional dependency /opt/Agents/testing-linux-docker-2-build4/_work/1/s/WebApps/node_modules/sass-embedded-darwin-arm64
42 silly reify mark deleted [
42 silly reify   '/opt/Agents/testing-linux-docker-2-build4/_work/1/s/WebApps/node_modules/sass-embedded-darwin-arm64'
42 silly reify ]
43 verbose reify failed optional dependency /opt/Agents/testing-linux-docker-2-build4/_work/1/s/WebApps/node_modules/sass-embedded-android-x64
44 silly reify mark deleted [
44 silly reify   '/opt/Agents/testing-linux-docker-2-build4/_work/1/s/WebApps/node_modules/sass-embedded-android-x64'
44 silly reify ]
45 verbose reify failed optional dependency /opt/Agents/testing-linux-docker-2-build4/_work/1/s/WebApps/node_modules/sass-embedded-android-riscv64
46 silly reify mark deleted [
46 silly reify   '/opt/Agents/testing-linux-docker-2-build4/_work/1/s/WebApps/node_modules/sass-embedded-android-riscv64'
46 silly reify ]
47 verbose reify failed optional dependency /opt/Agents/testing-linux-docker-2-build4/_work/1/s/WebApps/node_modules/sass-embedded-android-ia32
48 silly reify mark deleted [
48 silly reify   '/opt/Agents/testing-linux-docker-2-build4/_work/1/s/WebApps/node_modules/sass-embedded-android-ia32'
48 silly reify ]
49 verbose reify failed optional dependency /opt/Agents/testing-linux-docker-2-build4/_work/1/s/WebApps/node_modules/sass-embedded-android-arm64
50 silly reify mark deleted [
50 silly reify   '/opt/Agents/testing-linux-docker-2-build4/_work/1/s/WebApps/node_modules/sass-embedded-android-arm64'
50 silly reify ]
51 verbose reify failed optional dependency /opt/Agents/testing-linux-docker-2-build4/_work/1/s/WebApps/node_modules/sass-embedded-android-arm
52 silly reify mark deleted [
52 silly reify   '/opt/Agents/testing-linux-docker-2-build4/_work/1/s/WebApps/node_modules/sass-embedded-android-arm'
52 silly reify ]
53 verbose reify failed optional dependency /opt/Agents/testing-linux-docker-2-build4/_work/1/s/WebApps/node_modules/playwright/node_modules/fsevents
54 silly reify mark deleted [
54 silly reify   '/opt/Agents/testing-linux-docker-2-build4/_work/1/s/WebApps/node_modules/playwright/node_modules/fsevents'
54 silly reify ]
55 verbose reify failed optional dependency /opt/Agents/testing-linux-docker-2-build4/_work/1/s/WebApps/node_modules/fsevents
56 silly reify mark deleted [
56 silly reify   '/opt/Agents/testing-linux-docker-2-build4/_work/1/s/WebApps/node_modules/fsevents'
56 silly reify ]
57 verbose reify failed optional dependency /opt/Agents/testing-linux-docker-2-build4/_work/1/s/WebApps/node_modules/@swc/core-win32-x64-msvc
58 silly reify mark deleted [
58 silly reify   '/opt/Agents/testing-linux-docker-2-build4/_work/1/s/WebApps/node_modules/@swc/core-win32-x64-msvc'
58 silly reify ]
59 verbose reify failed optional dependency /opt/Agents/testing-linux-docker-2-build4/_work/1/s/WebApps/node_modules/@swc/core-win32-ia32-msvc
60 silly reify mark deleted [
60 silly reify   '/opt/Agents/testing-linux-docker-2-build4/_work/1/s/WebApps/node_modules/@swc/core-win32-ia32-msvc'
60 silly reify ]
61 verbose reify failed optional dependency /opt/Agents/testing-linux-docker-2-build4/_work/1/s/WebApps/node_modules/@swc/core-win32-arm64-msvc
62 silly reify mark deleted [
62 silly reify   '/opt/Agents/testing-linux-docker-2-build4/_work/1/s/WebApps/node_modules/@swc/core-win32-arm64-msvc'
62 silly reify ]
63 verbose reify failed optional dependency /opt/Agents/testing-linux-docker-2-build4/_work/1/s/WebApps/node_modules/@swc/core-linux-arm64-musl
64 silly reify mark deleted [
64 silly reify   '/opt/Agents/testing-linux-docker-2-build4/_work/1/s/WebApps/node_modules/@swc/core-linux-arm64-musl'
64 silly reify ]
65 verbose reify failed optional dependency /opt/Agents/testing-linux-docker-2-build4/_work/1/s/WebApps/node_modules/@swc/core-linux-arm64-gnu
66 silly reify mark deleted [
66 silly reify   '/opt/Agents/testing-linux-docker-2-build4/_work/1/s/WebApps/node_modules/@swc/core-linux-arm64-gnu'
66 silly reify ]
67 verbose reify failed optional dependency /opt/Agents/testing-linux-docker-2-build4/_work/1/s/WebApps/node_modules/@swc/core-linux-arm-gnueabihf
68 silly reify mark deleted [
68 silly reify   '/opt/Agents/testing-linux-docker-2-build4/_work/1/s/WebApps/node_modules/@swc/core-linux-arm-gnueabihf'
68 silly reify ]
69 verbose reify failed optional dependency /opt/Agents/testing-linux-docker-2-build4/_work/1/s/WebApps/node_modules/@swc/core-darwin-x64
70 silly reify mark deleted [
70 silly reify   '/opt/Agents/testing-linux-docker-2-build4/_work/1/s/WebApps/node_modules/@swc/core-darwin-x64'
70 silly reify ]
71 verbose reify failed optional dependency /opt/Agents/testing-linux-docker-2-build4/_work/1/s/WebApps/node_modules/@swc/core-darwin-arm64
72 silly reify mark deleted [
72 silly reify   '/opt/Agents/testing-linux-docker-2-build4/_work/1/s/WebApps/node_modules/@swc/core-darwin-arm64'
72 silly reify ]
73 verbose reify failed optional dependency /opt/Agents/testing-linux-docker-2-build4/_work/1/s/WebApps/node_modules/@rspack/binding-win32-x64-msvc
74 silly reify mark deleted [
74 silly reify   '/opt/Agents/testing-linux-docker-2-build4/_work/1/s/WebApps/node_modules/@rspack/binding-win32-x64-msvc'
74 silly reify ]
75 verbose reify failed optional dependency /opt/Agents/testing-linux-docker-2-build4/_work/1/s/WebApps/node_modules/@rspack/binding-win32-ia32-msvc
76 silly reify mark deleted [
76 silly reify   '/opt/Agents/testing-linux-docker-2-build4/_work/1/s/WebApps/node_modules/@rspack/binding-win32-ia32-msvc'
76 silly reify ]
77 verbose reify failed optional dependency /opt/Agents/testing-linux-docker-2-build4/_work/1/s/WebApps/node_modules/@rspack/binding-win32-arm64-msvc
78 silly reify mark deleted [
78 silly reify   '/opt/Agents/testing-linux-docker-2-build4/_work/1/s/WebApps/node_modules/@rspack/binding-win32-arm64-msvc'
78 silly reify ]
79 verbose reify failed optional dependency /opt/Agents/testing-linux-docker-2-build4/_work/1/s/WebApps/node_modules/@rspack/binding-linux-arm64-musl
80 silly reify mark deleted [
80 silly reify   '/opt/Agents/testing-linux-docker-2-build4/_work/1/s/WebApps/node_modules/@rspack/binding-linux-arm64-musl'
80 silly reify ]
81 verbose reify failed optional dependency /opt/Agents/testing-linux-docker-2-build4/_work/1/s/WebApps/node_modules/@rspack/binding-linux-arm64-gnu
82 silly reify mark deleted [
82 silly reify   '/opt/Agents/testing-linux-docker-2-build4/_work/1/s/WebApps/node_modules/@rspack/binding-linux-arm64-gnu'
82 silly reify ]
83 verbose reify failed optional dependency /opt/Agents/testing-linux-docker-2-build4/_work/1/s/WebApps/node_modules/@rspack/binding-darwin-x64
84 silly reify mark deleted [
84 silly reify   '/opt/Agents/testing-linux-docker-2-build4/_work/1/s/WebApps/node_modules/@rspack/binding-darwin-x64'
84 silly reify ]
85 verbose reify failed optional dependency /opt/Agents/testing-linux-docker-2-build4/_work/1/s/WebApps/node_modules/@rspack/binding-darwin-arm64
86 silly reify mark deleted [
86 silly reify   '/opt/Agents/testing-linux-docker-2-build4/_work/1/s/WebApps/node_modules/@rspack/binding-darwin-arm64'
86 silly reify ]
87 verbose reify failed optional dependency /opt/Agents/testing-linux-docker-2-build4/_work/1/s/WebApps/node_modules/@rollup/rollup-win32-x64-msvc
88 silly reify mark deleted [
88 silly reify   '/opt/Agents/testing-linux-docker-2-build4/_work/1/s/WebApps/node_modules/@rollup/rollup-win32-x64-msvc'
88 silly reify ]
89 verbose reify failed optional dependency /opt/Agents/testing-linux-docker-2-build4/_work/1/s/WebApps/node_modules/@rollup/rollup-win32-ia32-msvc
90 silly reify mark deleted [
90 silly reify   '/opt/Agents/testing-linux-docker-2-build4/_work/1/s/WebApps/node_modules/@rollup/rollup-win32-ia32-msvc'
90 silly reify ]
91 verbose reify failed optional dependency /opt/Agents/testing-linux-docker-2-build4/_work/1/s/WebApps/node_modules/@rollup/rollup-win32-arm64-msvc
92 silly reify mark deleted [
92 silly reify   '/opt/Agents/testing-linux-docker-2-build4/_work/1/s/WebApps/node_modules/@rollup/rollup-win32-arm64-msvc'
92 silly reify ]
93 verbose reify failed optional dependency /opt/Agents/testing-linux-docker-2-build4/_work/1/s/WebApps/node_modules/@rollup/rollup-linux-s390x-gnu
94 silly reify mark deleted [
94 silly reify   '/opt/Agents/testing-linux-docker-2-build4/_work/1/s/WebApps/node_modules/@rollup/rollup-linux-s390x-gnu'
94 silly reify ]
95 verbose reify failed optional dependency /opt/Agents/testing-linux-docker-2-build4/_work/1/s/WebApps/node_modules/@rollup/rollup-linux-riscv64-gnu
96 silly reify mark deleted [
96 silly reify   '/opt/Agents/testing-linux-docker-2-build4/_work/1/s/WebApps/node_modules/@rollup/rollup-linux-riscv64-gnu'
96 silly reify ]
97 verbose reify failed optional dependency /opt/Agents/testing-linux-docker-2-build4/_work/1/s/WebApps/node_modules/@rollup/rollup-linux-powerpc64le-gnu
98 silly reify mark deleted [
98 silly reify   '/opt/Agents/testing-linux-docker-2-build4/_work/1/s/WebApps/node_modules/@rollup/rollup-linux-powerpc64le-gnu'
98 silly reify ]
99 verbose reify failed optional dependency /opt/Agents/testing-linux-docker-2-build4/_work/1/s/WebApps/node_modules/@rollup/rollup-linux-loongarch64-gnu
100 silly reify mark deleted [
100 silly reify   '/opt/Agents/testing-linux-docker-2-build4/_work/1/s/WebApps/node_modules/@rollup/rollup-linux-loongarch64-gnu'
100 silly reify ]
101 verbose reify failed optional dependency /opt/Agents/testing-linux-docker-2-build4/_work/1/s/WebApps/node_modules/@rollup/rollup-linux-arm64-musl
102 silly reify mark deleted [
102 silly reify   '/opt/Agents/testing-linux-docker-2-build4/_work/1/s/WebApps/node_modules/@rollup/rollup-linux-arm64-musl'
102 silly reify ]
103 verbose reify failed optional dependency /opt/Agents/testing-linux-docker-2-build4/_work/1/s/WebApps/node_modules/@rollup/rollup-linux-arm64-gnu
104 silly reify mark deleted [
104 silly reify   '/opt/Agents/testing-linux-docker-2-build4/_work/1/s/WebApps/node_modules/@rollup/rollup-linux-arm64-gnu'
104 silly reify ]
105 verbose reify failed optional dependency /opt/Agents/testing-linux-docker-2-build4/_work/1/s/WebApps/node_modules/@rollup/rollup-linux-arm-musleabihf
106 silly reify mark deleted [
106 silly reify   '/opt/Agents/testing-linux-docker-2-build4/_work/1/s/WebApps/node_modules/@rollup/rollup-linux-arm-musleabihf'
106 silly reify ]
107 verbose reify failed optional dependency /opt/Agents/testing-linux-docker-2-build4/_work/1/s/WebApps/node_modules/@rollup/rollup-linux-arm-gnueabihf
108 silly reify mark deleted [
108 silly reify   '/opt/Agents/testing-linux-docker-2-build4/_work/1/s/WebApps/node_modules/@rollup/rollup-linux-arm-gnueabihf'
108 silly reify ]
109 verbose reify failed optional dependency /opt/Agents/testing-linux-docker-2-build4/_work/1/s/WebApps/node_modules/@rollup/rollup-freebsd-x64
110 silly reify mark deleted [
110 silly reify   '/opt/Agents/testing-linux-docker-2-build4/_work/1/s/WebApps/node_modules/@rollup/rollup-freebsd-x64'
110 silly reify ]
111 verbose reify failed optional dependency /opt/Agents/testing-linux-docker-2-build4/_work/1/s/WebApps/node_modules/@rollup/rollup-freebsd-arm64
112 silly reify mark deleted [
112 silly reify   '/opt/Agents/testing-linux-docker-2-build4/_work/1/s/WebApps/node_modules/@rollup/rollup-freebsd-arm64'
112 silly reify ]
113 verbose reify failed optional dependency /opt/Agents/testing-linux-docker-2-build4/_work/1/s/WebApps/node_modules/@rollup/rollup-darwin-x64
114 silly reify mark deleted [
114 silly reify   '/opt/Agents/testing-linux-docker-2-build4/_work/1/s/WebApps/node_modules/@rollup/rollup-darwin-x64'
114 silly reify ]
115 verbose reify failed optional dependency /opt/Agents/testing-linux-docker-2-build4/_work/1/s/WebApps/node_modules/@rollup/rollup-darwin-arm64
116 silly reify mark deleted [
116 silly reify   '/opt/Agents/testing-linux-docker-2-build4/_work/1/s/WebApps/node_modules/@rollup/rollup-darwin-arm64'
116 silly reify ]
117 verbose reify failed optional dependency /opt/Agents/testing-linux-docker-2-build4/_work/1/s/WebApps/node_modules/@rollup/rollup-android-arm64
118 silly reify mark deleted [
118 silly reify   '/opt/Agents/testing-linux-docker-2-build4/_work/1/s/WebApps/node_modules/@rollup/rollup-android-arm64'
118 silly reify ]
119 verbose reify failed optional dependency /opt/Agents/testing-linux-docker-2-build4/_work/1/s/WebApps/node_modules/@rollup/rollup-android-arm-eabi
120 silly reify mark deleted [
120 silly reify   '/opt/Agents/testing-linux-docker-2-build4/_work/1/s/WebApps/node_modules/@rollup/rollup-android-arm-eabi'
120 silly reify ]
121 verbose reify failed optional dependency /opt/Agents/testing-linux-docker-2-build4/_work/1/s/WebApps/node_modules/@parcel/watcher-win32-x64
122 silly reify mark deleted [
122 silly reify   '/opt/Agents/testing-linux-docker-2-build4/_work/1/s/WebApps/node_modules/@parcel/watcher-win32-x64'
122 silly reify ]
123 verbose reify failed optional dependency /opt/Agents/testing-linux-docker-2-build4/_work/1/s/WebApps/node_modules/@parcel/watcher-win32-ia32
124 silly reify mark deleted [
124 silly reify   '/opt/Agents/testing-linux-docker-2-build4/_work/1/s/WebApps/node_modules/@parcel/watcher-win32-ia32'
124 silly reify ]
125 verbose reify failed optional dependency /opt/Agents/testing-linux-docker-2-build4/_work/1/s/WebApps/node_modules/@parcel/watcher-win32-arm64
126 silly reify mark deleted [
126 silly reify   '/opt/Agents/testing-linux-docker-2-build4/_work/1/s/WebApps/node_modules/@parcel/watcher-win32-arm64'
126 silly reify ]
127 verbose reify failed optional dependency /opt/Agents/testing-linux-docker-2-build4/_work/1/s/WebApps/node_modules/@parcel/watcher-linux-arm64-musl
128 silly reify mark deleted [
128 silly reify   '/opt/Agents/testing-linux-docker-2-build4/_work/1/s/WebApps/node_modules/@parcel/watcher-linux-arm64-musl'
128 silly reify ]
129 verbose reify failed optional dependency /opt/Agents/testing-linux-docker-2-build4/_work/1/s/WebApps/node_modules/@parcel/watcher-linux-arm64-glibc
130 silly reify mark deleted [
130 silly reify   '/opt/Agents/testing-linux-docker-2-build4/_work/1/s/WebApps/node_modules/@parcel/watcher-linux-arm64-glibc'
130 silly reify ]
131 verbose reify failed optional dependency /opt/Agents/testing-linux-docker-2-build4/_work/1/s/WebApps/node_modules/@parcel/watcher-linux-arm-musl
132 silly reify mark deleted [
132 silly reify   '/opt/Agents/testing-linux-docker-2-build4/_work/1/s/WebApps/node_modules/@parcel/watcher-linux-arm-musl'
132 silly reify ]
133 verbose reify failed optional dependency /opt/Agents/testing-linux-docker-2-build4/_work/1/s/WebApps/node_modules/@parcel/watcher-linux-arm-glibc
134 silly reify mark deleted [
134 silly reify   '/opt/Agents/testing-linux-docker-2-build4/_work/1/s/WebApps/node_modules/@parcel/watcher-linux-arm-glibc'
134 silly reify ]
135 verbose reify failed optional dependency /opt/Agents/testing-linux-docker-2-build4/_work/1/s/WebApps/node_modules/@parcel/watcher-freebsd-x64
136 silly reify mark deleted [
136 silly reify   '/opt/Agents/testing-linux-docker-2-build4/_work/1/s/WebApps/node_modules/@parcel/watcher-freebsd-x64'
136 silly reify ]
137 verbose reify failed optional dependency /opt/Agents/testing-linux-docker-2-build4/_work/1/s/WebApps/node_modules/@parcel/watcher-darwin-x64
138 silly reify mark deleted [
138 silly reify   '/opt/Agents/testing-linux-docker-2-build4/_work/1/s/WebApps/node_modules/@parcel/watcher-darwin-x64'
138 silly reify ]
139 verbose reify failed optional dependency /opt/Agents/testing-linux-docker-2-build4/_work/1/s/WebApps/node_modules/@parcel/watcher-darwin-arm64
140 silly reify mark deleted [
140 silly reify   '/opt/Agents/testing-linux-docker-2-build4/_work/1/s/WebApps/node_modules/@parcel/watcher-darwin-arm64'
140 silly reify ]
141 verbose reify failed optional dependency /opt/Agents/testing-linux-docker-2-build4/_work/1/s/WebApps/node_modules/@parcel/watcher-android-arm64
142 silly reify mark deleted [
142 silly reify   '/opt/Agents/testing-linux-docker-2-build4/_work/1/s/WebApps/node_modules/@parcel/watcher-android-arm64'
142 silly reify ]
143 verbose reify failed optional dependency /opt/Agents/testing-linux-docker-2-build4/_work/1/s/WebApps/node_modules/@nx/nx-win32-x64-msvc
144 silly reify mark deleted [
144 silly reify   '/opt/Agents/testing-linux-docker-2-build4/_work/1/s/WebApps/node_modules/@nx/nx-win32-x64-msvc'
144 silly reify ]
145 verbose reify failed optional dependency /opt/Agents/testing-linux-docker-2-build4/_work/1/s/WebApps/node_modules/@nx/nx-win32-arm64-msvc
146 silly reify mark deleted [
146 silly reify   '/opt/Agents/testing-linux-docker-2-build4/_work/1/s/WebApps/node_modules/@nx/nx-win32-arm64-msvc'
146 silly reify ]
147 verbose reify failed optional dependency /opt/Agents/testing-linux-docker-2-build4/_work/1/s/WebApps/node_modules/@nx/nx-linux-arm64-musl
148 silly reify mark deleted [
148 silly reify   '/opt/Agents/testing-linux-docker-2-build4/_work/1/s/WebApps/node_modules/@nx/nx-linux-arm64-musl'
148 silly reify ]
149 verbose reify failed optional dependency /opt/Agents/testing-linux-docker-2-build4/_work/1/s/WebApps/node_modules/@nx/nx-linux-arm64-gnu
150 silly reify mark deleted [
150 silly reify   '/opt/Agents/testing-linux-docker-2-build4/_work/1/s/WebApps/node_modules/@nx/nx-linux-arm64-gnu'
150 silly reify ]
151 verbose reify failed optional dependency /opt/Agents/testing-linux-docker-2-build4/_work/1/s/WebApps/node_modules/@nx/nx-linux-arm-gnueabihf
152 silly reify mark deleted [
152 silly reify   '/opt/Agents/testing-linux-docker-2-build4/_work/1/s/WebApps/node_modules/@nx/nx-linux-arm-gnueabihf'
152 silly reify ]
153 verbose reify failed optional dependency /opt/Agents/testing-linux-docker-2-build4/_work/1/s/WebApps/node_modules/@nx/nx-freebsd-x64
154 silly reify mark deleted [
154 silly reify   '/opt/Agents/testing-linux-docker-2-build4/_work/1/s/WebApps/node_modules/@nx/nx-freebsd-x64'
154 silly reify ]
155 verbose reify failed optional dependency /opt/Agents/testing-linux-docker-2-build4/_work/1/s/WebApps/node_modules/@nx/nx-darwin-x64
156 silly reify mark deleted [
156 silly reify   '/opt/Agents/testing-linux-docker-2-build4/_work/1/s/WebApps/node_modules/@nx/nx-darwin-x64'
156 silly reify ]
157 verbose reify failed optional dependency /opt/Agents/testing-linux-docker-2-build4/_work/1/s/WebApps/node_modules/@nx/nx-darwin-arm64
158 silly reify mark deleted [
158 silly reify   '/opt/Agents/testing-linux-docker-2-build4/_work/1/s/WebApps/node_modules/@nx/nx-darwin-arm64'
158 silly reify ]
159 verbose reify failed optional dependency /opt/Agents/testing-linux-docker-2-build4/_work/1/s/WebApps/node_modules/@nx/key-win32-x64-msvc
160 silly reify mark deleted [
160 silly reify   '/opt/Agents/testing-linux-docker-2-build4/_work/1/s/WebApps/node_modules/@nx/key-win32-x64-msvc'
160 silly reify ]
161 verbose reify failed optional dependency /opt/Agents/testing-linux-docker-2-build4/_work/1/s/WebApps/node_modules/@nx/key-win32-arm64-msvc
162 silly reify mark deleted [
162 silly reify   '/opt/Agents/testing-linux-docker-2-build4/_work/1/s/WebApps/node_modules/@nx/key-win32-arm64-msvc'
162 silly reify ]
163 verbose reify failed optional dependency /opt/Agents/testing-linux-docker-2-build4/_work/1/s/WebApps/node_modules/@nx/key-linux-arm64-musl
164 silly reify mark deleted [
164 silly reify   '/opt/Agents/testing-linux-docker-2-build4/_work/1/s/WebApps/node_modules/@nx/key-linux-arm64-musl'
164 silly reify ]
165 verbose reify failed optional dependency /opt/Agents/testing-linux-docker-2-build4/_work/1/s/WebApps/node_modules/@nx/key-linux-arm64-gnu
166 silly reify mark deleted [
166 silly reify   '/opt/Agents/testing-linux-docker-2-build4/_work/1/s/WebApps/node_modules/@nx/key-linux-arm64-gnu'
166 silly reify ]
167 verbose reify failed optional dependency /opt/Agents/testing-linux-docker-2-build4/_work/1/s/WebApps/node_modules/@nx/key-linux-arm-gnueabihf
168 silly reify mark deleted [
168 silly reify   '/opt/Agents/testing-linux-docker-2-build4/_work/1/s/WebApps/node_modules/@nx/key-linux-arm-gnueabihf'
168 silly reify ]
169 verbose reify failed optional dependency /opt/Agents/testing-linux-docker-2-build4/_work/1/s/WebApps/node_modules/@nx/key-darwin-x64
170 silly reify mark deleted [
170 silly reify   '/opt/Agents/testing-linux-docker-2-build4/_work/1/s/WebApps/node_modules/@nx/key-darwin-x64'
170 silly reify ]
171 verbose reify failed optional dependency /opt/Agents/testing-linux-docker-2-build4/_work/1/s/WebApps/node_modules/@nx/key-darwin-arm64
172 silly reify mark deleted [
172 silly reify   '/opt/Agents/testing-linux-docker-2-build4/_work/1/s/WebApps/node_modules/@nx/key-darwin-arm64'
172 silly reify ]
173 verbose reify failed optional dependency /opt/Agents/testing-linux-docker-2-build4/_work/1/s/WebApps/node_modules/@nx/azure-cache/node_modules/@nx/nx-win32-x64-msvc
174 silly reify mark deleted [
174 silly reify   '/opt/Agents/testing-linux-docker-2-build4/_work/1/s/WebApps/node_modules/@nx/azure-cache/node_modules/@nx/nx-win32-x64-msvc'
174 silly reify ]
175 verbose reify failed optional dependency /opt/Agents/testing-linux-docker-2-build4/_work/1/s/WebApps/node_modules/@nx/azure-cache/node_modules/@nx/nx-win32-arm64-msvc
176 silly reify mark deleted [
176 silly reify   '/opt/Agents/testing-linux-docker-2-build4/_work/1/s/WebApps/node_modules/@nx/azure-cache/node_modules/@nx/nx-win32-arm64-msvc'
176 silly reify ]
177 verbose reify failed optional dependency /opt/Agents/testing-linux-docker-2-build4/_work/1/s/WebApps/node_modules/@nx/azure-cache/node_modules/@nx/nx-linux-arm64-musl
178 silly reify mark deleted [
178 silly reify   '/opt/Agents/testing-linux-docker-2-build4/_work/1/s/WebApps/node_modules/@nx/azure-cache/node_modules/@nx/nx-linux-arm64-musl'
178 silly reify ]
179 verbose reify failed optional dependency /opt/Agents/testing-linux-docker-2-build4/_work/1/s/WebApps/node_modules/@nx/azure-cache/node_modules/@nx/nx-linux-arm64-gnu
180 silly reify mark deleted [
180 silly reify   '/opt/Agents/testing-linux-docker-2-build4/_work/1/s/WebApps/node_modules/@nx/azure-cache/node_modules/@nx/nx-linux-arm64-gnu'
180 silly reify ]
181 verbose reify failed optional dependency /opt/Agents/testing-linux-docker-2-build4/_work/1/s/WebApps/node_modules/@nx/azure-cache/node_modules/@nx/nx-linux-arm-gnueabihf
182 silly reify mark deleted [
182 silly reify   '/opt/Agents/testing-linux-docker-2-build4/_work/1/s/WebApps/node_modules/@nx/azure-cache/node_modules/@nx/nx-linux-arm-gnueabihf'
182 silly reify ]
183 verbose reify failed optional dependency /opt/Agents/testing-linux-docker-2-build4/_work/1/s/WebApps/node_modules/@nx/azure-cache/node_modules/@nx/nx-freebsd-x64
184 silly reify mark deleted [
184 silly reify   '/opt/Agents/testing-linux-docker-2-build4/_work/1/s/WebApps/node_modules/@nx/azure-cache/node_modules/@nx/nx-freebsd-x64'
184 silly reify ]
185 verbose reify failed optional dependency /opt/Agents/testing-linux-docker-2-build4/_work/1/s/WebApps/node_modules/@nx/azure-cache/node_modules/@nx/nx-darwin-x64
186 silly reify mark deleted [
186 silly reify   '/opt/Agents/testing-linux-docker-2-build4/_work/1/s/WebApps/node_modules/@nx/azure-cache/node_modules/@nx/nx-darwin-x64'
186 silly reify ]
187 verbose reify failed optional dependency /opt/Agents/testing-linux-docker-2-build4/_work/1/s/WebApps/node_modules/@nx/azure-cache/node_modules/@nx/nx-darwin-arm64
188 silly reify mark deleted [
188 silly reify   '/opt/Agents/testing-linux-docker-2-build4/_work/1/s/WebApps/node_modules/@nx/azure-cache/node_modules/@nx/nx-darwin-arm64'
188 silly reify ]
189 verbose reify failed optional dependency /opt/Agents/testing-linux-docker-2-build4/_work/1/s/WebApps/node_modules/@napi-rs/nice-win32-x64-msvc
190 silly reify mark deleted [
190 silly reify   '/opt/Agents/testing-linux-docker-2-build4/_work/1/s/WebApps/node_modules/@napi-rs/nice-win32-x64-msvc'
190 silly reify ]
191 verbose reify failed optional dependency /opt/Agents/testing-linux-docker-2-build4/_work/1/s/WebApps/node_modules/@napi-rs/nice-win32-ia32-msvc
192 silly reify mark deleted [
192 silly reify   '/opt/Agents/testing-linux-docker-2-build4/_work/1/s/WebApps/node_modules/@napi-rs/nice-win32-ia32-msvc'
192 silly reify ]
193 verbose reify failed optional dependency /opt/Agents/testing-linux-docker-2-build4/_work/1/s/WebApps/node_modules/@napi-rs/nice-win32-arm64-msvc
194 silly reify mark deleted [
194 silly reify   '/opt/Agents/testing-linux-docker-2-build4/_work/1/s/WebApps/node_modules/@napi-rs/nice-win32-arm64-msvc'
194 silly reify ]
195 verbose reify failed optional dependency /opt/Agents/testing-linux-docker-2-build4/_work/1/s/WebApps/node_modules/@napi-rs/nice-linux-s390x-gnu
196 silly reify mark deleted [
196 silly reify   '/opt/Agents/testing-linux-docker-2-build4/_work/1/s/WebApps/node_modules/@napi-rs/nice-linux-s390x-gnu'
196 silly reify ]
197 verbose reify failed optional dependency /opt/Agents/testing-linux-docker-2-build4/_work/1/s/WebApps/node_modules/@napi-rs/nice-linux-riscv64-gnu
198 silly reify mark deleted [
198 silly reify   '/opt/Agents/testing-linux-docker-2-build4/_work/1/s/WebApps/node_modules/@napi-rs/nice-linux-riscv64-gnu'
198 silly reify ]
199 verbose reify failed optional dependency /opt/Agents/testing-linux-docker-2-build4/_work/1/s/WebApps/node_modules/@napi-rs/nice-linux-ppc64-gnu
200 silly reify mark deleted [
200 silly reify   '/opt/Agents/testing-linux-docker-2-build4/_work/1/s/WebApps/node_modules/@napi-rs/nice-linux-ppc64-gnu'
200 silly reify ]
201 verbose reify failed optional dependency /opt/Agents/testing-linux-docker-2-build4/_work/1/s/WebApps/node_modules/@napi-rs/nice-linux-arm64-musl
202 silly reify mark deleted [
202 silly reify   '/opt/Agents/testing-linux-docker-2-build4/_work/1/s/WebApps/node_modules/@napi-rs/nice-linux-arm64-musl'
202 silly reify ]
203 verbose reify failed optional dependency /opt/Agents/testing-linux-docker-2-build4/_work/1/s/WebApps/node_modules/@napi-rs/nice-linux-arm64-gnu
204 silly reify mark deleted [
204 silly reify   '/opt/Agents/testing-linux-docker-2-build4/_work/1/s/WebApps/node_modules/@napi-rs/nice-linux-arm64-gnu'
204 silly reify ]
205 verbose reify failed optional dependency /opt/Agents/testing-linux-docker-2-build4/_work/1/s/WebApps/node_modules/@napi-rs/nice-linux-arm-gnueabihf
206 silly reify mark deleted [
206 silly reify   '/opt/Agents/testing-linux-docker-2-build4/_work/1/s/WebApps/node_modules/@napi-rs/nice-linux-arm-gnueabihf'
206 silly reify ]
207 verbose reify failed optional dependency /opt/Agents/testing-linux-docker-2-build4/_work/1/s/WebApps/node_modules/@napi-rs/nice-freebsd-x64
208 silly reify mark deleted [
208 silly reify   '/opt/Agents/testing-linux-docker-2-build4/_work/1/s/WebApps/node_modules/@napi-rs/nice-freebsd-x64'
208 silly reify ]
209 verbose reify failed optional dependency /opt/Agents/testing-linux-docker-2-build4/_work/1/s/WebApps/node_modules/@napi-rs/nice-darwin-x64
210 silly reify mark deleted [
210 silly reify   '/opt/Agents/testing-linux-docker-2-build4/_work/1/s/WebApps/node_modules/@napi-rs/nice-darwin-x64'
210 silly reify ]
211 verbose reify failed optional dependency /opt/Agents/testing-linux-docker-2-build4/_work/1/s/WebApps/node_modules/@napi-rs/nice-darwin-arm64
212 silly reify mark deleted [
212 silly reify   '/opt/Agents/testing-linux-docker-2-build4/_work/1/s/WebApps/node_modules/@napi-rs/nice-darwin-arm64'
212 silly reify ]
213 verbose reify failed optional dependency /opt/Agents/testing-linux-docker-2-build4/_work/1/s/WebApps/node_modules/@napi-rs/nice-android-arm64
214 silly reify mark deleted [
214 silly reify   '/opt/Agents/testing-linux-docker-2-build4/_work/1/s/WebApps/node_modules/@napi-rs/nice-android-arm64'
214 silly reify ]
215 verbose reify failed optional dependency /opt/Agents/testing-linux-docker-2-build4/_work/1/s/WebApps/node_modules/@napi-rs/nice-android-arm-eabi
216 silly reify mark deleted [
216 silly reify   '/opt/Agents/testing-linux-docker-2-build4/_work/1/s/WebApps/node_modules/@napi-rs/nice-android-arm-eabi'
216 silly reify ]
217 verbose reify failed optional dependency /opt/Agents/testing-linux-docker-2-build4/_work/1/s/WebApps/node_modules/@napi-rs/canvas-win32-x64-msvc
218 silly reify mark deleted [
218 silly reify   '/opt/Agents/testing-linux-docker-2-build4/_work/1/s/WebApps/node_modules/@napi-rs/canvas-win32-x64-msvc'
218 silly reify ]
219 verbose reify failed optional dependency /opt/Agents/testing-linux-docker-2-build4/_work/1/s/WebApps/node_modules/@napi-rs/canvas-linux-riscv64-gnu
220 silly reify mark deleted [
220 silly reify   '/opt/Agents/testing-linux-docker-2-build4/_work/1/s/WebApps/node_modules/@napi-rs/canvas-linux-riscv64-gnu'
220 silly reify ]
221 verbose reify failed optional dependency /opt/Agents/testing-linux-docker-2-build4/_work/1/s/WebApps/node_modules/@napi-rs/canvas-linux-arm64-musl
222 silly reify mark deleted [
222 silly reify   '/opt/Agents/testing-linux-docker-2-build4/_work/1/s/WebApps/node_modules/@napi-rs/canvas-linux-arm64-musl'
222 silly reify ]
223 verbose reify failed optional dependency /opt/Agents/testing-linux-docker-2-build4/_work/1/s/WebApps/node_modules/@napi-rs/canvas-linux-arm64-gnu
224 silly reify mark deleted [
224 silly reify   '/opt/Agents/testing-linux-docker-2-build4/_work/1/s/WebApps/node_modules/@napi-rs/canvas-linux-arm64-gnu'
224 silly reify ]
225 verbose reify failed optional dependency /opt/Agents/testing-linux-docker-2-build4/_work/1/s/WebApps/node_modules/@napi-rs/canvas-linux-arm-gnueabihf
226 silly reify mark deleted [
226 silly reify   '/opt/Agents/testing-linux-docker-2-build4/_work/1/s/WebApps/node_modules/@napi-rs/canvas-linux-arm-gnueabihf'
226 silly reify ]
227 verbose reify failed optional dependency /opt/Agents/testing-linux-docker-2-build4/_work/1/s/WebApps/node_modules/@napi-rs/canvas-darwin-x64
228 silly reify mark deleted [
228 silly reify   '/opt/Agents/testing-linux-docker-2-build4/_work/1/s/WebApps/node_modules/@napi-rs/canvas-darwin-x64'
228 silly reify ]
229 verbose reify failed optional dependency /opt/Agents/testing-linux-docker-2-build4/_work/1/s/WebApps/node_modules/@napi-rs/canvas-darwin-arm64
230 silly reify mark deleted [
230 silly reify   '/opt/Agents/testing-linux-docker-2-build4/_work/1/s/WebApps/node_modules/@napi-rs/canvas-darwin-arm64'
230 silly reify ]
231 verbose reify failed optional dependency /opt/Agents/testing-linux-docker-2-build4/_work/1/s/WebApps/node_modules/@napi-rs/canvas-android-arm64
232 silly reify mark deleted [
232 silly reify   '/opt/Agents/testing-linux-docker-2-build4/_work/1/s/WebApps/node_modules/@napi-rs/canvas-android-arm64'
232 silly reify ]
233 verbose reify failed optional dependency /opt/Agents/testing-linux-docker-2-build4/_work/1/s/WebApps/node_modules/@msgpackr-extract/msgpackr-extract-win32-x64
234 silly reify mark deleted [
234 silly reify   '/opt/Agents/testing-linux-docker-2-build4/_work/1/s/WebApps/node_modules/@msgpackr-extract/msgpackr-extract-win32-x64'
234 silly reify ]
235 verbose reify failed optional dependency /opt/Agents/testing-linux-docker-2-build4/_work/1/s/WebApps/node_modules/@msgpackr-extract/msgpackr-extract-linux-arm64
236 silly reify mark deleted [
236 silly reify   '/opt/Agents/testing-linux-docker-2-build4/_work/1/s/WebApps/node_modules/@msgpackr-extract/msgpackr-extract-linux-arm64'
236 silly reify ]
237 verbose reify failed optional dependency /opt/Agents/testing-linux-docker-2-build4/_work/1/s/WebApps/node_modules/@msgpackr-extract/msgpackr-extract-linux-arm
238 silly reify mark deleted [
238 silly reify   '/opt/Agents/testing-linux-docker-2-build4/_work/1/s/WebApps/node_modules/@msgpackr-extract/msgpackr-extract-linux-arm'
238 silly reify ]
239 verbose reify failed optional dependency /opt/Agents/testing-linux-docker-2-build4/_work/1/s/WebApps/node_modules/@msgpackr-extract/msgpackr-extract-darwin-x64
240 silly reify mark deleted [
240 silly reify   '/opt/Agents/testing-linux-docker-2-build4/_work/1/s/WebApps/node_modules/@msgpackr-extract/msgpackr-extract-darwin-x64'
240 silly reify ]
241 verbose reify failed optional dependency /opt/Agents/testing-linux-docker-2-build4/_work/1/s/WebApps/node_modules/@msgpackr-extract/msgpackr-extract-darwin-arm64
242 silly reify mark deleted [
242 silly reify   '/opt/Agents/testing-linux-docker-2-build4/_work/1/s/WebApps/node_modules/@msgpackr-extract/msgpackr-extract-darwin-arm64'
242 silly reify ]
243 verbose reify failed optional dependency /opt/Agents/testing-linux-docker-2-build4/_work/1/s/WebApps/node_modules/@modern-js/node-bundle-require/node_modules/@esbuild/win32-x64
244 silly reify mark deleted [
244 silly reify   '/opt/Agents/testing-linux-docker-2-build4/_work/1/s/WebApps/node_modules/@modern-js/node-bundle-require/node_modules/@esbuild/win32-x64'
244 silly reify ]
245 verbose reify failed optional dependency /opt/Agents/testing-linux-docker-2-build4/_work/1/s/WebApps/node_modules/@modern-js/node-bundle-require/node_modules/@esbuild/win32-ia32
246 silly reify mark deleted [
246 silly reify   '/opt/Agents/testing-linux-docker-2-build4/_work/1/s/WebApps/node_modules/@modern-js/node-bundle-require/node_modules/@esbuild/win32-ia32'
246 silly reify ]
247 verbose reify failed optional dependency /opt/Agents/testing-linux-docker-2-build4/_work/1/s/WebApps/node_modules/@modern-js/node-bundle-require/node_modules/@esbuild/win32-arm64
248 silly reify mark deleted [
248 silly reify   '/opt/Agents/testing-linux-docker-2-build4/_work/1/s/WebApps/node_modules/@modern-js/node-bundle-require/node_modules/@esbuild/win32-arm64'
248 silly reify ]
249 verbose reify failed optional dependency /opt/Agents/testing-linux-docker-2-build4/_work/1/s/WebApps/node_modules/@modern-js/node-bundle-require/node_modules/@esbuild/sunos-x64
250 silly reify mark deleted [
250 silly reify   '/opt/Agents/testing-linux-docker-2-build4/_work/1/s/WebApps/node_modules/@modern-js/node-bundle-require/node_modules/@esbuild/sunos-x64'
250 silly reify ]
251 verbose reify failed optional dependency /opt/Agents/testing-linux-docker-2-build4/_work/1/s/WebApps/node_modules/@modern-js/node-bundle-require/node_modules/@esbuild/openbsd-x64
252 silly reify mark deleted [
252 silly reify   '/opt/Agents/testing-linux-docker-2-build4/_work/1/s/WebApps/node_modules/@modern-js/node-bundle-require/node_modules/@esbuild/openbsd-x64'
252 silly reify ]
253 verbose reify failed optional dependency /opt/Agents/testing-linux-docker-2-build4/_work/1/s/WebApps/node_modules/@modern-js/node-bundle-require/node_modules/@esbuild/netbsd-x64
254 silly reify mark deleted [
254 silly reify   '/opt/Agents/testing-linux-docker-2-build4/_work/1/s/WebApps/node_modules/@modern-js/node-bundle-require/node_modules/@esbuild/netbsd-x64'
254 silly reify ]
255 verbose reify failed optional dependency /opt/Agents/testing-linux-docker-2-build4/_work/1/s/WebApps/node_modules/@modern-js/node-bundle-require/node_modules/@esbuild/linux-s390x
256 silly reify mark deleted [
256 silly reify   '/opt/Agents/testing-linux-docker-2-build4/_work/1/s/WebApps/node_modules/@modern-js/node-bundle-require/node_modules/@esbuild/linux-s390x'
256 silly reify ]
257 verbose reify failed optional dependency /opt/Agents/testing-linux-docker-2-build4/_work/1/s/WebApps/node_modules/@modern-js/node-bundle-require/node_modules/@esbuild/linux-riscv64
258 silly reify mark deleted [
258 silly reify   '/opt/Agents/testing-linux-docker-2-build4/_work/1/s/WebApps/node_modules/@modern-js/node-bundle-require/node_modules/@esbuild/linux-riscv64'
258 silly reify ]
259 verbose reify failed optional dependency /opt/Agents/testing-linux-docker-2-build4/_work/1/s/WebApps/node_modules/@modern-js/node-bundle-require/node_modules/@esbuild/linux-ppc64
260 silly reify mark deleted [
260 silly reify   '/opt/Agents/testing-linux-docker-2-build4/_work/1/s/WebApps/node_modules/@modern-js/node-bundle-require/node_modules/@esbuild/linux-ppc64'
260 silly reify ]
261 verbose reify failed optional dependency /opt/Agents/testing-linux-docker-2-build4/_work/1/s/WebApps/node_modules/@modern-js/node-bundle-require/node_modules/@esbuild/linux-mips64el
262 silly reify mark deleted [
262 silly reify   '/opt/Agents/testing-linux-docker-2-build4/_work/1/s/WebApps/node_modules/@modern-js/node-bundle-require/node_modules/@esbuild/linux-mips64el'
262 silly reify ]
263 verbose reify failed optional dependency /opt/Agents/testing-linux-docker-2-build4/_work/1/s/WebApps/node_modules/@modern-js/node-bundle-require/node_modules/@esbuild/linux-loong64
264 silly reify mark deleted [
264 silly reify   '/opt/Agents/testing-linux-docker-2-build4/_work/1/s/WebApps/node_modules/@modern-js/node-bundle-require/node_modules/@esbuild/linux-loong64'
264 silly reify ]
265 verbose reify failed optional dependency /opt/Agents/testing-linux-docker-2-build4/_work/1/s/WebApps/node_modules/@modern-js/node-bundle-require/node_modules/@esbuild/linux-ia32
266 silly reify mark deleted [
266 silly reify   '/opt/Agents/testing-linux-docker-2-build4/_work/1/s/WebApps/node_modules/@modern-js/node-bundle-require/node_modules/@esbuild/linux-ia32'
266 silly reify ]
267 verbose reify failed optional dependency /opt/Agents/testing-linux-docker-2-build4/_work/1/s/WebApps/node_modules/@modern-js/node-bundle-require/node_modules/@esbuild/linux-arm64
268 silly reify mark deleted [
268 silly reify   '/opt/Agents/testing-linux-docker-2-build4/_work/1/s/WebApps/node_modules/@modern-js/node-bundle-require/node_modules/@esbuild/linux-arm64'
268 silly reify ]
269 verbose reify failed optional dependency /opt/Agents/testing-linux-docker-2-build4/_work/1/s/WebApps/node_modules/@modern-js/node-bundle-require/node_modules/@esbuild/linux-arm
270 silly reify mark deleted [
270 silly reify   '/opt/Agents/testing-linux-docker-2-build4/_work/1/s/WebApps/node_modules/@modern-js/node-bundle-require/node_modules/@esbuild/linux-arm'
270 silly reify ]
271 verbose reify failed optional dependency /opt/Agents/testing-linux-docker-2-build4/_work/1/s/WebApps/node_modules/@modern-js/node-bundle-require/node_modules/@esbuild/freebsd-x64
272 silly reify mark deleted [
272 silly reify   '/opt/Agents/testing-linux-docker-2-build4/_work/1/s/WebApps/node_modules/@modern-js/node-bundle-require/node_modules/@esbuild/freebsd-x64'
272 silly reify ]
273 verbose reify failed optional dependency /opt/Agents/testing-linux-docker-2-build4/_work/1/s/WebApps/node_modules/@modern-js/node-bundle-require/node_modules/@esbuild/freebsd-arm64
274 silly reify mark deleted [
274 silly reify   '/opt/Agents/testing-linux-docker-2-build4/_work/1/s/WebApps/node_modules/@modern-js/node-bundle-require/node_modules/@esbuild/freebsd-arm64'
274 silly reify ]
275 verbose reify failed optional dependency /opt/Agents/testing-linux-docker-2-build4/_work/1/s/WebApps/node_modules/@modern-js/node-bundle-require/node_modules/@esbuild/darwin-x64
276 silly reify mark deleted [
276 silly reify   '/opt/Agents/testing-linux-docker-2-build4/_work/1/s/WebApps/node_modules/@modern-js/node-bundle-require/node_modules/@esbuild/darwin-x64'
276 silly reify ]
277 verbose reify failed optional dependency /opt/Agents/testing-linux-docker-2-build4/_work/1/s/WebApps/node_modules/@modern-js/node-bundle-require/node_modules/@esbuild/darwin-arm64
278 silly reify mark deleted [
278 silly reify   '/opt/Agents/testing-linux-docker-2-build4/_work/1/s/WebApps/node_modules/@modern-js/node-bundle-require/node_modules/@esbuild/darwin-arm64'
278 silly reify ]
279 verbose reify failed optional dependency /opt/Agents/testing-linux-docker-2-build4/_work/1/s/WebApps/node_modules/@modern-js/node-bundle-require/node_modules/@esbuild/android-x64
280 silly reify mark deleted [
280 silly reify   '/opt/Agents/testing-linux-docker-2-build4/_work/1/s/WebApps/node_modules/@modern-js/node-bundle-require/node_modules/@esbuild/android-x64'
280 silly reify ]
281 verbose reify failed optional dependency /opt/Agents/testing-linux-docker-2-build4/_work/1/s/WebApps/node_modules/@modern-js/node-bundle-require/node_modules/@esbuild/android-arm64
282 silly reify mark deleted [
282 silly reify   '/opt/Agents/testing-linux-docker-2-build4/_work/1/s/WebApps/node_modules/@modern-js/node-bundle-require/node_modules/@esbuild/android-arm64'
282 silly reify ]
283 verbose reify failed optional dependency /opt/Agents/testing-linux-docker-2-build4/_work/1/s/WebApps/node_modules/@modern-js/node-bundle-require/node_modules/@esbuild/android-arm
284 silly reify mark deleted [
284 silly reify   '/opt/Agents/testing-linux-docker-2-build4/_work/1/s/WebApps/node_modules/@modern-js/node-bundle-require/node_modules/@esbuild/android-arm'
284 silly reify ]
285 verbose reify failed optional dependency /opt/Agents/testing-linux-docker-2-build4/_work/1/s/WebApps/node_modules/@lmdb/lmdb-win32-x64
286 silly reify mark deleted [
286 silly reify   '/opt/Agents/testing-linux-docker-2-build4/_work/1/s/WebApps/node_modules/@lmdb/lmdb-win32-x64'
286 silly reify ]
287 verbose reify failed optional dependency /opt/Agents/testing-linux-docker-2-build4/_work/1/s/WebApps/node_modules/@lmdb/lmdb-linux-arm64
288 silly reify mark deleted [
288 silly reify   '/opt/Agents/testing-linux-docker-2-build4/_work/1/s/WebApps/node_modules/@lmdb/lmdb-linux-arm64'
288 silly reify ]
289 verbose reify failed optional dependency /opt/Agents/testing-linux-docker-2-build4/_work/1/s/WebApps/node_modules/@lmdb/lmdb-linux-arm
290 silly reify mark deleted [
290 silly reify   '/opt/Agents/testing-linux-docker-2-build4/_work/1/s/WebApps/node_modules/@lmdb/lmdb-linux-arm'
290 silly reify ]
291 verbose reify failed optional dependency /opt/Agents/testing-linux-docker-2-build4/_work/1/s/WebApps/node_modules/@lmdb/lmdb-darwin-x64
292 silly reify mark deleted [
292 silly reify   '/opt/Agents/testing-linux-docker-2-build4/_work/1/s/WebApps/node_modules/@lmdb/lmdb-darwin-x64'
292 silly reify ]
293 verbose reify failed optional dependency /opt/Agents/testing-linux-docker-2-build4/_work/1/s/WebApps/node_modules/@lmdb/lmdb-darwin-arm64
294 silly reify mark deleted [
294 silly reify   '/opt/Agents/testing-linux-docker-2-build4/_work/1/s/WebApps/node_modules/@lmdb/lmdb-darwin-arm64'
294 silly reify ]
295 verbose reify failed optional dependency /opt/Agents/testing-linux-docker-2-build4/_work/1/s/WebApps/node_modules/@esbuild/win32-x64
296 silly reify mark deleted [
296 silly reify   '/opt/Agents/testing-linux-docker-2-build4/_work/1/s/WebApps/node_modules/@esbuild/win32-x64'
296 silly reify ]
297 verbose reify failed optional dependency /opt/Agents/testing-linux-docker-2-build4/_work/1/s/WebApps/node_modules/@esbuild/win32-ia32
298 silly reify mark deleted [
298 silly reify   '/opt/Agents/testing-linux-docker-2-build4/_work/1/s/WebApps/node_modules/@esbuild/win32-ia32'
298 silly reify ]
299 verbose reify failed optional dependency /opt/Agents/testing-linux-docker-2-build4/_work/1/s/WebApps/node_modules/@esbuild/win32-arm64
300 silly reify mark deleted [
300 silly reify   '/opt/Agents/testing-linux-docker-2-build4/_work/1/s/WebApps/node_modules/@esbuild/win32-arm64'
300 silly reify ]
301 verbose reify failed optional dependency /opt/Agents/testing-linux-docker-2-build4/_work/1/s/WebApps/node_modules/@esbuild/sunos-x64
302 silly reify mark deleted [
302 silly reify   '/opt/Agents/testing-linux-docker-2-build4/_work/1/s/WebApps/node_modules/@esbuild/sunos-x64'
302 silly reify ]
303 verbose reify failed optional dependency /opt/Agents/testing-linux-docker-2-build4/_work/1/s/WebApps/node_modules/@esbuild/openbsd-x64
304 silly reify mark deleted [
304 silly reify   '/opt/Agents/testing-linux-docker-2-build4/_work/1/s/WebApps/node_modules/@esbuild/openbsd-x64'
304 silly reify ]
305 verbose reify failed optional dependency /opt/Agents/testing-linux-docker-2-build4/_work/1/s/WebApps/node_modules/@esbuild/openbsd-arm64
306 silly reify mark deleted [
306 silly reify   '/opt/Agents/testing-linux-docker-2-build4/_work/1/s/WebApps/node_modules/@esbuild/openbsd-arm64'
306 silly reify ]
307 verbose reify failed optional dependency /opt/Agents/testing-linux-docker-2-build4/_work/1/s/WebApps/node_modules/@esbuild/netbsd-x64
308 silly reify mark deleted [
308 silly reify   '/opt/Agents/testing-linux-docker-2-build4/_work/1/s/WebApps/node_modules/@esbuild/netbsd-x64'
308 silly reify ]
309 verbose reify failed optional dependency /opt/Agents/testing-linux-docker-2-build4/_work/1/s/WebApps/node_modules/@esbuild/netbsd-arm64
310 silly reify mark deleted [
310 silly reify   '/opt/Agents/testing-linux-docker-2-build4/_work/1/s/WebApps/node_modules/@esbuild/netbsd-arm64'
310 silly reify ]
311 verbose reify failed optional dependency /opt/Agents/testing-linux-docker-2-build4/_work/1/s/WebApps/node_modules/@esbuild/linux-s390x
312 silly reify mark deleted [
312 silly reify   '/opt/Agents/testing-linux-docker-2-build4/_work/1/s/WebApps/node_modules/@esbuild/linux-s390x'
312 silly reify ]
313 verbose reify failed optional dependency /opt/Agents/testing-linux-docker-2-build4/_work/1/s/WebApps/node_modules/@esbuild/linux-riscv64
314 silly reify mark deleted [
314 silly reify   '/opt/Agents/testing-linux-docker-2-build4/_work/1/s/WebApps/node_modules/@esbuild/linux-riscv64'
314 silly reify ]
315 verbose reify failed optional dependency /opt/Agents/testing-linux-docker-2-build4/_work/1/s/WebApps/node_modules/@esbuild/linux-ppc64
316 silly reify mark deleted [
316 silly reify   '/opt/Agents/testing-linux-docker-2-build4/_work/1/s/WebApps/node_modules/@esbuild/linux-ppc64'
316 silly reify ]
317 verbose reify failed optional dependency /opt/Agents/testing-linux-docker-2-build4/_work/1/s/WebApps/node_modules/@esbuild/linux-mips64el
318 silly reify mark deleted [
318 silly reify   '/opt/Agents/testing-linux-docker-2-build4/_work/1/s/WebApps/node_modules/@esbuild/linux-mips64el'
318 silly reify ]
319 verbose reify failed optional dependency /opt/Agents/testing-linux-docker-2-build4/_work/1/s/WebApps/node_modules/@esbuild/linux-loong64
320 silly reify mark deleted [
320 silly reify   '/opt/Agents/testing-linux-docker-2-build4/_work/1/s/WebApps/node_modules/@esbuild/linux-loong64'
320 silly reify ]
321 verbose reify failed optional dependency /opt/Agents/testing-linux-docker-2-build4/_work/1/s/WebApps/node_modules/@esbuild/linux-ia32
322 silly reify mark deleted [
322 silly reify   '/opt/Agents/testing-linux-docker-2-build4/_work/1/s/WebApps/node_modules/@esbuild/linux-ia32'
322 silly reify ]
323 verbose reify failed optional dependency /opt/Agents/testing-linux-docker-2-build4/_work/1/s/WebApps/node_modules/@esbuild/linux-arm64
324 silly reify mark deleted [
324 silly reify   '/opt/Agents/testing-linux-docker-2-build4/_work/1/s/WebApps/node_modules/@esbuild/linux-arm64'
324 silly reify ]
325 verbose reify failed optional dependency /opt/Agents/testing-linux-docker-2-build4/_work/1/s/WebApps/node_modules/@esbuild/linux-arm
326 silly reify mark deleted [
326 silly reify   '/opt/Agents/testing-linux-docker-2-build4/_work/1/s/WebApps/node_modules/@esbuild/linux-arm'
326 silly reify ]
327 verbose reify failed optional dependency /opt/Agents/testing-linux-docker-2-build4/_work/1/s/WebApps/node_modules/@esbuild/freebsd-x64
328 silly reify mark deleted [
328 silly reify   '/opt/Agents/testing-linux-docker-2-build4/_work/1/s/WebApps/node_modules/@esbuild/freebsd-x64'
328 silly reify ]
329 verbose reify failed optional dependency /opt/Agents/testing-linux-docker-2-build4/_work/1/s/WebApps/node_modules/@esbuild/freebsd-arm64
330 silly reify mark deleted [
330 silly reify   '/opt/Agents/testing-linux-docker-2-build4/_work/1/s/WebApps/node_modules/@esbuild/freebsd-arm64'
330 silly reify ]
331 verbose reify failed optional dependency /opt/Agents/testing-linux-docker-2-build4/_work/1/s/WebApps/node_modules/@esbuild/darwin-x64
332 silly reify mark deleted [
332 silly reify   '/opt/Agents/testing-linux-docker-2-build4/_work/1/s/WebApps/node_modules/@esbuild/darwin-x64'
332 silly reify ]
333 verbose reify failed optional dependency /opt/Agents/testing-linux-docker-2-build4/_work/1/s/WebApps/node_modules/@esbuild/darwin-arm64
334 silly reify mark deleted [
334 silly reify   '/opt/Agents/testing-linux-docker-2-build4/_work/1/s/WebApps/node_modules/@esbuild/darwin-arm64'
334 silly reify ]
335 verbose reify failed optional dependency /opt/Agents/testing-linux-docker-2-build4/_work/1/s/WebApps/node_modules/@esbuild/android-x64
336 silly reify mark deleted [
336 silly reify   '/opt/Agents/testing-linux-docker-2-build4/_work/1/s/WebApps/node_modules/@esbuild/android-x64'
336 silly reify ]
337 verbose reify failed optional dependency /opt/Agents/testing-linux-docker-2-build4/_work/1/s/WebApps/node_modules/@esbuild/android-arm64
338 silly reify mark deleted [
338 silly reify   '/opt/Agents/testing-linux-docker-2-build4/_work/1/s/WebApps/node_modules/@esbuild/android-arm64'
338 silly reify ]
339 verbose reify failed optional dependency /opt/Agents/testing-linux-docker-2-build4/_work/1/s/WebApps/node_modules/@esbuild/android-arm
340 silly reify mark deleted [
340 silly reify   '/opt/Agents/testing-linux-docker-2-build4/_work/1/s/WebApps/node_modules/@esbuild/android-arm'
340 silly reify ]
341 verbose reify failed optional dependency /opt/Agents/testing-linux-docker-2-build4/_work/1/s/WebApps/node_modules/@esbuild/aix-ppc64
342 silly reify mark deleted [
342 silly reify   '/opt/Agents/testing-linux-docker-2-build4/_work/1/s/WebApps/node_modules/@esbuild/aix-ppc64'
342 silly reify ]
343 http cache zone.js@https://pkgs.dev.azure.com/krossk/_packaging/Kros.Npm/npm/registry/zone.js/-/zone.js-0.15.0.tgz 1ms (cache hit)
344 http cache yoctocolors-cjs@https://pkgs.dev.azure.com/krossk/_packaging/Kros.Npm/npm/registry/yoctocolors-cjs/-/yoctocolors-cjs-2.1.2.tgz 0ms (cache hit)
345 http cache zip-stream@https://pkgs.dev.azure.com/krossk/_packaging/Kros.Npm/npm/registry/zip-stream/-/zip-stream-4.1.1.tgz 0ms (cache hit)
346 http cache yocto-queue@https://pkgs.dev.azure.com/krossk/_packaging/Kros.Npm/npm/registry/yocto-queue/-/yocto-queue-0.1.0.tgz 0ms (cache hit)
347 http cache ylru@https://pkgs.dev.azure.com/krossk/_packaging/Kros.Npm/npm/registry/ylru/-/ylru-1.4.0.tgz 0ms (cache hit)
348 http cache yn@https://pkgs.dev.azure.com/krossk/_packaging/Kros.Npm/npm/registry/yn/-/yn-3.1.1.tgz 0ms (cache hit)
349 http cache yauzl@https://pkgs.dev.azure.com/krossk/_packaging/Kros.Npm/npm/registry/yauzl/-/yauzl-3.2.0.tgz 0ms (cache hit)
350 http cache yargs@https://pkgs.dev.azure.com/krossk/_packaging/Kros.Npm/npm/registry/yargs/-/yargs-17.7.2.tgz 0ms (cache hit)
351 http cache yargs-parser@https://pkgs.dev.azure.com/krossk/_packaging/Kros.Npm/npm/registry/yargs-parser/-/yargs-parser-21.1.1.tgz 0ms (cache hit)
352 http cache yaml@https://pkgs.dev.azure.com/krossk/_packaging/Kros.Npm/npm/registry/yaml/-/yaml-2.7.0.tgz 0ms (cache hit)
353 http cache yallist@https://pkgs.dev.azure.com/krossk/_packaging/Kros.Npm/npm/registry/yallist/-/yallist-3.1.1.tgz 0ms (cache hit)
354 http cache y18n@https://pkgs.dev.azure.com/krossk/_packaging/Kros.Npm/npm/registry/y18n/-/y18n-5.0.8.tgz 0ms (cache hit)
355 http cache xxhashjs@https://pkgs.dev.azure.com/krossk/_packaging/Kros.Npm/npm/registry/xxhashjs/-/xxhashjs-0.2.2.tgz 0ms (cache hit)
356 http cache xmlchars@https://pkgs.dev.azure.com/krossk/_packaging/Kros.Npm/npm/registry/xmlchars/-/xmlchars-2.2.0.tgz 0ms (cache hit)
357 http cache xml2js@https://pkgs.dev.azure.com/krossk/_packaging/Kros.Npm/npm/registry/xml2js/-/xml2js-0.4.23.tgz 0ms (cache hit)
358 http cache xmlbuilder@https://pkgs.dev.azure.com/krossk/_packaging/Kros.Npm/npm/registry/xmlbuilder/-/xmlbuilder-12.0.0.tgz 0ms (cache hit)
359 http cache xml-name-validator@https://pkgs.dev.azure.com/krossk/_packaging/Kros.Npm/npm/registry/xml-name-validator/-/xml-name-validator-4.0.0.tgz 0ms (cache hit)
360 http cache ws@https://pkgs.dev.azure.com/krossk/_packaging/Kros.Npm/npm/registry/ws/-/ws-7.5.10.tgz 0ms (cache hit)
361 http cache xml@https://pkgs.dev.azure.com/krossk/_packaging/Kros.Npm/npm/registry/xml/-/xml-1.0.1.tgz 0ms (cache hit)
362 http cache write-file-atomic@https://pkgs.dev.azure.com/krossk/_packaging/Kros.Npm/npm/registry/write-file-atomic/-/write-file-atomic-4.0.2.tgz 0ms (cache hit)
363 http cache wrappy@https://pkgs.dev.azure.com/krossk/_packaging/Kros.Npm/npm/registry/wrappy/-/wrappy-1.0.2.tgz 0ms (cache hit)
364 http cache wrap-ansi-cjs@https://pkgs.dev.azure.com/krossk/_packaging/Kros.Npm/npm/registry/wrap-ansi/-/wrap-ansi-7.0.0.tgz 0ms (cache hit)
365 http cache wrap-ansi@https://pkgs.dev.azure.com/krossk/_packaging/Kros.Npm/npm/registry/wrap-ansi/-/wrap-ansi-6.2.0.tgz 0ms (cache hit)
366 http cache wildcard@https://pkgs.dev.azure.com/krossk/_packaging/Kros.Npm/npm/registry/wildcard/-/wildcard-2.0.1.tgz 0ms (cache hit)
367 http cache word-wrap@https://pkgs.dev.azure.com/krossk/_packaging/Kros.Npm/npm/registry/word-wrap/-/word-wrap-1.2.5.tgz 0ms (cache hit)
368 http cache which-collection@https://pkgs.dev.azure.com/krossk/_packaging/Kros.Npm/npm/registry/which-collection/-/which-collection-1.0.2.tgz 0ms (cache hit)
369 http cache which-module@https://pkgs.dev.azure.com/krossk/_packaging/Kros.Npm/npm/registry/which-module/-/which-module-2.0.1.tgz 0ms (cache hit)
370 http cache which-typed-array@https://pkgs.dev.azure.com/krossk/_packaging/Kros.Npm/npm/registry/which-typed-array/-/which-typed-array-1.1.18.tgz 0ms (cache hit)
371 http cache which-builtin-type@https://pkgs.dev.azure.com/krossk/_packaging/Kros.Npm/npm/registry/which-builtin-type/-/which-builtin-type-1.2.1.tgz 0ms (cache hit)
372 http cache which-boxed-primitive@https://pkgs.dev.azure.com/krossk/_packaging/Kros.Npm/npm/registry/which-boxed-primitive/-/which-boxed-primitive-1.1.1.tgz 0ms (cache hit)
373 http cache whatwg-url@https://pkgs.dev.azure.com/krossk/_packaging/Kros.Npm/npm/registry/whatwg-url/-/whatwg-url-11.0.0.tgz 0ms (cache hit)
374 http cache which@https://pkgs.dev.azure.com/krossk/_packaging/Kros.Npm/npm/registry/which/-/which-2.0.2.tgz 0ms (cache hit)
375 http cache whatwg-encoding@https://pkgs.dev.azure.com/krossk/_packaging/Kros.Npm/npm/registry/whatwg-encoding/-/whatwg-encoding-2.0.0.tgz 0ms (cache hit)
376 http cache whatwg-mimetype@https://pkgs.dev.azure.com/krossk/_packaging/Kros.Npm/npm/registry/whatwg-mimetype/-/whatwg-mimetype-3.0.0.tgz 0ms (cache hit)
377 http cache websocket-extensions@https://pkgs.dev.azure.com/krossk/_packaging/Kros.Npm/npm/registry/websocket-extensions/-/websocket-extensions-0.1.4.tgz 0ms (cache hit)
378 http cache webpack-subresource-integrity@https://pkgs.dev.azure.com/krossk/_packaging/Kros.Npm/npm/registry/webpack-subresource-integrity/-/webpack-subresource-integrity-5.1.0.tgz 0ms (cache hit)
379 http cache websocket-driver@https://pkgs.dev.azure.com/krossk/_packaging/Kros.Npm/npm/registry/websocket-driver/-/websocket-driver-0.7.4.tgz 0ms (cache hit)
380 http cache webpack-sources@https://pkgs.dev.azure.com/krossk/_packaging/Kros.Npm/npm/registry/webpack-sources/-/webpack-sources-3.2.3.tgz 0ms (cache hit)
381 http cache webpack-merge@https://pkgs.dev.azure.com/krossk/_packaging/Kros.Npm/npm/registry/webpack-merge/-/webpack-merge-6.0.1.tgz 0ms (cache hit)
382 http cache webpack-node-externals@https://pkgs.dev.azure.com/krossk/_packaging/Kros.Npm/npm/registry/webpack-node-externals/-/webpack-node-externals-3.0.0.tgz 0ms (cache hit)
383 http cache webpack-dev-server@https://pkgs.dev.azure.com/krossk/_packaging/Kros.Npm/npm/registry/webpack-dev-server/-/webpack-dev-server-5.2.0.tgz 1ms (cache hit)
384 http cache webpack@https://pkgs.dev.azure.com/krossk/_packaging/Kros.Npm/npm/registry/webpack/-/webpack-5.98.0.tgz 0ms (cache hit)
385 http cache webpack-dev-middleware@https://pkgs.dev.azure.com/krossk/_packaging/Kros.Npm/npm/registry/webpack-dev-middleware/-/webpack-dev-middleware-7.4.2.tgz 0ms (cache hit)
386 http cache webidl-conversions@https://pkgs.dev.azure.com/krossk/_packaging/Kros.Npm/npm/registry/webidl-conversions/-/webidl-conversions-7.0.0.tgz 0ms (cache hit)
387 http cache webdriver-js-extender@https://pkgs.dev.azure.com/krossk/_packaging/Kros.Npm/npm/registry/webdriver-js-extender/-/webdriver-js-extender-2.1.0.tgz 0ms (cache hit)
388 http cache webdriver-manager@https://pkgs.dev.azure.com/krossk/_packaging/Kros.Npm/npm/registry/webdriver-manager/-/webdriver-manager-12.1.9.tgz 0ms (cache hit)
389 http cache weak-lru-cache@https://pkgs.dev.azure.com/krossk/_packaging/Kros.Npm/npm/registry/weak-lru-cache/-/weak-lru-cache-1.2.2.tgz 0ms (cache hit)
390 http cache wcwidth@https://pkgs.dev.azure.com/krossk/_packaging/Kros.Npm/npm/registry/wcwidth/-/wcwidth-1.0.1.tgz 0ms (cache hit)
391 http cache wbuf@https://pkgs.dev.azure.com/krossk/_packaging/Kros.Npm/npm/registry/wbuf/-/wbuf-1.7.3.tgz 0ms (cache hit)
392 http cache watchpack@https://pkgs.dev.azure.com/krossk/_packaging/Kros.Npm/npm/registry/watchpack/-/watchpack-2.4.2.tgz 0ms (cache hit)
393 http cache walker@https://pkgs.dev.azure.com/krossk/_packaging/Kros.Npm/npm/registry/walker/-/walker-1.0.8.tgz 0ms (cache hit)
394 http cache w3c-xmlserializer@https://pkgs.dev.azure.com/krossk/_packaging/Kros.Npm/npm/registry/w3c-xmlserializer/-/w3c-xmlserializer-4.0.0.tgz 0ms (cache hit)
395 http cache void-elements@https://pkgs.dev.azure.com/krossk/_packaging/Kros.Npm/npm/registry/void-elements/-/void-elements-2.0.1.tgz 0ms (cache hit)
396 http cache vite@https://pkgs.dev.azure.com/krossk/_packaging/Kros.Npm/npm/registry/vite/-/vite-6.2.0.tgz 0ms (cache hit)
397 http cache vue@https://pkgs.dev.azure.com/krossk/_packaging/Kros.Npm/npm/registry/vue/-/vue-3.5.14.tgz 0ms (cache hit)
398 http cache verror@https://pkgs.dev.azure.com/krossk/_packaging/Kros.Npm/npm/registry/verror/-/verror-1.10.0.tgz 0ms (cache hit)
399 http cache vary@https://pkgs.dev.azure.com/krossk/_packaging/Kros.Npm/npm/registry/vary/-/vary-1.1.2.tgz 0ms (cache hit)
400 http cache varint@https://pkgs.dev.azure.com/krossk/_packaging/Kros.Npm/npm/registry/varint/-/varint-6.0.0.tgz 0ms (cache hit)
401 http cache validate-npm-package-name@https://pkgs.dev.azure.com/krossk/_packaging/Kros.Npm/npm/registry/validate-npm-package-name/-/validate-npm-package-name-6.0.0.tgz 0ms (cache hit)
402 http cache v8-to-istanbul@https://pkgs.dev.azure.com/krossk/_packaging/Kros.Npm/npm/registry/v8-to-istanbul/-/v8-to-istanbul-9.3.0.tgz 0ms (cache hit)
403 http cache validate-npm-package-license@https://pkgs.dev.azure.com/krossk/_packaging/Kros.Npm/npm/registry/validate-npm-package-license/-/validate-npm-package-license-3.0.4.tgz 0ms (cache hit)
404 http cache v8-compile-cache-lib@https://pkgs.dev.azure.com/krossk/_packaging/Kros.Npm/npm/registry/v8-compile-cache-lib/-/v8-compile-cache-lib-3.0.1.tgz 0ms (cache hit)
405 http cache uuid@https://pkgs.dev.azure.com/krossk/_packaging/Kros.Npm/npm/registry/uuid/-/uuid-11.1.0.tgz 0ms (cache hit)
406 http cache utils-merge@https://pkgs.dev.azure.com/krossk/_packaging/Kros.Npm/npm/registry/utils-merge/-/utils-merge-1.0.1.tgz 0ms (cache hit)
407 http cache use-sidecar@https://pkgs.dev.azure.com/krossk/_packaging/Kros.Npm/npm/registry/use-sidecar/-/use-sidecar-1.1.3.tgz 0ms (cache hit)
408 http cache util-deprecate@https://pkgs.dev.azure.com/krossk/_packaging/Kros.Npm/npm/registry/util-deprecate/-/util-deprecate-1.0.2.tgz 0ms (cache hit)
409 http cache url-parse@https://pkgs.dev.azure.com/krossk/_packaging/Kros.Npm/npm/registry/url-parse/-/url-parse-1.5.10.tgz 0ms (cache hit)
410 http cache use-callback-ref@https://pkgs.dev.azure.com/krossk/_packaging/Kros.Npm/npm/registry/use-callback-ref/-/use-callback-ref-1.3.3.tgz 0ms (cache hit)
411 http cache uri-js@https://pkgs.dev.azure.com/krossk/_packaging/Kros.Npm/npm/registry/uri-js/-/uri-js-4.4.1.tgz 0ms (cache hit)
412 http cache update-browserslist-db@https://pkgs.dev.azure.com/krossk/_packaging/Kros.Npm/npm/registry/update-browserslist-db/-/update-browserslist-db-1.1.2.tgz 0ms (cache hit)
413 http cache url-join@https://pkgs.dev.azure.com/krossk/_packaging/Kros.Npm/npm/registry/url-join/-/url-join-4.0.1.tgz 0ms (cache hit)
414 http cache upath@https://pkgs.dev.azure.com/krossk/_packaging/Kros.Npm/npm/registry/upath/-/upath-2.0.1.tgz 0ms (cache hit)
415 http cache untildify@https://pkgs.dev.azure.com/krossk/_packaging/Kros.Npm/npm/registry/untildify/-/untildify-4.0.0.tgz 0ms (cache hit)
416 http cache unzipper@https://pkgs.dev.azure.com/krossk/_packaging/Kros.Npm/npm/registry/unzipper/-/unzipper-0.10.14.tgz 0ms (cache hit)
417 http cache unpipe@https://pkgs.dev.azure.com/krossk/_packaging/Kros.Npm/npm/registry/unpipe/-/unpipe-1.0.0.tgz 0ms (cache hit)
418 http cache universalify@https://pkgs.dev.azure.com/krossk/_packaging/Kros.Npm/npm/registry/universalify/-/universalify-2.0.1.tgz 0ms (cache hit)
419 http cache unique-slug@https://pkgs.dev.azure.com/krossk/_packaging/Kros.Npm/npm/registry/unique-slug/-/unique-slug-5.0.0.tgz 0ms (cache hit)
420 http cache unique-filename@https://pkgs.dev.azure.com/krossk/_packaging/Kros.Npm/npm/registry/unique-filename/-/unique-filename-4.0.0.tgz 0ms (cache hit)
421 http cache unicorn-magic@https://pkgs.dev.azure.com/krossk/_packaging/Kros.Npm/npm/registry/unicorn-magic/-/unicorn-magic-0.1.0.tgz 0ms (cache hit)
422 http cache union@https://pkgs.dev.azure.com/krossk/_packaging/Kros.Npm/npm/registry/union/-/union-0.5.0.tgz 0ms (cache hit)
423 http cache unicount@https://pkgs.dev.azure.com/krossk/_packaging/Kros.Npm/npm/registry/unicount/-/unicount-1.1.0.tgz 0ms (cache hit)
424 http cache unicode-property-aliases-ecmascript@https://pkgs.dev.azure.com/krossk/_packaging/Kros.Npm/npm/registry/unicode-property-aliases-ecmascript/-/unicode-property-aliases-ecmascript-2.1.0.tgz 0ms (cache hit)
425 http cache unicode-regex@https://pkgs.dev.azure.com/krossk/_packaging/Kros.Npm/npm/registry/unicode-regex/-/unicode-regex-4.1.2.tgz 0ms (cache hit)
426 http cache unicode-match-property-value-ecmascript@https://pkgs.dev.azure.com/krossk/_packaging/Kros.Npm/npm/registry/unicode-match-property-value-ecmascript/-/unicode-match-property-value-ecmascript-2.2.0.tgz 0ms (cache hit)
427 http cache unicode-canonical-property-names-ecmascript@https://pkgs.dev.azure.com/krossk/_packaging/Kros.Npm/npm/registry/unicode-canonical-property-names-ecmascript/-/unicode-canonical-property-names-ecmascript-2.0.1.tgz 0ms (cache hit)
428 http cache unicode-match-property-ecmascript@https://pkgs.dev.azure.com/krossk/_packaging/Kros.Npm/npm/registry/unicode-match-property-ecmascript/-/unicode-match-property-ecmascript-2.0.0.tgz 0ms (cache hit)
429 http cache unbox-primitive@https://pkgs.dev.azure.com/krossk/_packaging/Kros.Npm/npm/registry/unbox-primitive/-/unbox-primitive-1.1.0.tgz 0ms (cache hit)
430 http cache undici-types@https://pkgs.dev.azure.com/krossk/_packaging/Kros.Npm/npm/registry/undici-types/-/undici-types-6.20.0.tgz 0ms (cache hit)
431 http cache unbzip2-stream@https://pkgs.dev.azure.com/krossk/_packaging/Kros.Npm/npm/registry/unbzip2-stream/-/unbzip2-stream-1.4.3.tgz 0ms (cache hit)
432 http cache uint8array-extras@https://pkgs.dev.azure.com/krossk/_packaging/Kros.Npm/npm/registry/uint8array-extras/-/uint8array-extras-1.4.0.tgz 0ms (cache hit)
433 http cache typescript@https://pkgs.dev.azure.com/krossk/_packaging/Kros.Npm/npm/registry/typescript/-/typescript-5.7.3.tgz 0ms (cache hit)
434 http cache typescript-eslint@https://pkgs.dev.azure.com/krossk/_packaging/Kros.Npm/npm/registry/typescript-eslint/-/typescript-eslint-8.23.0.tgz 0ms (cache hit)
435 http cache ua-parser-js@https://pkgs.dev.azure.com/krossk/_packaging/Kros.Npm/npm/registry/ua-parser-js/-/ua-parser-js-0.7.40.tgz 0ms (cache hit)
436 http cache typed-assert@https://pkgs.dev.azure.com/krossk/_packaging/Kros.Npm/npm/registry/typed-assert/-/typed-assert-1.0.9.tgz 0ms (cache hit)
437 http cache typed-array-length@https://pkgs.dev.azure.com/krossk/_packaging/Kros.Npm/npm/registry/typed-array-length/-/typed-array-length-1.0.7.tgz 0ms (cache hit)
438 http cache typed-array-byte-offset@https://pkgs.dev.azure.com/krossk/_packaging/Kros.Npm/npm/registry/typed-array-byte-offset/-/typed-array-byte-offset-1.0.4.tgz 0ms (cache hit)
439 http cache typed-array-byte-length@https://pkgs.dev.azure.com/krossk/_packaging/Kros.Npm/npm/registry/typed-array-byte-length/-/typed-array-byte-length-1.0.3.tgz 0ms (cache hit)
440 http cache typed-array-buffer@https://pkgs.dev.azure.com/krossk/_packaging/Kros.Npm/npm/registry/typed-array-buffer/-/typed-array-buffer-1.0.3.tgz 0ms (cache hit)
441 http cache type-is@https://pkgs.dev.azure.com/krossk/_packaging/Kros.Npm/npm/registry/type-is/-/type-is-1.6.18.tgz 0ms (cache hit)
442 http cache type-fest@https://pkgs.dev.azure.com/krossk/_packaging/Kros.Npm/npm/registry/type-fest/-/type-fest-0.21.3.tgz 0ms (cache hit)
443 http cache tweetnacl@https://pkgs.dev.azure.com/krossk/_packaging/Kros.Npm/npm/registry/tweetnacl/-/tweetnacl-0.14.5.tgz 0ms (cache hit)
444 http cache type-check@https://pkgs.dev.azure.com/krossk/_packaging/Kros.Npm/npm/registry/type-check/-/type-check-0.4.0.tgz 0ms (cache hit)
445 http cache type-detect@https://pkgs.dev.azure.com/krossk/_packaging/Kros.Npm/npm/registry/type-detect/-/type-detect-4.0.8.tgz 0ms (cache hit)
446 http cache tuf-js@https://pkgs.dev.azure.com/krossk/_packaging/Kros.Npm/npm/registry/tuf-js/-/tuf-js-3.0.1.tgz 0ms (cache hit)
447 http cache tunnel-agent@https://pkgs.dev.azure.com/krossk/_packaging/Kros.Npm/npm/registry/tunnel-agent/-/tunnel-agent-0.6.0.tgz 0ms (cache hit)
448 http cache tslib@https://pkgs.dev.azure.com/krossk/_packaging/Kros.Npm/npm/registry/tslib/-/tslib-2.8.1.tgz 0ms (cache hit)
449 http cache tsconfig-paths-webpack-plugin@https://pkgs.dev.azure.com/krossk/_packaging/Kros.Npm/npm/registry/tsconfig-paths-webpack-plugin/-/tsconfig-paths-webpack-plugin-4.0.0.tgz 0ms (cache hit)
450 http cache tsscmp@https://pkgs.dev.azure.com/krossk/_packaging/Kros.Npm/npm/registry/tsscmp/-/tsscmp-1.0.6.tgz 0ms (cache hit)
451 http cache tsconfig-paths@https://pkgs.dev.azure.com/krossk/_packaging/Kros.Npm/npm/registry/tsconfig-paths/-/tsconfig-paths-4.2.0.tgz 0ms (cache hit)
452 http cache ts-node@https://pkgs.dev.azure.com/krossk/_packaging/Kros.Npm/npm/registry/ts-node/-/ts-node-10.9.1.tgz 0ms (cache hit)
453 http cache tsconfig@https://pkgs.dev.azure.com/krossk/_packaging/Kros.Npm/npm/registry/tsconfig/-/tsconfig-7.0.0.tgz 0ms (cache hit)
454 http cache ts-loader@https://pkgs.dev.azure.com/krossk/_packaging/Kros.Npm/npm/registry/ts-loader/-/ts-loader-6.2.2.tgz 0ms (cache hit)
455 http cache ts-jest@https://pkgs.dev.azure.com/krossk/_packaging/Kros.Npm/npm/registry/ts-jest/-/ts-jest-29.2.5.tgz 0ms (cache hit)
456 http cache ts-checker-rspack-plugin@https://pkgs.dev.azure.com/krossk/_packaging/Kros.Npm/npm/registry/ts-checker-rspack-plugin/-/ts-checker-rspack-plugin-1.1.3.tgz 0ms (cache hit)
457 http cache tree-dump@https://pkgs.dev.azure.com/krossk/_packaging/Kros.Npm/npm/registry/tree-dump/-/tree-dump-1.0.2.tgz 0ms (cache hit)
458 http cache ts-api-utils@https://pkgs.dev.azure.com/krossk/_packaging/Kros.Npm/npm/registry/ts-api-utils/-/ts-api-utils-2.0.1.tgz 0ms (cache hit)
459 http cache tree-kill@https://pkgs.dev.azure.com/krossk/_packaging/Kros.Npm/npm/registry/tree-kill/-/tree-kill-1.2.2.tgz 0ms (cache hit)
460 http cache trigram-utils@https://pkgs.dev.azure.com/krossk/_packaging/Kros.Npm/npm/registry/trigram-utils/-/trigram-utils-2.0.1.tgz 0ms (cache hit)
461 http cache traverse@https://pkgs.dev.azure.com/krossk/_packaging/Kros.Npm/npm/registry/traverse/-/traverse-0.3.9.tgz 0ms (cache hit)
462 http cache tr46@https://pkgs.dev.azure.com/krossk/_packaging/Kros.Npm/npm/registry/tr46/-/tr46-3.0.0.tgz 0ms (cache hit)
463 http cache tough-cookie@https://pkgs.dev.azure.com/krossk/_packaging/Kros.Npm/npm/registry/tough-cookie/-/tough-cookie-5.1.2.tgz 0ms (cache hit)
464 http cache token-types@https://pkgs.dev.azure.com/krossk/_packaging/Kros.Npm/npm/registry/token-types/-/token-types-6.0.0.tgz 0ms (cache hit)
465 http cache toidentifier@https://pkgs.dev.azure.com/krossk/_packaging/Kros.Npm/npm/registry/toidentifier/-/toidentifier-1.0.1.tgz 0ms (cache hit)
466 http cache tmpl@https://pkgs.dev.azure.com/krossk/_packaging/Kros.Npm/npm/registry/tmpl/-/tmpl-1.0.5.tgz 0ms (cache hit)
467 http cache to-regex-range@https://pkgs.dev.azure.com/krossk/_packaging/Kros.Npm/npm/registry/to-regex-range/-/to-regex-range-5.0.1.tgz 0ms (cache hit)
468 http cache tldts-core@https://pkgs.dev.azure.com/krossk/_packaging/Kros.Npm/npm/registry/tldts-core/-/tldts-core-6.1.86.tgz 0ms (cache hit)
469 http cache tmp@https://pkgs.dev.azure.com/krossk/_packaging/Kros.Npm/npm/registry/tmp/-/tmp-0.2.3.tgz 0ms (cache hit)
470 http cache tldts@https://pkgs.dev.azure.com/krossk/_packaging/Kros.Npm/npm/registry/tldts/-/tldts-6.1.86.tgz 0ms (cache hit)
471 http cache tinygradient@https://pkgs.dev.azure.com/krossk/_packaging/Kros.Npm/npm/registry/tinygradient/-/tinygradient-1.1.5.tgz 0ms (cache hit)
472 http cache tiny-inflate@https://pkgs.dev.azure.com/krossk/_packaging/Kros.Npm/npm/registry/tiny-inflate/-/tiny-inflate-1.0.3.tgz 0ms (cache hit)
473 http cache through@https://pkgs.dev.azure.com/krossk/_packaging/Kros.Npm/npm/registry/through/-/through-2.3.8.tgz 0ms (cache hit)
474 http cache tinycolor2@https://pkgs.dev.azure.com/krossk/_packaging/Kros.Npm/npm/registry/tinycolor2/-/tinycolor2-1.6.0.tgz 0ms (cache hit)
475 http cache thunky@https://pkgs.dev.azure.com/krossk/_packaging/Kros.Npm/npm/registry/thunky/-/thunky-1.1.0.tgz 0ms (cache hit)
476 http cache tinyglobby@https://pkgs.dev.azure.com/krossk/_packaging/Kros.Npm/npm/registry/tinyglobby/-/tinyglobby-0.2.13.tgz 0ms (cache hit)
477 http cache throttleit@https://pkgs.dev.azure.com/krossk/_packaging/Kros.Npm/npm/registry/throttleit/-/throttleit-1.0.1.tgz 0ms (cache hit)
478 http cache test-exclude@https://pkgs.dev.azure.com/krossk/_packaging/Kros.Npm/npm/registry/test-exclude/-/test-exclude-6.0.0.tgz 0ms (cache hit)
479 http cache thingies@https://pkgs.dev.azure.com/krossk/_packaging/Kros.Npm/npm/registry/thingies/-/thingies-1.21.0.tgz 0ms (cache hit)
480 http cache text-decoder@https://pkgs.dev.azure.com/krossk/_packaging/Kros.Npm/npm/registry/text-decoder/-/text-decoder-1.2.3.tgz 0ms (cache hit)
481 http cache terser-webpack-plugin@https://pkgs.dev.azure.com/krossk/_packaging/Kros.Npm/npm/registry/terser-webpack-plugin/-/terser-webpack-plugin-5.3.11.tgz 0ms (cache hit)
482 http cache terser@https://pkgs.dev.azure.com/krossk/_packaging/Kros.Npm/npm/registry/terser/-/terser-5.39.0.tgz 0ms (cache hit)
483 http cache tar-stream@https://pkgs.dev.azure.com/krossk/_packaging/Kros.Npm/npm/registry/tar-stream/-/tar-stream-3.1.7.tgz 0ms (cache hit)
484 http cache tapable@https://pkgs.dev.azure.com/krossk/_packaging/Kros.Npm/npm/registry/tapable/-/tapable-2.2.1.tgz 0ms (cache hit)
485 http cache tar@https://pkgs.dev.azure.com/krossk/_packaging/Kros.Npm/npm/registry/tar/-/tar-6.2.1.tgz 0ms (cache hit)
486 http cache tar-fs@https://pkgs.dev.azure.com/krossk/_packaging/Kros.Npm/npm/registry/tar-fs/-/tar-fs-2.1.2.tgz 0ms (cache hit)
487 http cache sync-message-port@https://pkgs.dev.azure.com/krossk/_packaging/Kros.Npm/npm/registry/sync-message-port/-/sync-message-port-1.1.3.tgz 0ms (cache hit)
488 http cache tailwind-merge@https://pkgs.dev.azure.com/krossk/_packaging/Kros.Npm/npm/registry/tailwind-merge/-/tailwind-merge-3.3.0.tgz 0ms (cache hit)
489 http cache symbol-tree@https://pkgs.dev.azure.com/krossk/_packaging/Kros.Npm/npm/registry/symbol-tree/-/symbol-tree-3.2.4.tgz 0ms (cache hit)
490 http cache sync-child-process@https://pkgs.dev.azure.com/krossk/_packaging/Kros.Npm/npm/registry/sync-child-process/-/sync-child-process-1.0.2.tgz 0ms (cache hit)
491 http cache symbol-observable@https://pkgs.dev.azure.com/krossk/_packaging/Kros.Npm/npm/registry/symbol-observable/-/symbol-observable-4.0.0.tgz 0ms (cache hit)
492 http cache svgo@https://pkgs.dev.azure.com/krossk/_packaging/Kros.Npm/npm/registry/svgo/-/svgo-3.3.2.tgz 0ms (cache hit)
493 http cache supports-color@https://pkgs.dev.azure.com/krossk/_packaging/Kros.Npm/npm/registry/supports-color/-/supports-color-7.2.0.tgz 0ms (cache hit)
494 http cache supports-preserve-symlinks-flag@https://pkgs.dev.azure.com/krossk/_packaging/Kros.Npm/npm/registry/supports-preserve-symlinks-flag/-/supports-preserve-symlinks-flag-1.0.0.tgz 0ms (cache hit)
495 http cache subsink@https://pkgs.dev.azure.com/krossk/_packaging/Kros.Npm/npm/registry/subsink/-/subsink-1.0.2.tgz 0ms (cache hit)
496 http cache stylus@https://pkgs.dev.azure.com/krossk/_packaging/Kros.Npm/npm/registry/stylus/-/stylus-0.64.0.tgz 0ms (cache hit)
497 http cache stylus-loader@https://pkgs.dev.azure.com/krossk/_packaging/Kros.Npm/npm/registry/stylus-loader/-/stylus-loader-7.1.3.tgz 0ms (cache hit)
498 http cache stylehacks@https://pkgs.dev.azure.com/krossk/_packaging/Kros.Npm/npm/registry/stylehacks/-/stylehacks-6.1.1.tgz 0ms (cache hit)
499 http cache strtok3@https://pkgs.dev.azure.com/krossk/_packaging/Kros.Npm/npm/registry/strtok3/-/strtok3-9.1.1.tgz 0ms (cache hit)
500 http cache style-loader@https://pkgs.dev.azure.com/krossk/_packaging/Kros.Npm/npm/registry/style-loader/-/style-loader-3.3.4.tgz 0ms (cache hit)
501 http cache strnum@https://pkgs.dev.azure.com/krossk/_packaging/Kros.Npm/npm/registry/strnum/-/strnum-1.0.5.tgz 0ms (cache hit)
502 http cache strip-json-comments@https://pkgs.dev.azure.com/krossk/_packaging/Kros.Npm/npm/registry/strip-json-comments/-/strip-json-comments-3.1.1.tgz 0ms (cache hit)
503 http cache strip-final-newline@https://pkgs.dev.azure.com/krossk/_packaging/Kros.Npm/npm/registry/strip-final-newline/-/strip-final-newline-2.0.0.tgz 0ms (cache hit)
504 http cache strip-dirs@https://pkgs.dev.azure.com/krossk/_packaging/Kros.Npm/npm/registry/strip-dirs/-/strip-dirs-3.0.0.tgz 0ms (cache hit)
505 http cache strip-bom@https://pkgs.dev.azure.com/krossk/_packaging/Kros.Npm/npm/registry/strip-bom/-/strip-bom-4.0.0.tgz 0ms (cache hit)
506 http cache strip-ansi-cjs@https://pkgs.dev.azure.com/krossk/_packaging/Kros.Npm/npm/registry/strip-ansi/-/strip-ansi-6.0.1.tgz 0ms (cache hit)
507 http cache strip-ansi@https://pkgs.dev.azure.com/krossk/_packaging/Kros.Npm/npm/registry/strip-ansi/-/strip-ansi-6.0.1.tgz 0ms (cache hit)
508 http cache string.prototype.trimstart@https://pkgs.dev.azure.com/krossk/_packaging/Kros.Npm/npm/registry/string.prototype.trimstart/-/string.prototype.trimstart-1.0.8.tgz 0ms (cache hit)
509 http cache string.prototype.trimend@https://pkgs.dev.azure.com/krossk/_packaging/Kros.Npm/npm/registry/string.prototype.trimend/-/string.prototype.trimend-1.0.9.tgz 0ms (cache hit)
510 http cache string.prototype.padend@https://pkgs.dev.azure.com/krossk/_packaging/Kros.Npm/npm/registry/string.prototype.padend/-/string.prototype.padend-3.1.6.tgz 0ms (cache hit)
511 http cache string.prototype.trim@https://pkgs.dev.azure.com/krossk/_packaging/Kros.Npm/npm/registry/string.prototype.trim/-/string.prototype.trim-1.2.10.tgz 0ms (cache hit)
512 http cache string-width@https://pkgs.dev.azure.com/krossk/_packaging/Kros.Npm/npm/registry/string-width/-/string-width-4.2.3.tgz 1ms (cache hit)
513 http cache string.prototype.codepointat@https://pkgs.dev.azure.com/krossk/_packaging/Kros.Npm/npm/registry/string.prototype.codepointat/-/string.prototype.codepointat-0.2.1.tgz 0ms (cache hit)
514 http cache string-width-cjs@https://pkgs.dev.azure.com/krossk/_packaging/Kros.Npm/npm/registry/string-width/-/string-width-4.2.3.tgz 0ms (cache hit)
515 http cache string-length@https://pkgs.dev.azure.com/krossk/_packaging/Kros.Npm/npm/registry/string-length/-/string-length-4.0.2.tgz 0ms (cache hit)
516 http cache string_decoder@https://pkgs.dev.azure.com/krossk/_packaging/Kros.Npm/npm/registry/string_decoder/-/string_decoder-1.3.0.tgz 0ms (cache hit)
517 http cache streamroller@https://pkgs.dev.azure.com/krossk/_packaging/Kros.Npm/npm/registry/streamroller/-/streamroller-3.1.5.tgz 0ms (cache hit)
518 http cache streamx@https://pkgs.dev.azure.com/krossk/_packaging/Kros.Npm/npm/registry/streamx/-/streamx-2.22.0.tgz 0ms (cache hit)
519 http cache statuses@https://pkgs.dev.azure.com/krossk/_packaging/Kros.Npm/npm/registry/statuses/-/statuses-2.0.1.tgz 0ms (cache hit)
520 http cache stoppable@https://pkgs.dev.azure.com/krossk/_packaging/Kros.Npm/npm/registry/stoppable/-/stoppable-1.1.0.tgz 0ms (cache hit)
521 http cache stackframe@https://pkgs.dev.azure.com/krossk/_packaging/Kros.Npm/npm/registry/stackframe/-/stackframe-1.3.4.tgz 0ms (cache hit)
522 http cache stack-utils@https://pkgs.dev.azure.com/krossk/_packaging/Kros.Npm/npm/registry/stack-utils/-/stack-utils-2.0.6.tgz 0ms (cache hit)
523 http cache ssri@https://pkgs.dev.azure.com/krossk/_packaging/Kros.Npm/npm/registry/ssri/-/ssri-12.0.0.tgz 0ms (cache hit)
524 http cache sshpk@https://pkgs.dev.azure.com/krossk/_packaging/Kros.Npm/npm/registry/sshpk/-/sshpk-1.18.0.tgz 0ms (cache hit)
525 http cache sprintf-js@https://pkgs.dev.azure.com/krossk/_packaging/Kros.Npm/npm/registry/sprintf-js/-/sprintf-js-1.1.3.tgz 0ms (cache hit)
526 http cache spdy@https://pkgs.dev.azure.com/krossk/_packaging/Kros.Npm/npm/registry/spdy/-/spdy-4.0.2.tgz 0ms (cache hit)
527 http cache spdx-license-ids@https://pkgs.dev.azure.com/krossk/_packaging/Kros.Npm/npm/registry/spdx-license-ids/-/spdx-license-ids-3.0.21.tgz 0ms (cache hit)
528 http cache spdy-transport@https://pkgs.dev.azure.com/krossk/_packaging/Kros.Npm/npm/registry/spdy-transport/-/spdy-transport-3.0.0.tgz 0ms (cache hit)
529 http cache spdx-exceptions@https://pkgs.dev.azure.com/krossk/_packaging/Kros.Npm/npm/registry/spdx-exceptions/-/spdx-exceptions-2.5.0.tgz 0ms (cache hit)
530 http cache spdx-expression-parse@https://pkgs.dev.azure.com/krossk/_packaging/Kros.Npm/npm/registry/spdx-expression-parse/-/spdx-expression-parse-3.0.1.tgz 0ms (cache hit)
531 http cache spawn-command@https://pkgs.dev.azure.com/krossk/_packaging/Kros.Npm/npm/registry/spawn-command/-/spawn-command-0.0.2.tgz 0ms (cache hit)
532 http cache spdx-correct@https://pkgs.dev.azure.com/krossk/_packaging/Kros.Npm/npm/registry/spdx-correct/-/spdx-correct-3.2.0.tgz 0ms (cache hit)
533 http cache source-map-support@https://pkgs.dev.azure.com/krossk/_packaging/Kros.Npm/npm/registry/source-map-support/-/source-map-support-0.5.21.tgz 0ms (cache hit)
534 http cache source-map-loader@https://pkgs.dev.azure.com/krossk/_packaging/Kros.Npm/npm/registry/source-map-loader/-/source-map-loader-5.0.0.tgz 0ms (cache hit)
535 http cache source-map@https://pkgs.dev.azure.com/krossk/_packaging/Kros.Npm/npm/registry/source-map/-/source-map-0.7.4.tgz 0ms (cache hit)
536 http cache source-map-js@https://pkgs.dev.azure.com/krossk/_packaging/Kros.Npm/npm/registry/source-map-js/-/source-map-js-1.2.1.tgz 0ms (cache hit)
537 http cache sorted-array-functions@https://pkgs.dev.azure.com/krossk/_packaging/Kros.Npm/npm/registry/sorted-array-functions/-/sorted-array-functions-1.3.0.tgz 0ms (cache hit)
538 http cache sort-keys-length@https://pkgs.dev.azure.com/krossk/_packaging/Kros.Npm/npm/registry/sort-keys-length/-/sort-keys-length-1.0.1.tgz 0ms (cache hit)
539 http cache sort-keys@https://pkgs.dev.azure.com/krossk/_packaging/Kros.Npm/npm/registry/sort-keys/-/sort-keys-1.1.2.tgz 0ms (cache hit)
540 http cache socks-proxy-agent@https://pkgs.dev.azure.com/krossk/_packaging/Kros.Npm/npm/registry/socks-proxy-agent/-/socks-proxy-agent-8.0.5.tgz 0ms (cache hit)
541 http cache sockjs@https://pkgs.dev.azure.com/krossk/_packaging/Kros.Npm/npm/registry/sockjs/-/sockjs-0.3.24.tgz 0ms (cache hit)
542 http cache sonner@https://pkgs.dev.azure.com/krossk/_packaging/Kros.Npm/npm/registry/sonner/-/sonner-2.0.3.tgz 0ms (cache hit)
543 http cache socks@https://pkgs.dev.azure.com/krossk/_packaging/Kros.Npm/npm/registry/socks/-/socks-2.8.3.tgz 0ms (cache hit)
544 http cache socket.io-adapter@https://pkgs.dev.azure.com/krossk/_packaging/Kros.Npm/npm/registry/socket.io-adapter/-/socket.io-adapter-2.5.5.tgz 0ms (cache hit)
545 http cache socket.io-parser@https://pkgs.dev.azure.com/krossk/_packaging/Kros.Npm/npm/registry/socket.io-parser/-/socket.io-parser-4.2.4.tgz 0ms (cache hit)
546 http cache socket.io@https://pkgs.dev.azure.com/krossk/_packaging/Kros.Npm/npm/registry/socket.io/-/socket.io-4.8.1.tgz 0ms (cache hit)
547 http cache smart-buffer@https://pkgs.dev.azure.com/krossk/_packaging/Kros.Npm/npm/registry/smart-buffer/-/smart-buffer-4.2.0.tgz 0ms (cache hit)
548 http cache slice-ansi@https://pkgs.dev.azure.com/krossk/_packaging/Kros.Npm/npm/registry/slice-ansi/-/slice-ansi-5.0.0.tgz 0ms (cache hit)
549 http cache slash@https://pkgs.dev.azure.com/krossk/_packaging/Kros.Npm/npm/registry/slash/-/slash-3.0.0.tgz 0ms (cache hit)
550 http cache sisteransi@https://pkgs.dev.azure.com/krossk/_packaging/Kros.Npm/npm/registry/sisteransi/-/sisteransi-1.0.5.tgz 0ms (cache hit)
551 http cache simple-concat@https://pkgs.dev.azure.com/krossk/_packaging/Kros.Npm/npm/registry/simple-concat/-/simple-concat-1.0.1.tgz 0ms (cache hit)
552 http cache sigstore@https://pkgs.dev.azure.com/krossk/_packaging/Kros.Npm/npm/registry/sigstore/-/sigstore-3.1.0.tgz 0ms (cache hit)
553 http cache signal-exit@https://pkgs.dev.azure.com/krossk/_packaging/Kros.Npm/npm/registry/signal-exit/-/signal-exit-4.1.0.tgz 0ms (cache hit)
554 http cache side-channel-weakmap@https://pkgs.dev.azure.com/krossk/_packaging/Kros.Npm/npm/registry/side-channel-weakmap/-/side-channel-weakmap-1.0.2.tgz 0ms (cache hit)
555 http cache side-channel-list@https://pkgs.dev.azure.com/krossk/_packaging/Kros.Npm/npm/registry/side-channel-list/-/side-channel-list-1.0.0.tgz 0ms (cache hit)
556 http cache side-channel-map@https://pkgs.dev.azure.com/krossk/_packaging/Kros.Npm/npm/registry/side-channel-map/-/side-channel-map-1.0.1.tgz 0ms (cache hit)
557 http cache side-channel@https://pkgs.dev.azure.com/krossk/_packaging/Kros.Npm/npm/registry/side-channel/-/side-channel-1.1.0.tgz 0ms (cache hit)
558 http cache shepherd.js@https://pkgs.dev.azure.com/krossk/_packaging/Kros.Npm/npm/registry/shepherd.js/-/shepherd.js-11.2.0.tgz 0ms (cache hit)
559 http cache shell-quote@https://pkgs.dev.azure.com/krossk/_packaging/Kros.Npm/npm/registry/shell-quote/-/shell-quote-1.8.2.tgz 0ms (cache hit)
560 http cache shebang-regex@https://pkgs.dev.azure.com/krossk/_packaging/Kros.Npm/npm/registry/shebang-regex/-/shebang-regex-3.0.0.tgz 0ms (cache hit)
561 http cache shallow-clone@https://pkgs.dev.azure.com/krossk/_packaging/Kros.Npm/npm/registry/shallow-clone/-/shallow-clone-3.0.1.tgz 0ms (cache hit)
562 http cache shebang-command@https://pkgs.dev.azure.com/krossk/_packaging/Kros.Npm/npm/registry/shebang-command/-/shebang-command-2.0.0.tgz 0ms (cache hit)
563 http cache setprototypeof@https://pkgs.dev.azure.com/krossk/_packaging/Kros.Npm/npm/registry/setprototypeof/-/setprototypeof-1.2.0.tgz 0ms (cache hit)
564 http cache setimmediate@https://pkgs.dev.azure.com/krossk/_packaging/Kros.Npm/npm/registry/setimmediate/-/setimmediate-1.0.5.tgz 0ms (cache hit)
565 http cache set-proto@https://pkgs.dev.azure.com/krossk/_packaging/Kros.Npm/npm/registry/set-proto/-/set-proto-1.0.0.tgz 0ms (cache hit)
566 http cache set-function-name@https://pkgs.dev.azure.com/krossk/_packaging/Kros.Npm/npm/registry/set-function-name/-/set-function-name-2.0.2.tgz 0ms (cache hit)
567 http cache set-blocking@https://pkgs.dev.azure.com/krossk/_packaging/Kros.Npm/npm/registry/set-blocking/-/set-blocking-2.0.0.tgz 0ms (cache hit)
568 http cache set-function-length@https://pkgs.dev.azure.com/krossk/_packaging/Kros.Npm/npm/registry/set-function-length/-/set-function-length-1.2.2.tgz 0ms (cache hit)
569 http cache set-cookie-parser@https://pkgs.dev.azure.com/krossk/_packaging/Kros.Npm/npm/registry/set-cookie-parser/-/set-cookie-parser-2.7.1.tgz 0ms (cache hit)
570 http cache serve-index@https://pkgs.dev.azure.com/krossk/_packaging/Kros.Npm/npm/registry/serve-index/-/serve-index-1.9.1.tgz 0ms (cache hit)
571 http cache serve-static@https://pkgs.dev.azure.com/krossk/_packaging/Kros.Npm/npm/registry/serve-static/-/serve-static-1.16.2.tgz 0ms (cache hit)
572 http cache send@https://pkgs.dev.azure.com/krossk/_packaging/Kros.Npm/npm/registry/send/-/send-0.19.0.tgz 0ms (cache hit)
573 http cache serialize-javascript@https://pkgs.dev.azure.com/krossk/_packaging/Kros.Npm/npm/registry/serialize-javascript/-/serialize-javascript-6.0.2.tgz 0ms (cache hit)
574 http cache semver-regex@https://pkgs.dev.azure.com/krossk/_packaging/Kros.Npm/npm/registry/semver-regex/-/semver-regex-4.0.5.tgz 0ms (cache hit)
575 http cache semver-truncate@https://pkgs.dev.azure.com/krossk/_packaging/Kros.Npm/npm/registry/semver-truncate/-/semver-truncate-3.0.0.tgz 0ms (cache hit)
576 http cache selfsigned@https://pkgs.dev.azure.com/krossk/_packaging/Kros.Npm/npm/registry/selfsigned/-/selfsigned-2.4.1.tgz 0ms (cache hit)
577 http cache semver@https://pkgs.dev.azure.com/krossk/_packaging/Kros.Npm/npm/registry/semver/-/semver-7.6.3.tgz 0ms (cache hit)
578 http cache selenium-webdriver@https://pkgs.dev.azure.com/krossk/_packaging/Kros.Npm/npm/registry/selenium-webdriver/-/selenium-webdriver-3.6.0.tgz 0ms (cache hit)
579 http cache select-hose@https://pkgs.dev.azure.com/krossk/_packaging/Kros.Npm/npm/registry/select-hose/-/select-hose-2.0.0.tgz 0ms (cache hit)
580 http cache scss-bundle@https://pkgs.dev.azure.com/krossk/_packaging/Kros.Npm/npm/registry/scss-bundle/-/scss-bundle-3.1.2.tgz 0ms (cache hit)
581 http cache seek-bzip@https://pkgs.dev.azure.com/krossk/_packaging/Kros.Npm/npm/registry/seek-bzip/-/seek-bzip-2.0.0.tgz 0ms (cache hit)
582 http cache secure-compare@https://pkgs.dev.azure.com/krossk/_packaging/Kros.Npm/npm/registry/secure-compare/-/secure-compare-3.0.1.tgz 0ms (cache hit)
583 http cache schema-utils@https://pkgs.dev.azure.com/krossk/_packaging/Kros.Npm/npm/registry/schema-utils/-/schema-utils-4.3.0.tgz 0ms (cache hit)
584 http cache scheduler@https://pkgs.dev.azure.com/krossk/_packaging/Kros.Npm/npm/registry/scheduler/-/scheduler-0.26.0.tgz 0ms (cache hit)
585 http cache saxes@https://pkgs.dev.azure.com/krossk/_packaging/Kros.Npm/npm/registry/saxes/-/saxes-5.0.1.tgz 0ms (cache hit)
586 http cache sax@https://pkgs.dev.azure.com/krossk/_packaging/Kros.Npm/npm/registry/sax/-/sax-1.4.1.tgz 0ms (cache hit)
587 http cache sass-loader@https://pkgs.dev.azure.com/krossk/_packaging/Kros.Npm/npm/registry/sass-loader/-/sass-loader-16.0.5.tgz 0ms (cache hit)
588 http cache saucelabs@https://pkgs.dev.azure.com/krossk/_packaging/Kros.Npm/npm/registry/saucelabs/-/saucelabs-1.5.0.tgz 0ms (cache hit)
589 http cache sass-embedded-linux-x64@https://pkgs.dev.azure.com/krossk/_packaging/Kros.Npm/npm/registry/sass-embedded-linux-x64/-/sass-embedded-linux-x64-1.86.0.tgz 0ms (cache hit)
590 http cache sass-embedded@https://pkgs.dev.azure.com/krossk/_packaging/Kros.Npm/npm/registry/sass-embedded/-/sass-embedded-1.86.0.tgz 0ms (cache hit)
591 http cache sass-embedded-linux-musl-x64@https://pkgs.dev.azure.com/krossk/_packaging/Kros.Npm/npm/registry/sass-embedded-linux-musl-x64/-/sass-embedded-linux-musl-x64-1.86.0.tgz 0ms (cache hit)
592 http cache sass@https://pkgs.dev.azure.com/krossk/_packaging/Kros.Npm/npm/registry/sass/-/sass-1.85.0.tgz 0ms (cache hit)
593 http cache safe-regex-test@https://pkgs.dev.azure.com/krossk/_packaging/Kros.Npm/npm/registry/safe-regex-test/-/safe-regex-test-1.1.0.tgz 0ms (cache hit)
594 http cache safer-buffer@https://pkgs.dev.azure.com/krossk/_packaging/Kros.Npm/npm/registry/safer-buffer/-/safer-buffer-2.1.2.tgz 0ms (cache hit)
595 http cache safe-push-apply@https://pkgs.dev.azure.com/krossk/_packaging/Kros.Npm/npm/registry/safe-push-apply/-/safe-push-apply-1.0.0.tgz 0ms (cache hit)
596 http cache safe-identifier@https://pkgs.dev.azure.com/krossk/_packaging/Kros.Npm/npm/registry/safe-identifier/-/safe-identifier-0.4.2.tgz 0ms (cache hit)
597 http cache safe-buffer@https://pkgs.dev.azure.com/krossk/_packaging/Kros.Npm/npm/registry/safe-buffer/-/safe-buffer-5.2.1.tgz 0ms (cache hit)
598 http cache safe-array-concat@https://pkgs.dev.azure.com/krossk/_packaging/Kros.Npm/npm/registry/safe-array-concat/-/safe-array-concat-1.1.3.tgz 0ms (cache hit)
599 http cache rxjs@https://pkgs.dev.azure.com/krossk/_packaging/Kros.Npm/npm/registry/rxjs/-/rxjs-7.8.1.tgz 0ms (cache hit)
600 http cache run-applescript@https://pkgs.dev.azure.com/krossk/_packaging/Kros.Npm/npm/registry/run-applescript/-/run-applescript-7.0.0.tgz 0ms (cache hit)
601 http cache run-parallel@https://pkgs.dev.azure.com/krossk/_packaging/Kros.Npm/npm/registry/run-parallel/-/run-parallel-1.2.0.tgz 0ms (cache hit)
602 http cache rslog@https://pkgs.dev.azure.com/krossk/_packaging/Kros.Npm/npm/registry/rslog/-/rslog-1.2.3.tgz 0ms (cache hit)
603 http cache rollup@https://pkgs.dev.azure.com/krossk/_packaging/Kros.Npm/npm/registry/rollup/-/rollup-4.34.8.tgz 0ms (cache hit)
604 http cache rrule@https://pkgs.dev.azure.com/krossk/_packaging/Kros.Npm/npm/registry/rrule/-/rrule-2.8.1.tgz 0ms (cache hit)
605 http cache rimraf@https://pkgs.dev.azure.com/krossk/_packaging/Kros.Npm/npm/registry/rimraf/-/rimraf-3.0.2.tgz 0ms (cache hit)
606 http cache retry@https://pkgs.dev.azure.com/krossk/_packaging/Kros.Npm/npm/registry/retry/-/retry-0.12.0.tgz 0ms (cache hit)
607 http cache rfdc@https://pkgs.dev.azure.com/krossk/_packaging/Kros.Npm/npm/registry/rfdc/-/rfdc-1.4.1.tgz 0ms (cache hit)
608 http cache reusify@https://pkgs.dev.azure.com/krossk/_packaging/Kros.Npm/npm/registry/reusify/-/reusify-1.0.4.tgz 0ms (cache hit)
609 http cache restore-cursor@https://pkgs.dev.azure.com/krossk/_packaging/Kros.Npm/npm/registry/restore-cursor/-/restore-cursor-3.1.0.tgz 0ms (cache hit)
610 http cache resolve.exports@https://pkgs.dev.azure.com/krossk/_packaging/Kros.Npm/npm/registry/resolve.exports/-/resolve.exports-2.0.3.tgz 0ms (cache hit)
611 http cache responselike@https://pkgs.dev.azure.com/krossk/_packaging/Kros.Npm/npm/registry/responselike/-/responselike-3.0.0.tgz 0ms (cache hit)
612 http cache resolve-dir@https://pkgs.dev.azure.com/krossk/_packaging/Kros.Npm/npm/registry/resolve-dir/-/resolve-dir-1.0.1.tgz 0ms (cache hit)
613 http cache resolve-from@https://pkgs.dev.azure.com/krossk/_packaging/Kros.Npm/npm/registry/resolve-from/-/resolve-from-5.0.0.tgz 0ms (cache hit)
614 http cache resolve-url-loader@https://pkgs.dev.azure.com/krossk/_packaging/Kros.Npm/npm/registry/resolve-url-loader/-/resolve-url-loader-5.0.0.tgz 0ms (cache hit)
615 http cache resolve-alpn@https://pkgs.dev.azure.com/krossk/_packaging/Kros.Npm/npm/registry/resolve-alpn/-/resolve-alpn-1.2.1.tgz 0ms (cache hit)
616 http cache resolve-cwd@https://pkgs.dev.azure.com/krossk/_packaging/Kros.Npm/npm/registry/resolve-cwd/-/resolve-cwd-3.0.0.tgz 0ms (cache hit)
617 http cache resolve@https://pkgs.dev.azure.com/krossk/_packaging/Kros.Npm/npm/registry/resolve/-/resolve-1.22.10.tgz 0ms (cache hit)
618 http cache resize-observer-polyfill@https://pkgs.dev.azure.com/krossk/_packaging/Kros.Npm/npm/registry/resize-observer-polyfill/-/resize-observer-polyfill-1.5.1.tgz 0ms (cache hit)
619 http cache requires-port@https://pkgs.dev.azure.com/krossk/_packaging/Kros.Npm/npm/registry/requires-port/-/requires-port-1.0.0.tgz 0ms (cache hit)
620 http cache require-main-filename@https://pkgs.dev.azure.com/krossk/_packaging/Kros.Npm/npm/registry/require-main-filename/-/require-main-filename-2.0.0.tgz 0ms (cache hit)
621 http cache require-from-string@https://pkgs.dev.azure.com/krossk/_packaging/Kros.Npm/npm/registry/require-from-string/-/require-from-string-2.0.2.tgz 0ms (cache hit)
622 http cache require-directory@https://pkgs.dev.azure.com/krossk/_packaging/Kros.Npm/npm/registry/require-directory/-/require-directory-2.1.1.tgz 0ms (cache hit)
623 http cache request-progress@https://pkgs.dev.azure.com/krossk/_packaging/Kros.Npm/npm/registry/request-progress/-/request-progress-3.0.0.tgz 0ms (cache hit)
624 http cache request@https://pkgs.dev.azure.com/krossk/_packaging/Kros.Npm/npm/registry/request/-/request-2.88.2.tgz 0ms (cache hit)
625 http cache regjsparser@https://pkgs.dev.azure.com/krossk/_packaging/Kros.Npm/npm/registry/regjsparser/-/regjsparser-0.12.0.tgz 0ms (cache hit)
626 http cache regjsgen@https://pkgs.dev.azure.com/krossk/_packaging/Kros.Npm/npm/registry/regjsgen/-/regjsgen-0.8.0.tgz 0ms (cache hit)
627 http cache regexpu-core@https://pkgs.dev.azure.com/krossk/_packaging/Kros.Npm/npm/registry/regexpu-core/-/regexpu-core-6.2.0.tgz 0ms (cache hit)
628 http cache regexp.prototype.flags@https://pkgs.dev.azure.com/krossk/_packaging/Kros.Npm/npm/registry/regexp.prototype.flags/-/regexp.prototype.flags-1.5.4.tgz 0ms (cache hit)
629 http cache regexp-util@https://pkgs.dev.azure.com/krossk/_packaging/Kros.Npm/npm/registry/regexp-util/-/regexp-util-2.0.3.tgz 0ms (cache hit)
630 http cache regexp-tree@https://pkgs.dev.azure.com/krossk/_packaging/Kros.Npm/npm/registry/regexp-tree/-/regexp-tree-0.1.27.tgz 0ms (cache hit)
631 http cache regexp-match-indices@https://pkgs.dev.azure.com/krossk/_packaging/Kros.Npm/npm/registry/regexp-match-indices/-/regexp-match-indices-1.0.2.tgz 0ms (cache hit)
632 http cache regex-parser@https://pkgs.dev.azure.com/krossk/_packaging/Kros.Npm/npm/registry/regex-parser/-/regex-parser-2.3.0.tgz 0ms (cache hit)
633 http cache regenerator-transform@https://pkgs.dev.azure.com/krossk/_packaging/Kros.Npm/npm/registry/regenerator-transform/-/regenerator-transform-0.15.2.tgz 0ms (cache hit)
634 http cache regenerator-runtime@https://pkgs.dev.azure.com/krossk/_packaging/Kros.Npm/npm/registry/regenerator-runtime/-/regenerator-runtime-0.14.1.tgz 0ms (cache hit)
635 http cache regenerate-unicode-properties@https://pkgs.dev.azure.com/krossk/_packaging/Kros.Npm/npm/registry/regenerate-unicode-properties/-/regenerate-unicode-properties-10.2.0.tgz 0ms (cache hit)
636 http cache reflect.getprototypeof@https://pkgs.dev.azure.com/krossk/_packaging/Kros.Npm/npm/registry/reflect.getprototypeof/-/reflect.getprototypeof-1.0.10.tgz 0ms (cache hit)
637 http cache regenerate@https://pkgs.dev.azure.com/krossk/_packaging/Kros.Npm/npm/registry/regenerate/-/regenerate-1.4.2.tgz 0ms (cache hit)
638 http cache reflect-metadata@https://pkgs.dev.azure.com/krossk/_packaging/Kros.Npm/npm/registry/reflect-metadata/-/reflect-metadata-0.2.2.tgz 0ms (cache hit)
639 http cache readdir-glob@https://pkgs.dev.azure.com/krossk/_packaging/Kros.Npm/npm/registry/readdir-glob/-/readdir-glob-1.1.3.tgz 0ms (cache hit)
640 http cache readdirp@https://pkgs.dev.azure.com/krossk/_packaging/Kros.Npm/npm/registry/readdirp/-/readdirp-4.1.1.tgz 0ms (cache hit)
641 http cache readable-stream@https://pkgs.dev.azure.com/krossk/_packaging/Kros.Npm/npm/registry/readable-stream/-/readable-stream-3.6.2.tgz 0ms (cache hit)
642 http cache read-pkg@https://pkgs.dev.azure.com/krossk/_packaging/Kros.Npm/npm/registry/read-pkg/-/read-pkg-3.0.0.tgz 0ms (cache hit)
643 http cache read-cache@https://pkgs.dev.azure.com/krossk/_packaging/Kros.Npm/npm/registry/read-cache/-/read-cache-1.0.0.tgz 0ms (cache hit)
644 http cache react-transition-group@https://pkgs.dev.azure.com/krossk/_packaging/Kros.Npm/npm/registry/react-transition-group/-/react-transition-group-4.4.5.tgz 0ms (cache hit)
645 http cache react-resizable@https://pkgs.dev.azure.com/krossk/_packaging/Kros.Npm/npm/registry/react-resizable/-/react-resizable-3.0.5.tgz 0ms (cache hit)
646 http cache react-style-singleton@https://pkgs.dev.azure.com/krossk/_packaging/Kros.Npm/npm/registry/react-style-singleton/-/react-style-singleton-2.2.3.tgz 0ms (cache hit)
647 http cache react-remove-scroll@https://pkgs.dev.azure.com/krossk/_packaging/Kros.Npm/npm/registry/react-remove-scroll/-/react-remove-scroll-2.7.0.tgz 0ms (cache hit)
648 http cache react-remove-scroll-bar@https://pkgs.dev.azure.com/krossk/_packaging/Kros.Npm/npm/registry/react-remove-scroll-bar/-/react-remove-scroll-bar-2.3.8.tgz 0ms (cache hit)
649 http cache react-refresh@https://pkgs.dev.azure.com/krossk/_packaging/Kros.Npm/npm/registry/react-refresh/-/react-refresh-0.17.0.tgz 0ms (cache hit)
650 http cache react-grid-layout@https://pkgs.dev.azure.com/krossk/_packaging/Kros.Npm/npm/registry/react-grid-layout/-/react-grid-layout-1.5.1.tgz 0ms (cache hit)
651 http cache react-draggable@https://pkgs.dev.azure.com/krossk/_packaging/Kros.Npm/npm/registry/react-draggable/-/react-draggable-4.4.6.tgz 0ms (cache hit)
652 http cache react-is@https://pkgs.dev.azure.com/krossk/_packaging/Kros.Npm/npm/registry/react-is/-/react-is-18.3.1.tgz 0ms (cache hit)
653 http cache react-dom@https://pkgs.dev.azure.com/krossk/_packaging/Kros.Npm/npm/registry/react-dom/-/react-dom-19.1.0.tgz 0ms (cache hit)
654 http cache react@https://pkgs.dev.azure.com/krossk/_packaging/Kros.Npm/npm/registry/react/-/react-19.1.0.tgz 0ms (cache hit)
655 http cache rc-virtual-list@https://pkgs.dev.azure.com/krossk/_packaging/Kros.Npm/npm/registry/rc-virtual-list/-/rc-virtual-list-3.18.6.tgz 0ms (cache hit)
656 http cache rc-picker@https://pkgs.dev.azure.com/krossk/_packaging/Kros.Npm/npm/registry/rc-picker/-/rc-picker-4.11.3.tgz 0ms (cache hit)
657 http cache rc-util@https://pkgs.dev.azure.com/krossk/_packaging/Kros.Npm/npm/registry/rc-util/-/rc-util-5.44.4.tgz 0ms (cache hit)
658 http cache rc-resize-observer@https://pkgs.dev.azure.com/krossk/_packaging/Kros.Npm/npm/registry/rc-resize-observer/-/rc-resize-observer-1.4.3.tgz 0ms (cache hit)
659 http cache rc-motion@https://pkgs.dev.azure.com/krossk/_packaging/Kros.Npm/npm/registry/rc-motion/-/rc-motion-2.9.5.tgz 0ms (cache hit)
660 http cache rc-overflow@https://pkgs.dev.azure.com/krossk/_packaging/Kros.Npm/npm/registry/rc-overflow/-/rc-overflow-1.4.1.tgz 0ms (cache hit)
661 http cache rc-menu@https://pkgs.dev.azure.com/krossk/_packaging/Kros.Npm/npm/registry/rc-menu/-/rc-menu-9.16.1.tgz 0ms (cache hit)
662 http cache rc-dropdown@https://pkgs.dev.azure.com/krossk/_packaging/Kros.Npm/npm/registry/rc-dropdown/-/rc-dropdown-4.2.1.tgz 0ms (cache hit)
663 http cache rc@https://pkgs.dev.azure.com/krossk/_packaging/Kros.Npm/npm/registry/rc/-/rc-1.2.8.tgz 0ms (cache hit)
664 http cache raw-body@https://pkgs.dev.azure.com/krossk/_packaging/Kros.Npm/npm/registry/raw-body/-/raw-body-2.5.2.tgz 0ms (cache hit)
665 http cache randombytes@https://pkgs.dev.azure.com/krossk/_packaging/Kros.Npm/npm/registry/randombytes/-/randombytes-2.1.0.tgz 0ms (cache hit)
666 http cache rbush@https://pkgs.dev.azure.com/krossk/_packaging/Kros.Npm/npm/registry/rbush/-/rbush-4.0.1.tgz 0ms (cache hit)
667 http cache range-parser@https://pkgs.dev.azure.com/krossk/_packaging/Kros.Npm/npm/registry/range-parser/-/range-parser-1.2.1.tgz 0ms (cache hit)
668 http cache rambda@https://pkgs.dev.azure.com/krossk/_packaging/Kros.Npm/npm/registry/rambda/-/rambda-9.4.2.tgz 0ms (cache hit)
669 http cache quill@https://pkgs.dev.azure.com/krossk/_packaging/Kros.Npm/npm/registry/quill/-/quill-2.0.3.tgz 0ms (cache hit)
670 http cache quickselect@https://pkgs.dev.azure.com/krossk/_packaging/Kros.Npm/npm/registry/quickselect/-/quickselect-3.0.0.tgz 0ms (cache hit)
671 http cache quill-delta@https://pkgs.dev.azure.com/krossk/_packaging/Kros.Npm/npm/registry/quill-delta/-/quill-delta-5.1.0.tgz 0ms (cache hit)
672 http cache queue-microtask@https://pkgs.dev.azure.com/krossk/_packaging/Kros.Npm/npm/registry/queue-microtask/-/queue-microtask-1.2.3.tgz 0ms (cache hit)
673 http cache quick-lru@https://pkgs.dev.azure.com/krossk/_packaging/Kros.Npm/npm/registry/quick-lru/-/quick-lru-5.1.1.tgz 0ms (cache hit)
674 http cache qs@https://pkgs.dev.azure.com/krossk/_packaging/Kros.Npm/npm/registry/qs/-/qs-6.14.0.tgz 0ms (cache hit)
675 http cache querystringify@https://pkgs.dev.azure.com/krossk/_packaging/Kros.Npm/npm/registry/querystringify/-/querystringify-2.2.0.tgz 0ms (cache hit)
676 http cache qjobs@https://pkgs.dev.azure.com/krossk/_packaging/Kros.Npm/npm/registry/qjobs/-/qjobs-1.2.0.tgz 0ms (cache hit)
677 http cache q@https://pkgs.dev.azure.com/krossk/_packaging/Kros.Npm/npm/registry/q/-/q-1.4.1.tgz 0ms (cache hit)
678 http cache punycode@https://pkgs.dev.azure.com/krossk/_packaging/Kros.Npm/npm/registry/punycode/-/punycode-1.4.1.tgz 0ms (cache hit)
679 http cache pure-rand@https://pkgs.dev.azure.com/krossk/_packaging/Kros.Npm/npm/registry/pure-rand/-/pure-rand-6.1.0.tgz 0ms (cache hit)
680 http cache pump@https://pkgs.dev.azure.com/krossk/_packaging/Kros.Npm/npm/registry/pump/-/pump-3.0.2.tgz 0ms (cache hit)
681 http cache prr@https://pkgs.dev.azure.com/krossk/_packaging/Kros.Npm/npm/registry/prr/-/prr-1.0.1.tgz 0ms (cache hit)
682 http cache psl@https://pkgs.dev.azure.com/krossk/_packaging/Kros.Npm/npm/registry/psl/-/psl-1.15.0.tgz 0ms (cache hit)
683 http cache proxy-from-env@https://pkgs.dev.azure.com/krossk/_packaging/Kros.Npm/npm/registry/proxy-from-env/-/proxy-from-env-1.1.0.tgz 0ms (cache hit)
684 http cache proxy-addr@https://pkgs.dev.azure.com/krossk/_packaging/Kros.Npm/npm/registry/proxy-addr/-/proxy-addr-2.0.7.tgz 0ms (cache hit)
685 http cache protractor@https://pkgs.dev.azure.com/krossk/_packaging/Kros.Npm/npm/registry/protractor/-/protractor-7.0.0.tgz 0ms (cache hit)
686 http cache protobufjs@https://pkgs.dev.azure.com/krossk/_packaging/Kros.Npm/npm/registry/protobufjs/-/protobufjs-7.4.0.tgz 0ms (cache hit)
687 http cache prompts@https://pkgs.dev.azure.com/krossk/_packaging/Kros.Npm/npm/registry/prompts/-/prompts-2.4.2.tgz 0ms (cache hit)
688 http cache prop-types@https://pkgs.dev.azure.com/krossk/_packaging/Kros.Npm/npm/registry/prop-types/-/prop-types-15.8.1.tgz 0ms (cache hit)
689 http cache promise-retry@https://pkgs.dev.azure.com/krossk/_packaging/Kros.Npm/npm/registry/promise-retry/-/promise-retry-2.0.1.tgz 0ms (cache hit)
690 http cache process-nextick-args@https://pkgs.dev.azure.com/krossk/_packaging/Kros.Npm/npm/registry/process-nextick-args/-/process-nextick-args-2.0.1.tgz 0ms (cache hit)
691 http cache process@https://pkgs.dev.azure.com/krossk/_packaging/Kros.Npm/npm/registry/process/-/process-0.11.10.tgz 0ms (cache hit)
692 http cache promise-inflight@https://pkgs.dev.azure.com/krossk/_packaging/Kros.Npm/npm/registry/promise-inflight/-/promise-inflight-1.0.1.tgz 0ms (cache hit)
693 http cache pretty-format@https://pkgs.dev.azure.com/krossk/_packaging/Kros.Npm/npm/registry/pretty-format/-/pretty-format-29.7.0.tgz 0ms (cache hit)
694 http cache proc-log@https://pkgs.dev.azure.com/krossk/_packaging/Kros.Npm/npm/registry/proc-log/-/proc-log-5.0.0.tgz 0ms (cache hit)
695 http cache pretty-bytes@https://pkgs.dev.azure.com/krossk/_packaging/Kros.Npm/npm/registry/pretty-bytes/-/pretty-bytes-5.6.0.tgz 0ms (cache hit)
696 http cache prettier-plugin-gherkin@https://pkgs.dev.azure.com/krossk/_packaging/Kros.Npm/npm/registry/prettier-plugin-gherkin/-/prettier-plugin-gherkin-3.1.2.tgz 0ms (cache hit)
697 http cache prettier@https://pkgs.dev.azure.com/krossk/_packaging/Kros.Npm/npm/registry/prettier/-/prettier-3.5.0.tgz 0ms (cache hit)
698 http cache postcss-value-parser@https://pkgs.dev.azure.com/krossk/_packaging/Kros.Npm/npm/registry/postcss-value-parser/-/postcss-value-parser-4.2.0.tgz 0ms (cache hit)
699 http cache prelude-ls@https://pkgs.dev.azure.com/krossk/_packaging/Kros.Npm/npm/registry/prelude-ls/-/prelude-ls-1.2.1.tgz 0ms (cache hit)
700 http cache postcss-url@https://pkgs.dev.azure.com/krossk/_packaging/Kros.Npm/npm/registry/postcss-url/-/postcss-url-10.1.3.tgz 0ms (cache hit)
701 http cache prebuild-install@https://pkgs.dev.azure.com/krossk/_packaging/Kros.Npm/npm/registry/prebuild-install/-/prebuild-install-7.1.3.tgz 0ms (cache hit)
702 http cache postcss-unique-selectors@https://pkgs.dev.azure.com/krossk/_packaging/Kros.Npm/npm/registry/postcss-unique-selectors/-/postcss-unique-selectors-6.0.4.tgz 0ms (cache hit)
703 http cache postcss-svgo@https://pkgs.dev.azure.com/krossk/_packaging/Kros.Npm/npm/registry/postcss-svgo/-/postcss-svgo-6.0.3.tgz 0ms (cache hit)
704 http cache postcss-selector-parser@https://pkgs.dev.azure.com/krossk/_packaging/Kros.Npm/npm/registry/postcss-selector-parser/-/postcss-selector-parser-6.1.2.tgz 0ms (cache hit)
705 http cache postcss-replace-overflow-wrap@https://pkgs.dev.azure.com/krossk/_packaging/Kros.Npm/npm/registry/postcss-replace-overflow-wrap/-/postcss-replace-overflow-wrap-4.0.0.tgz 0ms (cache hit)
706 http cache postcss-selector-not@https://pkgs.dev.azure.com/krossk/_packaging/Kros.Npm/npm/registry/postcss-selector-not/-/postcss-selector-not-5.0.0.tgz 0ms (cache hit)
707 http cache postcss-reduce-transforms@https://pkgs.dev.azure.com/krossk/_packaging/Kros.Npm/npm/registry/postcss-reduce-transforms/-/postcss-reduce-transforms-6.0.2.tgz 0ms (cache hit)
708 http cache postcss-pseudo-class-any-link@https://pkgs.dev.azure.com/krossk/_packaging/Kros.Npm/npm/registry/postcss-pseudo-class-any-link/-/postcss-pseudo-class-any-link-7.1.6.tgz 0ms (cache hit)
709 http cache postcss-reduce-initial@https://pkgs.dev.azure.com/krossk/_packaging/Kros.Npm/npm/registry/postcss-reduce-initial/-/postcss-reduce-initial-6.1.0.tgz 0ms (cache hit)
710 http cache postcss-preset-env@https://pkgs.dev.azure.com/krossk/_packaging/Kros.Npm/npm/registry/postcss-preset-env/-/postcss-preset-env-7.5.0.tgz 0ms (cache hit)
711 http cache postcss-place@https://pkgs.dev.azure.com/krossk/_packaging/Kros.Npm/npm/registry/postcss-place/-/postcss-place-7.0.5.tgz 0ms (cache hit)
712 http cache postcss-page-break@https://pkgs.dev.azure.com/krossk/_packaging/Kros.Npm/npm/registry/postcss-page-break/-/postcss-page-break-3.0.4.tgz 0ms (cache hit)
713 http cache postcss-overflow-shorthand@https://pkgs.dev.azure.com/krossk/_packaging/Kros.Npm/npm/registry/postcss-overflow-shorthand/-/postcss-overflow-shorthand-3.0.4.tgz 0ms (cache hit)
714 http cache postcss-ordered-values@https://pkgs.dev.azure.com/krossk/_packaging/Kros.Npm/npm/registry/postcss-ordered-values/-/postcss-ordered-values-6.0.2.tgz 0ms (cache hit)
715 http cache postcss-normalize-whitespace@https://pkgs.dev.azure.com/krossk/_packaging/Kros.Npm/npm/registry/postcss-normalize-whitespace/-/postcss-normalize-whitespace-6.0.2.tgz 0ms (cache hit)
716 http cache postcss-opacity-percentage@https://pkgs.dev.azure.com/krossk/_packaging/Kros.Npm/npm/registry/postcss-opacity-percentage/-/postcss-opacity-percentage-1.1.3.tgz 0ms (cache hit)
717 http cache postcss-normalize-url@https://pkgs.dev.azure.com/krossk/_packaging/Kros.Npm/npm/registry/postcss-normalize-url/-/postcss-normalize-url-6.0.2.tgz 0ms (cache hit)
718 http cache postcss-normalize-timing-functions@https://pkgs.dev.azure.com/krossk/_packaging/Kros.Npm/npm/registry/postcss-normalize-timing-functions/-/postcss-normalize-timing-functions-6.0.2.tgz 0ms (cache hit)
719 http cache postcss-normalize-unicode@https://pkgs.dev.azure.com/krossk/_packaging/Kros.Npm/npm/registry/postcss-normalize-unicode/-/postcss-normalize-unicode-6.1.0.tgz 0ms (cache hit)
720 http cache postcss-normalize-string@https://pkgs.dev.azure.com/krossk/_packaging/Kros.Npm/npm/registry/postcss-normalize-string/-/postcss-normalize-string-6.0.2.tgz 0ms (cache hit)
721 http cache postcss-normalize-positions@https://pkgs.dev.azure.com/krossk/_packaging/Kros.Npm/npm/registry/postcss-normalize-positions/-/postcss-normalize-positions-6.0.2.tgz 0ms (cache hit)
722 http cache postcss-normalize-repeat-style@https://pkgs.dev.azure.com/krossk/_packaging/Kros.Npm/npm/registry/postcss-normalize-repeat-style/-/postcss-normalize-repeat-style-6.0.2.tgz 0ms (cache hit)
723 http cache postcss-normalize-display-values@https://pkgs.dev.azure.com/krossk/_packaging/Kros.Npm/npm/registry/postcss-normalize-display-values/-/postcss-normalize-display-values-6.0.2.tgz 0ms (cache hit)
724 http cache postcss-nesting@https://pkgs.dev.azure.com/krossk/_packaging/Kros.Npm/npm/registry/postcss-nesting/-/postcss-nesting-10.2.0.tgz 0ms (cache hit)
725 http cache postcss-normalize-charset@https://pkgs.dev.azure.com/krossk/_packaging/Kros.Npm/npm/registry/postcss-normalize-charset/-/postcss-normalize-charset-6.0.2.tgz 0ms (cache hit)
726 http cache postcss-modules-scope@https://pkgs.dev.azure.com/krossk/_packaging/Kros.Npm/npm/registry/postcss-modules-scope/-/postcss-modules-scope-3.2.1.tgz 0ms (cache hit)
727 http cache postcss-modules-values@https://pkgs.dev.azure.com/krossk/_packaging/Kros.Npm/npm/registry/postcss-modules-values/-/postcss-modules-values-4.0.0.tgz 0ms (cache hit)
728 http cache postcss-modules-local-by-default@https://pkgs.dev.azure.com/krossk/_packaging/Kros.Npm/npm/registry/postcss-modules-local-by-default/-/postcss-modules-local-by-default-4.2.0.tgz 0ms (cache hit)
729 http cache postcss-modules-extract-imports@https://pkgs.dev.azure.com/krossk/_packaging/Kros.Npm/npm/registry/postcss-modules-extract-imports/-/postcss-modules-extract-imports-3.1.0.tgz 0ms (cache hit)
730 http cache postcss-minify-params@https://pkgs.dev.azure.com/krossk/_packaging/Kros.Npm/npm/registry/postcss-minify-params/-/postcss-minify-params-6.1.0.tgz 0ms (cache hit)
731 http cache postcss-minify-selectors@https://pkgs.dev.azure.com/krossk/_packaging/Kros.Npm/npm/registry/postcss-minify-selectors/-/postcss-minify-selectors-6.0.4.tgz 0ms (cache hit)
732 http cache postcss-minify-gradients@https://pkgs.dev.azure.com/krossk/_packaging/Kros.Npm/npm/registry/postcss-minify-gradients/-/postcss-minify-gradients-6.0.3.tgz 0ms (cache hit)
733 http cache postcss-minify-font-values@https://pkgs.dev.azure.com/krossk/_packaging/Kros.Npm/npm/registry/postcss-minify-font-values/-/postcss-minify-font-values-6.1.0.tgz 0ms (cache hit)
734 http cache postcss-merge-rules@https://pkgs.dev.azure.com/krossk/_packaging/Kros.Npm/npm/registry/postcss-merge-rules/-/postcss-merge-rules-6.1.1.tgz 0ms (cache hit)
735 http cache postcss-merge-longhand@https://pkgs.dev.azure.com/krossk/_packaging/Kros.Npm/npm/registry/postcss-merge-longhand/-/postcss-merge-longhand-6.0.5.tgz 0ms (cache hit)
736 http cache postcss-media-query-parser@https://pkgs.dev.azure.com/krossk/_packaging/Kros.Npm/npm/registry/postcss-media-query-parser/-/postcss-media-query-parser-0.2.3.tgz 0ms (cache hit)
737 http cache postcss-logical@https://pkgs.dev.azure.com/krossk/_packaging/Kros.Npm/npm/registry/postcss-logical/-/postcss-logical-5.0.4.tgz 0ms (cache hit)
738 http cache postcss-media-minmax@https://pkgs.dev.azure.com/krossk/_packaging/Kros.Npm/npm/registry/postcss-media-minmax/-/postcss-media-minmax-5.0.0.tgz 0ms (cache hit)
739 http cache postcss-loader@https://pkgs.dev.azure.com/krossk/_packaging/Kros.Npm/npm/registry/postcss-loader/-/postcss-loader-8.1.1.tgz 0ms (cache hit)
740 http cache postcss-image-set-function@https://pkgs.dev.azure.com/krossk/_packaging/Kros.Npm/npm/registry/postcss-image-set-function/-/postcss-image-set-function-4.0.7.tgz 0ms (cache hit)
741 http cache postcss-initial@https://pkgs.dev.azure.com/krossk/_packaging/Kros.Npm/npm/registry/postcss-initial/-/postcss-initial-4.0.1.tgz 0ms (cache hit)
742 http cache postcss-lab-function@https://pkgs.dev.azure.com/krossk/_packaging/Kros.Npm/npm/registry/postcss-lab-function/-/postcss-lab-function-4.2.1.tgz 0ms (cache hit)
743 http cache postcss-import@https://pkgs.dev.azure.com/krossk/_packaging/Kros.Npm/npm/registry/postcss-import/-/postcss-import-14.1.0.tgz 0ms (cache hit)
744 http cache postcss-gap-properties@https://pkgs.dev.azure.com/krossk/_packaging/Kros.Npm/npm/registry/postcss-gap-properties/-/postcss-gap-properties-3.0.5.tgz 0ms (cache hit)
745 http cache postcss-focus-within@https://pkgs.dev.azure.com/krossk/_packaging/Kros.Npm/npm/registry/postcss-focus-within/-/postcss-focus-within-5.0.4.tgz 0ms (cache hit)
746 http cache postcss-font-variant@https://pkgs.dev.azure.com/krossk/_packaging/Kros.Npm/npm/registry/postcss-font-variant/-/postcss-font-variant-5.0.0.tgz 0ms (cache hit)
747 http cache postcss-env-function@https://pkgs.dev.azure.com/krossk/_packaging/Kros.Npm/npm/registry/postcss-env-function/-/postcss-env-function-4.0.6.tgz 0ms (cache hit)
748 http cache postcss-focus-visible@https://pkgs.dev.azure.com/krossk/_packaging/Kros.Npm/npm/registry/postcss-focus-visible/-/postcss-focus-visible-6.0.4.tgz 0ms (cache hit)
749 http cache postcss-double-position-gradients@https://pkgs.dev.azure.com/krossk/_packaging/Kros.Npm/npm/registry/postcss-double-position-gradients/-/postcss-double-position-gradients-3.1.2.tgz 0ms (cache hit)
750 http cache postcss-discard-overridden@https://pkgs.dev.azure.com/krossk/_packaging/Kros.Npm/npm/registry/postcss-discard-overridden/-/postcss-discard-overridden-6.0.2.tgz 0ms (cache hit)
751 http cache postcss-discard-empty@https://pkgs.dev.azure.com/krossk/_packaging/Kros.Npm/npm/registry/postcss-discard-empty/-/postcss-discard-empty-6.0.3.tgz 0ms (cache hit)
752 http cache postcss-discard-duplicates@https://pkgs.dev.azure.com/krossk/_packaging/Kros.Npm/npm/registry/postcss-discard-duplicates/-/postcss-discard-duplicates-6.0.3.tgz 0ms (cache hit)
753 http cache postcss-dir-pseudo-class@https://pkgs.dev.azure.com/krossk/_packaging/Kros.Npm/npm/registry/postcss-dir-pseudo-class/-/postcss-dir-pseudo-class-6.0.5.tgz 0ms (cache hit)
754 http cache postcss-discard-comments@https://pkgs.dev.azure.com/krossk/_packaging/Kros.Npm/npm/registry/postcss-discard-comments/-/postcss-discard-comments-6.0.2.tgz 0ms (cache hit)
755 http cache postcss-custom-selectors@https://pkgs.dev.azure.com/krossk/_packaging/Kros.Npm/npm/registry/postcss-custom-selectors/-/postcss-custom-selectors-6.0.3.tgz 0ms (cache hit)
756 http cache postcss-custom-properties@https://pkgs.dev.azure.com/krossk/_packaging/Kros.Npm/npm/registry/postcss-custom-properties/-/postcss-custom-properties-12.1.11.tgz 0ms (cache hit)
757 http cache postcss-custom-media@https://pkgs.dev.azure.com/krossk/_packaging/Kros.Npm/npm/registry/postcss-custom-media/-/postcss-custom-media-8.0.2.tgz 0ms (cache hit)
758 http cache postcss-convert-values@https://pkgs.dev.azure.com/krossk/_packaging/Kros.Npm/npm/registry/postcss-convert-values/-/postcss-convert-values-6.1.0.tgz 0ms (cache hit)
759 http cache postcss-color-rebeccapurple@https://pkgs.dev.azure.com/krossk/_packaging/Kros.Npm/npm/registry/postcss-color-rebeccapurple/-/postcss-color-rebeccapurple-7.1.1.tgz 0ms (cache hit)
760 http cache postcss-colormin@https://pkgs.dev.azure.com/krossk/_packaging/Kros.Npm/npm/registry/postcss-colormin/-/postcss-colormin-6.1.0.tgz 0ms (cache hit)
761 http cache postcss-color-functional-notation@https://pkgs.dev.azure.com/krossk/_packaging/Kros.Npm/npm/registry/postcss-color-functional-notation/-/postcss-color-functional-notation-4.2.4.tgz 0ms (cache hit)
762 http cache postcss-color-hex-alpha@https://pkgs.dev.azure.com/krossk/_packaging/Kros.Npm/npm/registry/postcss-color-hex-alpha/-/postcss-color-hex-alpha-8.0.4.tgz 0ms (cache hit)
763 http cache postcss-clamp@https://pkgs.dev.azure.com/krossk/_packaging/Kros.Npm/npm/registry/postcss-clamp/-/postcss-clamp-4.1.0.tgz 0ms (cache hit)
764 http cache postcss-attribute-case-insensitive@https://pkgs.dev.azure.com/krossk/_packaging/Kros.Npm/npm/registry/postcss-attribute-case-insensitive/-/postcss-attribute-case-insensitive-5.0.2.tgz 0ms (cache hit)
765 http cache postcss-calc@https://pkgs.dev.azure.com/krossk/_packaging/Kros.Npm/npm/registry/postcss-calc/-/postcss-calc-9.0.1.tgz 0ms (cache hit)
766 http cache postcss@https://pkgs.dev.azure.com/krossk/_packaging/Kros.Npm/npm/registry/postcss/-/postcss-8.5.2.tgz 0ms (cache hit)
767 http cache portfinder@https://pkgs.dev.azure.com/krossk/_packaging/Kros.Npm/npm/registry/portfinder/-/portfinder-1.0.32.tgz 0ms (cache hit)
768 http cache possible-typed-array-names@https://pkgs.dev.azure.com/krossk/_packaging/Kros.Npm/npm/registry/possible-typed-array-names/-/possible-typed-array-names-1.0.0.tgz 0ms (cache hit)
769 http cache popper.js@https://pkgs.dev.azure.com/krossk/_packaging/Kros.Npm/npm/registry/popper.js/-/popper.js-1.16.1.tgz 0ms (cache hit)
770 http cache playwright-core@https://pkgs.dev.azure.com/krossk/_packaging/Kros.Npm/npm/registry/playwright-core/-/playwright-core-1.52.0.tgz 0ms (cache hit)
771 http cache playwright-bdd@https://pkgs.dev.azure.com/krossk/_packaging/Kros.Npm/npm/registry/playwright-bdd/-/playwright-bdd-8.2.1.tgz 0ms (cache hit)
772 http cache playwright@https://pkgs.dev.azure.com/krossk/_packaging/Kros.Npm/npm/registry/playwright/-/playwright-1.52.0.tgz 0ms (cache hit)
773 http cache pkg-dir@https://pkgs.dev.azure.com/krossk/_packaging/Kros.Npm/npm/registry/pkg-dir/-/pkg-dir-7.0.0.tgz 0ms (cache hit)
774 http cache pirates@https://pkgs.dev.azure.com/krossk/_packaging/Kros.Npm/npm/registry/pirates/-/pirates-4.0.6.tgz 0ms (cache hit)
775 http cache piscina@https://pkgs.dev.azure.com/krossk/_packaging/Kros.Npm/npm/registry/piscina/-/piscina-4.8.0.tgz 0ms (cache hit)
776 http cache pinkie-promise@https://pkgs.dev.azure.com/krossk/_packaging/Kros.Npm/npm/registry/pinkie-promise/-/pinkie-promise-2.0.1.tgz 0ms (cache hit)
777 http cache pify@https://pkgs.dev.azure.com/krossk/_packaging/Kros.Npm/npm/registry/pify/-/pify-2.3.0.tgz 0ms (cache hit)
778 http cache pinkie@https://pkgs.dev.azure.com/krossk/_packaging/Kros.Npm/npm/registry/pinkie/-/pinkie-2.0.4.tgz 0ms (cache hit)
779 http cache pidtree@https://pkgs.dev.azure.com/krossk/_packaging/Kros.Npm/npm/registry/pidtree/-/pidtree-0.3.1.tgz 0ms (cache hit)
780 http cache picocolors@https://pkgs.dev.azure.com/krossk/_packaging/Kros.Npm/npm/registry/picocolors/-/picocolors-1.1.1.tgz 0ms (cache hit)
781 http cache picomatch@https://pkgs.dev.azure.com/krossk/_packaging/Kros.Npm/npm/registry/picomatch/-/picomatch-4.0.2.tgz 0ms (cache hit)
782 http cache pend@https://pkgs.dev.azure.com/krossk/_packaging/Kros.Npm/npm/registry/pend/-/pend-1.2.0.tgz 0ms (cache hit)
783 http cache performance-now@https://pkgs.dev.azure.com/krossk/_packaging/Kros.Npm/npm/registry/performance-now/-/performance-now-2.1.0.tgz 0ms (cache hit)
784 http cache peek-readable@https://pkgs.dev.azure.com/krossk/_packaging/Kros.Npm/npm/registry/peek-readable/-/peek-readable-5.4.2.tgz 0ms (cache hit)
785 http cache pdfjs-dist@https://pkgs.dev.azure.com/krossk/_packaging/Kros.Npm/npm/registry/pdfjs-dist/-/pdfjs-dist-4.10.38.tgz 0ms (cache hit)
786 http cache path2d@https://pkgs.dev.azure.com/krossk/_packaging/Kros.Npm/npm/registry/path2d/-/path2d-0.2.2.tgz 0ms (cache hit)
787 http cache path-to-regexp@https://pkgs.dev.azure.com/krossk/_packaging/Kros.Npm/npm/registry/path-to-regexp/-/path-to-regexp-0.1.12.tgz 0ms (cache hit)
788 http cache path-type@https://pkgs.dev.azure.com/krossk/_packaging/Kros.Npm/npm/registry/path-type/-/path-type-4.0.0.tgz 0ms (cache hit)
789 http cache path-scurry@https://pkgs.dev.azure.com/krossk/_packaging/Kros.Npm/npm/registry/path-scurry/-/path-scurry-1.11.1.tgz 0ms (cache hit)
790 http cache path-key@https://pkgs.dev.azure.com/krossk/_packaging/Kros.Npm/npm/registry/path-key/-/path-key-3.1.1.tgz 0ms (cache hit)
791 http cache path-parse@https://pkgs.dev.azure.com/krossk/_packaging/Kros.Npm/npm/registry/path-parse/-/path-parse-1.0.7.tgz 0ms (cache hit)
792 http cache path-is-inside@https://pkgs.dev.azure.com/krossk/_packaging/Kros.Npm/npm/registry/path-is-inside/-/path-is-inside-1.0.2.tgz 0ms (cache hit)
793 http cache path-exists@https://pkgs.dev.azure.com/krossk/_packaging/Kros.Npm/npm/registry/path-exists/-/path-exists-4.0.0.tgz 0ms (cache hit)
794 http cache parseurl@https://pkgs.dev.azure.com/krossk/_packaging/Kros.Npm/npm/registry/parseurl/-/parseurl-1.3.3.tgz 0ms (cache hit)
795 http cache path-is-absolute@https://pkgs.dev.azure.com/krossk/_packaging/Kros.Npm/npm/registry/path-is-absolute/-/path-is-absolute-1.0.1.tgz 0ms (cache hit)
796 http cache parse5-sax-parser@https://pkgs.dev.azure.com/krossk/_packaging/Kros.Npm/npm/registry/parse5-sax-parser/-/parse5-sax-parser-7.0.0.tgz 0ms (cache hit)
797 http cache parse5-html-rewriting-stream@https://pkgs.dev.azure.com/krossk/_packaging/Kros.Npm/npm/registry/parse5-html-rewriting-stream/-/parse5-html-rewriting-stream-7.0.0.tgz 0ms (cache hit)
798 http cache parse5@https://pkgs.dev.azure.com/krossk/_packaging/Kros.Npm/npm/registry/parse5/-/parse5-7.2.1.tgz 0ms (cache hit)
799 http cache parse-json@https://pkgs.dev.azure.com/krossk/_packaging/Kros.Npm/npm/registry/parse-json/-/parse-json-5.2.0.tgz 0ms (cache hit)
800 http cache parse-passwd@https://pkgs.dev.azure.com/krossk/_packaging/Kros.Npm/npm/registry/parse-passwd/-/parse-passwd-1.0.0.tgz 0ms (cache hit)
801 http cache parse-node-version@https://pkgs.dev.azure.com/krossk/_packaging/Kros.Npm/npm/registry/parse-node-version/-/parse-node-version-1.0.1.tgz 0ms (cache hit)
802 http cache parchment@https://pkgs.dev.azure.com/krossk/_packaging/Kros.Npm/npm/registry/parchment/-/parchment-2.0.1.tgz 0ms (cache hit)
803 http cache parent-module@https://pkgs.dev.azure.com/krossk/_packaging/Kros.Npm/npm/registry/parent-module/-/parent-module-1.0.1.tgz 0ms (cache hit)
804 http cache pacote@https://pkgs.dev.azure.com/krossk/_packaging/Kros.Npm/npm/registry/pacote/-/pacote-20.0.0.tgz 0ms (cache hit)
805 http cache pako@https://pkgs.dev.azure.com/krossk/_packaging/Kros.Npm/npm/registry/pako/-/pako-1.0.11.tgz 0ms (cache hit)
806 http cache package-json-from-dist@https://pkgs.dev.azure.com/krossk/_packaging/Kros.Npm/npm/registry/package-json-from-dist/-/package-json-from-dist-1.0.1.tgz 0ms (cache hit)
807 http cache p-map@https://pkgs.dev.azure.com/krossk/_packaging/Kros.Npm/npm/registry/p-map/-/p-map-7.0.3.tgz 0ms (cache hit)
808 http cache p-retry@https://pkgs.dev.azure.com/krossk/_packaging/Kros.Npm/npm/registry/p-retry/-/p-retry-6.2.1.tgz 0ms (cache hit)
809 http cache p-try@https://pkgs.dev.azure.com/krossk/_packaging/Kros.Npm/npm/registry/p-try/-/p-try-2.2.0.tgz 0ms (cache hit)
810 http cache p-locate@https://pkgs.dev.azure.com/krossk/_packaging/Kros.Npm/npm/registry/p-locate/-/p-locate-4.1.0.tgz 0ms (cache hit)
811 http cache p-limit@https://pkgs.dev.azure.com/krossk/_packaging/Kros.Npm/npm/registry/p-limit/-/p-limit-3.1.0.tgz 0ms (cache hit)
812 http cache p-cancelable@https://pkgs.dev.azure.com/krossk/_packaging/Kros.Npm/npm/registry/p-cancelable/-/p-cancelable-3.0.0.tgz 0ms (cache hit)
813 http cache own-keys@https://pkgs.dev.azure.com/krossk/_packaging/Kros.Npm/npm/registry/own-keys/-/own-keys-1.0.1.tgz 0ms (cache hit)
814 http cache ot-text-unicode@https://pkgs.dev.azure.com/krossk/_packaging/Kros.Npm/npm/registry/ot-text-unicode/-/ot-text-unicode-4.0.0.tgz 0ms (cache hit)
815 http cache ospath@https://pkgs.dev.azure.com/krossk/_packaging/Kros.Npm/npm/registry/ospath/-/ospath-1.2.2.tgz 0ms (cache hit)
816 http cache ot-json1@https://pkgs.dev.azure.com/krossk/_packaging/Kros.Npm/npm/registry/ot-json1/-/ot-json1-1.0.2.tgz 0ms (cache hit)
817 http cache os-tmpdir@https://pkgs.dev.azure.com/krossk/_packaging/Kros.Npm/npm/registry/os-tmpdir/-/os-tmpdir-1.0.2.tgz 0ms (cache hit)
818 http cache ordered-binary@https://pkgs.dev.azure.com/krossk/_packaging/Kros.Npm/npm/registry/ordered-binary/-/ordered-binary-1.5.3.tgz 0ms (cache hit)
819 http cache opentype.js@https://pkgs.dev.azure.com/krossk/_packaging/Kros.Npm/npm/registry/opentype.js/-/opentype.js-1.3.4.tgz 0ms (cache hit)
820 http cache optionator@https://pkgs.dev.azure.com/krossk/_packaging/Kros.Npm/npm/registry/optionator/-/optionator-0.9.4.tgz 0ms (cache hit)
821 http cache ora@https://pkgs.dev.azure.com/krossk/_packaging/Kros.Npm/npm/registry/ora/-/ora-5.4.1.tgz 0ms (cache hit)
822 http cache opener@https://pkgs.dev.azure.com/krossk/_packaging/Kros.Npm/npm/registry/opener/-/opener-1.5.2.tgz 0ms (cache hit)
823 http cache opencollective-postinstall@https://pkgs.dev.azure.com/krossk/_packaging/Kros.Npm/npm/registry/opencollective-postinstall/-/opencollective-postinstall-2.0.3.tgz 0ms (cache hit)
824 http cache onetime@https://pkgs.dev.azure.com/krossk/_packaging/Kros.Npm/npm/registry/onetime/-/onetime-5.1.2.tgz 0ms (cache hit)
825 http cache only@https://pkgs.dev.azure.com/krossk/_packaging/Kros.Npm/npm/registry/only/-/only-0.0.2.tgz 0ms (cache hit)
826 http cache open@https://pkgs.dev.azure.com/krossk/_packaging/Kros.Npm/npm/registry/open/-/open-10.1.0.tgz 0ms (cache hit)
827 http cache on-headers@https://pkgs.dev.azure.com/krossk/_packaging/Kros.Npm/npm/registry/on-headers/-/on-headers-1.0.2.tgz 0ms (cache hit)
828 http cache once@https://pkgs.dev.azure.com/krossk/_packaging/Kros.Npm/npm/registry/once/-/once-1.4.0.tgz 0ms (cache hit)
829 http cache oidc-client-ts@https://pkgs.dev.azure.com/krossk/_packaging/Kros.Npm/npm/registry/oidc-client-ts/-/oidc-client-ts-2.2.4.tgz 0ms (cache hit)
830 http cache on-finished@https://pkgs.dev.azure.com/krossk/_packaging/Kros.Npm/npm/registry/on-finished/-/on-finished-2.4.1.tgz 0ms (cache hit)
831 http cache obuf@https://pkgs.dev.azure.com/krossk/_packaging/Kros.Npm/npm/registry/obuf/-/obuf-1.1.2.tgz 0ms (cache hit)
832 http cache object-assign@https://pkgs.dev.azure.com/krossk/_packaging/Kros.Npm/npm/registry/object-assign/-/object-assign-4.1.1.tgz 0ms (cache hit)
833 http cache object.assign@https://pkgs.dev.azure.com/krossk/_packaging/Kros.Npm/npm/registry/object.assign/-/object.assign-4.1.7.tgz 0ms (cache hit)
834 http cache object-keys@https://pkgs.dev.azure.com/krossk/_packaging/Kros.Npm/npm/registry/object-keys/-/object-keys-1.1.1.tgz 0ms (cache hit)
835 http cache object-inspect@https://pkgs.dev.azure.com/krossk/_packaging/Kros.Npm/npm/registry/object-inspect/-/object-inspect-1.13.4.tgz 0ms (cache hit)
836 http cache oauth-sign@https://pkgs.dev.azure.com/krossk/_packaging/Kros.Npm/npm/registry/oauth-sign/-/oauth-sign-0.9.0.tgz 0ms (cache hit)
837 http cache nx@https://pkgs.dev.azure.com/krossk/_packaging/Kros.Npm/npm/registry/nx/-/nx-20.8.2.tgz 0ms (cache hit)
838 http cache nwsapi@https://pkgs.dev.azure.com/krossk/_packaging/Kros.Npm/npm/registry/nwsapi/-/nwsapi-2.2.16.tgz 0ms (cache hit)
839 http cache numeral@https://pkgs.dev.azure.com/krossk/_packaging/Kros.Npm/npm/registry/numeral/-/numeral-2.0.6.tgz 0ms (cache hit)
840 http cache numfmt@https://pkgs.dev.azure.com/krossk/_packaging/Kros.Npm/npm/registry/numfmt/-/numfmt-2.5.2.tgz 0ms (cache hit)
841 http cache npm-run-all@https://pkgs.dev.azure.com/krossk/_packaging/Kros.Npm/npm/registry/npm-run-all/-/npm-run-all-4.1.5.tgz 0ms (cache hit)
842 http cache nth-check@https://pkgs.dev.azure.com/krossk/_packaging/Kros.Npm/npm/registry/nth-check/-/nth-check-2.1.1.tgz 0ms (cache hit)
843 http cache npm-run-path@https://pkgs.dev.azure.com/krossk/_packaging/Kros.Npm/npm/registry/npm-run-path/-/npm-run-path-4.0.1.tgz 0ms (cache hit)
844 http cache npm-registry-fetch@https://pkgs.dev.azure.com/krossk/_packaging/Kros.Npm/npm/registry/npm-registry-fetch/-/npm-registry-fetch-18.0.2.tgz 0ms (cache hit)
845 http cache npm-pick-manifest@https://pkgs.dev.azure.com/krossk/_packaging/Kros.Npm/npm/registry/npm-pick-manifest/-/npm-pick-manifest-10.0.0.tgz 0ms (cache hit)
846 http cache npm-packlist@https://pkgs.dev.azure.com/krossk/_packaging/Kros.Npm/npm/registry/npm-packlist/-/npm-packlist-9.0.0.tgz 0ms (cache hit)
847 http cache npm-package-arg@https://pkgs.dev.azure.com/krossk/_packaging/Kros.Npm/npm/registry/npm-package-arg/-/npm-package-arg-12.0.2.tgz 0ms (cache hit)
848 http cache npm-normalize-package-bin@https://pkgs.dev.azure.com/krossk/_packaging/Kros.Npm/npm/registry/npm-normalize-package-bin/-/npm-normalize-package-bin-4.0.0.tgz 0ms (cache hit)
849 http cache npm-install-checks@https://pkgs.dev.azure.com/krossk/_packaging/Kros.Npm/npm/registry/npm-install-checks/-/npm-install-checks-7.1.1.tgz 0ms (cache hit)
850 http cache npm-bundled@https://pkgs.dev.azure.com/krossk/_packaging/Kros.Npm/npm/registry/npm-bundled/-/npm-bundled-4.0.0.tgz 0ms (cache hit)
851 http cache normalize-path@https://pkgs.dev.azure.com/krossk/_packaging/Kros.Npm/npm/registry/normalize-path/-/normalize-path-3.0.0.tgz 0ms (cache hit)
852 http cache normalize-url@https://pkgs.dev.azure.com/krossk/_packaging/Kros.Npm/npm/registry/normalize-url/-/normalize-url-8.0.1.tgz 0ms (cache hit)
853 http cache normalize-range@https://pkgs.dev.azure.com/krossk/_packaging/Kros.Npm/npm/registry/normalize-range/-/normalize-range-0.1.2.tgz 0ms (cache hit)
854 http cache nopt@https://pkgs.dev.azure.com/krossk/_packaging/Kros.Npm/npm/registry/nopt/-/nopt-8.1.0.tgz 0ms (cache hit)
855 http cache normalize-package-data@https://pkgs.dev.azure.com/krossk/_packaging/Kros.Npm/npm/registry/normalize-package-data/-/normalize-package-data-2.5.0.tgz 0ms (cache hit)
856 http cache node-schedule@https://pkgs.dev.azure.com/krossk/_packaging/Kros.Npm/npm/registry/node-schedule/-/node-schedule-2.1.1.tgz 0ms (cache hit)
857 http cache node-releases@https://pkgs.dev.azure.com/krossk/_packaging/Kros.Npm/npm/registry/node-releases/-/node-releases-2.0.19.tgz 0ms (cache hit)
858 http cache node-machine-id@https://pkgs.dev.azure.com/krossk/_packaging/Kros.Npm/npm/registry/node-machine-id/-/node-machine-id-1.1.12.tgz 0ms (cache hit)
859 http cache node-int64@https://pkgs.dev.azure.com/krossk/_packaging/Kros.Npm/npm/registry/node-int64/-/node-int64-0.4.0.tgz 0ms (cache hit)
860 http cache node-gyp-build-optional-packages@https://pkgs.dev.azure.com/krossk/_packaging/Kros.Npm/npm/registry/node-gyp-build-optional-packages/-/node-gyp-build-optional-packages-5.2.2.tgz 0ms (cache hit)
861 http cache node-gyp@https://pkgs.dev.azure.com/krossk/_packaging/Kros.Npm/npm/registry/node-gyp/-/node-gyp-11.0.0.tgz 0ms (cache hit)
862 http cache node-forge@https://pkgs.dev.azure.com/krossk/_packaging/Kros.Npm/npm/registry/node-forge/-/node-forge-1.3.1.tgz 0ms (cache hit)
863 http cache node-fetch@https://pkgs.dev.azure.com/krossk/_packaging/Kros.Npm/npm/registry/node-fetch/-/node-fetch-2.7.0.tgz 0ms (cache hit)
864 http cache node-abort-controller@https://pkgs.dev.azure.com/krossk/_packaging/Kros.Npm/npm/registry/node-abort-controller/-/node-abort-controller-3.1.1.tgz 0ms (cache hit)
865 http cache node-addon-api@https://pkgs.dev.azure.com/krossk/_packaging/Kros.Npm/npm/registry/node-addon-api/-/node-addon-api-6.1.0.tgz 0ms (cache hit)
866 http cache node-abi@https://pkgs.dev.azure.com/krossk/_packaging/Kros.Npm/npm/registry/node-abi/-/node-abi-3.74.0.tgz 0ms (cache hit)
867 http cache nice-try@https://pkgs.dev.azure.com/krossk/_packaging/Kros.Npm/npm/registry/nice-try/-/nice-try-1.0.5.tgz 0ms (cache hit)
868 http cache ngx-translate-multi-http-loader@https://pkgs.dev.azure.com/krossk/_packaging/Kros.Npm/npm/registry/ngx-translate-multi-http-loader/-/ngx-translate-multi-http-loader-19.0.2.tgz 0ms (cache hit)
869 http cache ngx-translate-messageformat-compiler@https://pkgs.dev.azure.com/krossk/_packaging/Kros.Npm/npm/registry/ngx-translate-messageformat-compiler/-/ngx-translate-messageformat-compiler-7.1.0.tgz 0ms (cache hit)
870 http cache ngx-quill@https://pkgs.dev.azure.com/krossk/_packaging/Kros.Npm/npm/registry/ngx-quill/-/ngx-quill-27.0.0.tgz 0ms (cache hit)
871 http cache ngx-image-cropper@https://pkgs.dev.azure.com/krossk/_packaging/Kros.Npm/npm/registry/ngx-image-cropper/-/ngx-image-cropper-9.1.1.tgz 0ms (cache hit)
872 http cache ngx-image2dataurl@https://pkgs.dev.azure.com/krossk/_packaging/Kros.Npm/npm/registry/ngx-image2dataurl/-/ngx-image2dataurl-15.0.0.tgz 0ms (cache hit)
873 http cache ngx-chips@https://pkgs.dev.azure.com/krossk/_packaging/Kros.Npm/npm/registry/ngx-chips/-/ngx-chips-3.0.0.tgz 0ms (cache hit)
874 http cache ngrx-forms@https://pkgs.dev.azure.com/krossk/_packaging/Kros.Npm/npm/registry/ngrx-forms/-/ngrx-forms-8.0.0.tgz 0ms (cache hit)
875 http cache ngrx-store-localstorage@https://pkgs.dev.azure.com/krossk/_packaging/Kros.Npm/npm/registry/ngrx-store-localstorage/-/ngrx-store-localstorage-19.0.0.tgz 0ms (cache hit)
876 http cache ngx-cookie-service@https://pkgs.dev.azure.com/krossk/_packaging/Kros.Npm/npm/registry/ngx-cookie-service/-/ngx-cookie-service-19.1.0.tgz 0ms (cache hit)
877 http cache ng2-pdfjs-viewer@https://pkgs.dev.azure.com/krossk/_packaging/Kros.Npm/npm/registry/ng2-pdfjs-viewer/-/ng2-pdfjs-viewer-19.0.0.tgz 0ms (cache hit)
878 http cache ng2-pdf-viewer@https://pkgs.dev.azure.com/krossk/_packaging/Kros.Npm/npm/registry/ng2-pdf-viewer/-/ng2-pdf-viewer-10.4.0.tgz 0ms (cache hit)
879 http cache ng-packagr@https://pkgs.dev.azure.com/krossk/_packaging/Kros.Npm/npm/registry/ng-packagr/-/ng-packagr-19.2.0.tgz 0ms (cache hit)
880 http cache ng2-material-dropdown@https://pkgs.dev.azure.com/krossk/_packaging/Kros.Npm/npm/registry/ng2-material-dropdown/-/ng2-material-dropdown-1.0.0.tgz 0ms (cache hit)
881 http cache ng2-file-upload@https://pkgs.dev.azure.com/krossk/_packaging/Kros.Npm/npm/registry/ng2-file-upload/-/ng2-file-upload-8.0.0.tgz 0ms (cache hit)
882 http cache neo-async@https://pkgs.dev.azure.com/krossk/_packaging/Kros.Npm/npm/registry/neo-async/-/neo-async-2.6.2.tgz 0ms (cache hit)
883 http cache negotiator@https://pkgs.dev.azure.com/krossk/_packaging/Kros.Npm/npm/registry/negotiator/-/negotiator-0.6.3.tgz 0ms (cache hit)
884 http cache needle@https://pkgs.dev.azure.com/krossk/_packaging/Kros.Npm/npm/registry/needle/-/needle-3.3.1.tgz 0ms (cache hit)
885 http cache natural-compare@https://pkgs.dev.azure.com/krossk/_packaging/Kros.Npm/npm/registry/natural-compare/-/natural-compare-1.4.0.tgz 0ms (cache hit)
886 http cache nanoid@https://pkgs.dev.azure.com/krossk/_packaging/Kros.Npm/npm/registry/nanoid/-/nanoid-5.1.5.tgz 0ms (cache hit)
887 http cache napi-build-utils@https://pkgs.dev.azure.com/krossk/_packaging/Kros.Npm/npm/registry/napi-build-utils/-/napi-build-utils-2.0.0.tgz 0ms (cache hit)
888 http cache n-gram@https://pkgs.dev.azure.com/krossk/_packaging/Kros.Npm/npm/registry/n-gram/-/n-gram-2.0.2.tgz 0ms (cache hit)
889 http cache multicast-dns@https://pkgs.dev.azure.com/krossk/_packaging/Kros.Npm/npm/registry/multicast-dns/-/multicast-dns-7.2.5.tgz 0ms (cache hit)
890 http cache mute-stream@https://pkgs.dev.azure.com/krossk/_packaging/Kros.Npm/npm/registry/mute-stream/-/mute-stream-2.0.0.tgz 0ms (cache hit)
891 http cache msgpackr-extract@https://pkgs.dev.azure.com/krossk/_packaging/Kros.Npm/npm/registry/msgpackr-extract/-/msgpackr-extract-3.0.3.tgz 0ms (cache hit)
892 http cache ms@https://pkgs.dev.azure.com/krossk/_packaging/Kros.Npm/npm/registry/ms/-/ms-2.1.3.tgz 0ms (cache hit)
893 http cache msgpackr@https://pkgs.dev.azure.com/krossk/_packaging/Kros.Npm/npm/registry/msgpackr/-/msgpackr-1.11.2.tgz 0ms (cache hit)
894 http cache mrmime@https://pkgs.dev.azure.com/krossk/_packaging/Kros.Npm/npm/registry/mrmime/-/mrmime-2.0.1.tgz 0ms (cache hit)
895 http cache moo@https://pkgs.dev.azure.com/krossk/_packaging/Kros.Npm/npm/registry/moo/-/moo-0.5.2.tgz 0ms (cache hit)
896 http cache mkdirp-classic@https://pkgs.dev.azure.com/krossk/_packaging/Kros.Npm/npm/registry/mkdirp-classic/-/mkdirp-classic-0.5.3.tgz 0ms (cache hit)
897 http cache mkdirp@https://pkgs.dev.azure.com/krossk/_packaging/Kros.Npm/npm/registry/mkdirp/-/mkdirp-1.0.4.tgz 0ms (cache hit)
898 http cache minizlib@https://pkgs.dev.azure.com/krossk/_packaging/Kros.Npm/npm/registry/minizlib/-/minizlib-3.0.1.tgz 0ms (cache hit)
899 http cache minipass-pipeline@https://pkgs.dev.azure.com/krossk/_packaging/Kros.Npm/npm/registry/minipass-pipeline/-/minipass-pipeline-1.2.4.tgz 0ms (cache hit)
900 http cache minipass-sized@https://pkgs.dev.azure.com/krossk/_packaging/Kros.Npm/npm/registry/minipass-sized/-/minipass-sized-1.0.3.tgz 0ms (cache hit)
901 http cache minipass-flush@https://pkgs.dev.azure.com/krossk/_packaging/Kros.Npm/npm/registry/minipass-flush/-/minipass-flush-1.0.5.tgz 0ms (cache hit)
902 http cache minipass-collect@https://pkgs.dev.azure.com/krossk/_packaging/Kros.Npm/npm/registry/minipass-collect/-/minipass-collect-2.0.1.tgz 0ms (cache hit)
903 http cache minipass-fetch@https://pkgs.dev.azure.com/krossk/_packaging/Kros.Npm/npm/registry/minipass-fetch/-/minipass-fetch-4.0.0.tgz 0ms (cache hit)
904 http cache minipass@https://pkgs.dev.azure.com/krossk/_packaging/Kros.Npm/npm/registry/minipass/-/minipass-7.1.2.tgz 0ms (cache hit)
905 http cache minimist@https://pkgs.dev.azure.com/krossk/_packaging/Kros.Npm/npm/registry/minimist/-/minimist-1.2.8.tgz 0ms (cache hit)
906 http cache minimatch@https://pkgs.dev.azure.com/krossk/_packaging/Kros.Npm/npm/registry/minimatch/-/minimatch-9.0.3.tgz 0ms (cache hit)
907 http cache minimalistic-assert@https://pkgs.dev.azure.com/krossk/_packaging/Kros.Npm/npm/registry/minimalistic-assert/-/minimalistic-assert-1.0.1.tgz 0ms (cache hit)
908 http cache mini-css-extract-plugin@https://pkgs.dev.azure.com/krossk/_packaging/Kros.Npm/npm/registry/mini-css-extract-plugin/-/mini-css-extract-plugin-2.9.2.tgz 0ms (cache hit)
909 http cache mimic-function@https://pkgs.dev.azure.com/krossk/_packaging/Kros.Npm/npm/registry/mimic-function/-/mimic-function-5.0.1.tgz 0ms (cache hit)
910 http cache mimic-response@https://pkgs.dev.azure.com/krossk/_packaging/Kros.Npm/npm/registry/mimic-response/-/mimic-response-4.0.0.tgz 0ms (cache hit)
911 http cache mimic-fn@https://pkgs.dev.azure.com/krossk/_packaging/Kros.Npm/npm/registry/mimic-fn/-/mimic-fn-2.1.0.tgz 0ms (cache hit)
912 http cache mime-types@https://pkgs.dev.azure.com/krossk/_packaging/Kros.Npm/npm/registry/mime-types/-/mime-types-2.1.35.tgz 0ms (cache hit)
913 http cache mime-db@https://pkgs.dev.azure.com/krossk/_packaging/Kros.Npm/npm/registry/mime-db/-/mime-db-1.53.0.tgz 0ms (cache hit)
914 http cache mime@https://pkgs.dev.azure.com/krossk/_packaging/Kros.Npm/npm/registry/mime/-/mime-1.6.0.tgz 0ms (cache hit)
915 http cache micromatch@https://pkgs.dev.azure.com/krossk/_packaging/Kros.Npm/npm/registry/micromatch/-/micromatch-4.0.8.tgz 0ms (cache hit)
916 http cache merge2@https://pkgs.dev.azure.com/krossk/_packaging/Kros.Npm/npm/registry/merge2/-/merge2-1.4.1.tgz 0ms (cache hit)
917 http cache methods@https://pkgs.dev.azure.com/krossk/_packaging/Kros.Npm/npm/registry/methods/-/methods-1.1.2.tgz 0ms (cache hit)
918 http cache merge-stream@https://pkgs.dev.azure.com/krossk/_packaging/Kros.Npm/npm/registry/merge-stream/-/merge-stream-2.0.0.tgz 0ms (cache hit)
919 http cache memorystream@https://pkgs.dev.azure.com/krossk/_packaging/Kros.Npm/npm/registry/memorystream/-/memorystream-0.3.1.tgz 0ms (cache hit)
920 http cache merge-descriptors@https://pkgs.dev.azure.com/krossk/_packaging/Kros.Npm/npm/registry/merge-descriptors/-/merge-descriptors-1.0.3.tgz 0ms (cache hit)
921 http cache memory-fs@https://pkgs.dev.azure.com/krossk/_packaging/Kros.Npm/npm/registry/memory-fs/-/memory-fs-0.5.0.tgz 0ms (cache hit)
922 http cache media-typer@https://pkgs.dev.azure.com/krossk/_packaging/Kros.Npm/npm/registry/media-typer/-/media-typer-0.3.0.tgz 0ms (cache hit)
923 http cache memfs@https://pkgs.dev.azure.com/krossk/_packaging/Kros.Npm/npm/registry/memfs/-/memfs-3.6.0.tgz 0ms (cache hit)
924 http cache mdn-data@https://pkgs.dev.azure.com/krossk/_packaging/Kros.Npm/npm/registry/mdn-data/-/mdn-data-2.0.30.tgz 0ms (cache hit)
925 http cache math-intrinsics@https://pkgs.dev.azure.com/krossk/_packaging/Kros.Npm/npm/registry/math-intrinsics/-/math-intrinsics-1.1.0.tgz 0ms (cache hit)
926 http cache makeerror@https://pkgs.dev.azure.com/krossk/_packaging/Kros.Npm/npm/registry/makeerror/-/makeerror-1.0.12.tgz 0ms (cache hit)
927 http cache make-plural@https://pkgs.dev.azure.com/krossk/_packaging/Kros.Npm/npm/registry/make-plural/-/make-plural-7.4.0.tgz 0ms (cache hit)
928 http cache make-fetch-happen@https://pkgs.dev.azure.com/krossk/_packaging/Kros.Npm/npm/registry/make-fetch-happen/-/make-fetch-happen-14.0.3.tgz 0ms (cache hit)
929 http cache make-dir@https://pkgs.dev.azure.com/krossk/_packaging/Kros.Npm/npm/registry/make-dir/-/make-dir-4.0.0.tgz 0ms (cache hit)
930 http cache make-error@https://pkgs.dev.azure.com/krossk/_packaging/Kros.Npm/npm/registry/make-error/-/make-error-1.3.6.tgz 0ms (cache hit)
931 http cache magic-string@https://pkgs.dev.azure.com/krossk/_packaging/Kros.Npm/npm/registry/magic-string/-/magic-string-0.30.17.tgz 0ms (cache hit)
932 http cache luxon@https://pkgs.dev.azure.com/krossk/_packaging/Kros.Npm/npm/registry/luxon/-/luxon-3.5.0.tgz 0ms (cache hit)
933 http cache lru-cache@https://pkgs.dev.azure.com/krossk/_packaging/Kros.Npm/npm/registry/lru-cache/-/lru-cache-5.1.1.tgz 0ms (cache hit)
934 http cache lowercase-keys@https://pkgs.dev.azure.com/krossk/_packaging/Kros.Npm/npm/registry/lowercase-keys/-/lowercase-keys-3.0.0.tgz 0ms (cache hit)
935 http cache loose-envify@https://pkgs.dev.azure.com/krossk/_packaging/Kros.Npm/npm/registry/loose-envify/-/loose-envify-1.4.0.tgz 0ms (cache hit)
936 http cache long@https://pkgs.dev.azure.com/krossk/_packaging/Kros.Npm/npm/registry/long/-/long-5.3.2.tgz 0ms (cache hit)
937 http cache long-timeout@https://pkgs.dev.azure.com/krossk/_packaging/Kros.Npm/npm/registry/long-timeout/-/long-timeout-0.1.1.tgz 0ms (cache hit)
938 http cache loglevel-plugin-prefix@https://pkgs.dev.azure.com/krossk/_packaging/Kros.Npm/npm/registry/loglevel-plugin-prefix/-/loglevel-plugin-prefix-0.8.4.tgz 0ms (cache hit)
939 http cache log4js@https://pkgs.dev.azure.com/krossk/_packaging/Kros.Npm/npm/registry/log4js/-/log4js-6.9.1.tgz 0ms (cache hit)
940 http cache loglevel@https://pkgs.dev.azure.com/krossk/_packaging/Kros.Npm/npm/registry/loglevel/-/loglevel-1.9.2.tgz 0ms (cache hit)
941 http cache log-update@https://pkgs.dev.azure.com/krossk/_packaging/Kros.Npm/npm/registry/log-update/-/log-update-6.1.0.tgz 0ms (cache hit)
942 http cache lodash.uniq@https://pkgs.dev.azure.com/krossk/_packaging/Kros.Npm/npm/registry/lodash.uniq/-/lodash.uniq-4.5.0.tgz 0ms (cache hit)
943 http cache log-symbols@https://pkgs.dev.azure.com/krossk/_packaging/Kros.Npm/npm/registry/log-symbols/-/log-symbols-4.1.0.tgz 0ms (cache hit)
944 http cache lodash.union@https://pkgs.dev.azure.com/krossk/_packaging/Kros.Npm/npm/registry/lodash.union/-/lodash.union-4.6.0.tgz 0ms (cache hit)
945 http cache lodash.once@https://pkgs.dev.azure.com/krossk/_packaging/Kros.Npm/npm/registry/lodash.once/-/lodash.once-4.1.1.tgz 0ms (cache hit)
946 http cache lodash.merge@https://pkgs.dev.azure.com/krossk/_packaging/Kros.Npm/npm/registry/lodash.merge/-/lodash.merge-4.6.2.tgz 0ms (cache hit)
947 http cache lodash.memoize@https://pkgs.dev.azure.com/krossk/_packaging/Kros.Npm/npm/registry/lodash.memoize/-/lodash.memoize-4.1.2.tgz 0ms (cache hit)
948 http cache lodash.isundefined@https://pkgs.dev.azure.com/krossk/_packaging/Kros.Npm/npm/registry/lodash.isundefined/-/lodash.isundefined-3.0.1.tgz 0ms (cache hit)
949 http cache lodash.isstring@https://pkgs.dev.azure.com/krossk/_packaging/Kros.Npm/npm/registry/lodash.isstring/-/lodash.isstring-4.0.1.tgz 0ms (cache hit)
950 http cache lodash.isplainobject@https://pkgs.dev.azure.com/krossk/_packaging/Kros.Npm/npm/registry/lodash.isplainobject/-/lodash.isplainobject-4.0.6.tgz 0ms (cache hit)
951 http cache lodash.isnumber@https://pkgs.dev.azure.com/krossk/_packaging/Kros.Npm/npm/registry/lodash.isnumber/-/lodash.isnumber-3.0.3.tgz 0ms (cache hit)
952 http cache lodash.isnil@https://pkgs.dev.azure.com/krossk/_packaging/Kros.Npm/npm/registry/lodash.isnil/-/lodash.isnil-4.0.0.tgz 0ms (cache hit)
953 http cache lodash.isfunction@https://pkgs.dev.azure.com/krossk/_packaging/Kros.Npm/npm/registry/lodash.isfunction/-/lodash.isfunction-3.0.9.tgz 0ms (cache hit)
954 http cache lodash.isinteger@https://pkgs.dev.azure.com/krossk/_packaging/Kros.Npm/npm/registry/lodash.isinteger/-/lodash.isinteger-4.0.4.tgz 0ms (cache hit)
955 http cache lodash.isequal@https://pkgs.dev.azure.com/krossk/_packaging/Kros.Npm/npm/registry/lodash.isequal/-/lodash.isequal-4.5.0.tgz 0ms (cache hit)
956 http cache lodash.isboolean@https://pkgs.dev.azure.com/krossk/_packaging/Kros.Npm/npm/registry/lodash.isboolean/-/lodash.isboolean-3.0.3.tgz 0ms (cache hit)
957 http cache lodash.includes@https://pkgs.dev.azure.com/krossk/_packaging/Kros.Npm/npm/registry/lodash.includes/-/lodash.includes-4.3.0.tgz 0ms (cache hit)
958 http cache lodash.groupby@https://pkgs.dev.azure.com/krossk/_packaging/Kros.Npm/npm/registry/lodash.groupby/-/lodash.groupby-4.6.0.tgz 0ms (cache hit)
959 http cache lodash.difference@https://pkgs.dev.azure.com/krossk/_packaging/Kros.Npm/npm/registry/lodash.difference/-/lodash.difference-4.5.0.tgz 0ms (cache hit)
960 http cache lodash.flatten@https://pkgs.dev.azure.com/krossk/_packaging/Kros.Npm/npm/registry/lodash.flatten/-/lodash.flatten-4.4.0.tgz 0ms (cache hit)
961 http cache lodash.escaperegexp@https://pkgs.dev.azure.com/krossk/_packaging/Kros.Npm/npm/registry/lodash.escaperegexp/-/lodash.escaperegexp-4.1.2.tgz 0ms (cache hit)
962 http cache lodash.defaults@https://pkgs.dev.azure.com/krossk/_packaging/Kros.Npm/npm/registry/lodash.defaults/-/lodash.defaults-4.2.0.tgz 0ms (cache hit)
963 http cache lodash.debounce@https://pkgs.dev.azure.com/krossk/_packaging/Kros.Npm/npm/registry/lodash.debounce/-/lodash.debounce-4.0.8.tgz 0ms (cache hit)
964 http cache lodash.clonedeepwith@https://pkgs.dev.azure.com/krossk/_packaging/Kros.Npm/npm/registry/lodash.clonedeepwith/-/lodash.clonedeepwith-4.5.0.tgz 0ms (cache hit)
965 http cache lodash.clonedeep@https://pkgs.dev.azure.com/krossk/_packaging/Kros.Npm/npm/registry/lodash.clonedeep/-/lodash.clonedeep-4.5.0.tgz 0ms (cache hit)
966 http cache lodash-es@https://pkgs.dev.azure.com/krossk/_packaging/Kros.Npm/npm/registry/lodash-es/-/lodash-es-4.17.21.tgz 0ms (cache hit)
967 http cache lodash.camelcase@https://pkgs.dev.azure.com/krossk/_packaging/Kros.Npm/npm/registry/lodash.camelcase/-/lodash.camelcase-4.3.0.tgz 0ms (cache hit)
968 http cache lodash@https://pkgs.dev.azure.com/krossk/_packaging/Kros.Npm/npm/registry/lodash/-/lodash-4.17.21.tgz 0ms (cache hit)
969 http cache localforage@https://pkgs.dev.azure.com/krossk/_packaging/Kros.Npm/npm/registry/localforage/-/localforage-1.10.0.tgz 0ms (cache hit)
970 http cache locate-path@https://pkgs.dev.azure.com/krossk/_packaging/Kros.Npm/npm/registry/locate-path/-/locate-path-5.0.0.tgz 0ms (cache hit)
971 http cache loader-utils@https://pkgs.dev.azure.com/krossk/_packaging/Kros.Npm/npm/registry/loader-utils/-/loader-utils-3.3.1.tgz 0ms (cache hit)
972 http cache load-json-file@https://pkgs.dev.azure.com/krossk/_packaging/Kros.Npm/npm/registry/load-json-file/-/load-json-file-4.0.0.tgz 0ms (cache hit)
973 http cache loader-runner@https://pkgs.dev.azure.com/krossk/_packaging/Kros.Npm/npm/registry/loader-runner/-/loader-runner-4.3.0.tgz 0ms (cache hit)
974 http cache lmdb@https://pkgs.dev.azure.com/krossk/_packaging/Kros.Npm/npm/registry/lmdb/-/lmdb-3.2.6.tgz 0ms (cache hit)
975 http cache listr2@https://pkgs.dev.azure.com/krossk/_packaging/Kros.Npm/npm/registry/listr2/-/listr2-8.2.5.tgz 0ms (cache hit)
976 http cache listenercount@https://pkgs.dev.azure.com/krossk/_packaging/Kros.Npm/npm/registry/listenercount/-/listenercount-1.0.1.tgz 0ms (cache hit)
977 http cache lines-and-columns@https://pkgs.dev.azure.com/krossk/_packaging/Kros.Npm/npm/registry/lines-and-columns/-/lines-and-columns-2.0.3.tgz 0ms (cache hit)
978 http cache lilconfig@https://pkgs.dev.azure.com/krossk/_packaging/Kros.Npm/npm/registry/lilconfig/-/lilconfig-3.1.3.tgz 0ms (cache hit)
979 http cache lie@https://pkgs.dev.azure.com/krossk/_packaging/Kros.Npm/npm/registry/lie/-/lie-3.3.0.tgz 0ms (cache hit)
980 http cache license-webpack-plugin@https://pkgs.dev.azure.com/krossk/_packaging/Kros.Npm/npm/registry/license-webpack-plugin/-/license-webpack-plugin-4.0.2.tgz 0ms (cache hit)
981 http cache levn@https://pkgs.dev.azure.com/krossk/_packaging/Kros.Npm/npm/registry/levn/-/levn-0.4.1.tgz 0ms (cache hit)
982 http cache leven@https://pkgs.dev.azure.com/krossk/_packaging/Kros.Npm/npm/registry/leven/-/leven-3.1.0.tgz 0ms (cache hit)
983 http cache less@https://pkgs.dev.azure.com/krossk/_packaging/Kros.Npm/npm/registry/less/-/less-4.2.2.tgz 0ms (cache hit)
984 http cache less-loader@https://pkgs.dev.azure.com/krossk/_packaging/Kros.Npm/npm/registry/less-loader/-/less-loader-12.2.0.tgz 0ms (cache hit)
985 http cache lazystream@https://pkgs.dev.azure.com/krossk/_packaging/Kros.Npm/npm/registry/lazystream/-/lazystream-1.0.1.tgz 0ms (cache hit)
986 http cache lazy-ass@https://pkgs.dev.azure.com/krossk/_packaging/Kros.Npm/npm/registry/lazy-ass/-/lazy-ass-1.6.0.tgz 0ms (cache hit)
987 http cache launch-editor@https://pkgs.dev.azure.com/krossk/_packaging/Kros.Npm/npm/registry/launch-editor/-/launch-editor-2.9.1.tgz 0ms (cache hit)
988 http cache koa-convert@https://pkgs.dev.azure.com/krossk/_packaging/Kros.Npm/npm/registry/koa-convert/-/koa-convert-2.0.0.tgz 0ms (cache hit)
989 http cache koa-compose@https://pkgs.dev.azure.com/krossk/_packaging/Kros.Npm/npm/registry/koa-compose/-/koa-compose-4.1.0.tgz 0ms (cache hit)
990 http cache knockout@https://pkgs.dev.azure.com/krossk/_packaging/Kros.Npm/npm/registry/knockout/-/knockout-3.5.1.tgz 0ms (cache hit)
991 http cache koa@https://pkgs.dev.azure.com/krossk/_packaging/Kros.Npm/npm/registry/koa/-/koa-2.15.4.tgz 0ms (cache hit)
992 http cache klona@https://pkgs.dev.azure.com/krossk/_packaging/Kros.Npm/npm/registry/klona/-/klona-2.0.6.tgz 0ms (cache hit)
993 http cache kind-of@https://pkgs.dev.azure.com/krossk/_packaging/Kros.Npm/npm/registry/kind-of/-/kind-of-6.0.3.tgz 0ms (cache hit)
994 http cache kleur@https://pkgs.dev.azure.com/krossk/_packaging/Kros.Npm/npm/registry/kleur/-/kleur-3.0.3.tgz 0ms (cache hit)
995 http cache keyv@https://pkgs.dev.azure.com/krossk/_packaging/Kros.Npm/npm/registry/keyv/-/keyv-4.5.4.tgz 0ms (cache hit)
996 http cache keygrip@https://pkgs.dev.azure.com/krossk/_packaging/Kros.Npm/npm/registry/keygrip/-/keygrip-1.1.0.tgz 0ms (cache hit)
997 http cache kdbush@https://pkgs.dev.azure.com/krossk/_packaging/Kros.Npm/npm/registry/kdbush/-/kdbush-4.0.2.tgz 0ms (cache hit)
998 http cache karma-verbose-reporter@https://pkgs.dev.azure.com/krossk/_packaging/Kros.Npm/npm/registry/karma-verbose-reporter/-/karma-verbose-reporter-0.0.8.tgz 0ms (cache hit)
999 http cache karma-spec-reporter@https://pkgs.dev.azure.com/krossk/_packaging/Kros.Npm/npm/registry/karma-spec-reporter/-/karma-spec-reporter-0.0.36.tgz 0ms (cache hit)
1000 http cache karma-junit-reporter@https://pkgs.dev.azure.com/krossk/_packaging/Kros.Npm/npm/registry/karma-junit-reporter/-/karma-junit-reporter-2.0.1.tgz 0ms (cache hit)
1001 http cache karma-source-map-support@https://pkgs.dev.azure.com/krossk/_packaging/Kros.Npm/npm/registry/karma-source-map-support/-/karma-source-map-support-1.4.0.tgz 0ms (cache hit)
1002 http cache karma-jasmine-html-reporter@https://pkgs.dev.azure.com/krossk/_packaging/Kros.Npm/npm/registry/karma-jasmine-html-reporter/-/karma-jasmine-html-reporter-2.1.0.tgz 0ms (cache hit)
1003 http cache karma-jasmine@https://pkgs.dev.azure.com/krossk/_packaging/Kros.Npm/npm/registry/karma-jasmine/-/karma-jasmine-5.1.0.tgz 0ms (cache hit)
1004 http cache karma-coverage-istanbul-reporter@https://pkgs.dev.azure.com/krossk/_packaging/Kros.Npm/npm/registry/karma-coverage-istanbul-reporter/-/karma-coverage-istanbul-reporter-3.0.3.tgz 0ms (cache hit)
1005 http cache karma-chrome-launcher@https://pkgs.dev.azure.com/krossk/_packaging/Kros.Npm/npm/registry/karma-chrome-launcher/-/karma-chrome-launcher-3.2.0.tgz 0ms (cache hit)
1006 http cache karma@https://pkgs.dev.azure.com/krossk/_packaging/Kros.Npm/npm/registry/karma/-/karma-6.4.4.tgz 0ms (cache hit)
1007 http cache jws@https://pkgs.dev.azure.com/krossk/_packaging/Kros.Npm/npm/registry/jws/-/jws-4.0.0.tgz 0ms (cache hit)
1008 http cache jwt-decode@https://pkgs.dev.azure.com/krossk/_packaging/Kros.Npm/npm/registry/jwt-decode/-/jwt-decode-3.1.2.tgz 0ms (cache hit)
1009 http cache jwa@https://pkgs.dev.azure.com/krossk/_packaging/Kros.Npm/npm/registry/jwa/-/jwa-2.0.1.tgz 0ms (cache hit)
1010 http cache jsqr@https://pkgs.dev.azure.com/krossk/_packaging/Kros.Npm/npm/registry/jsqr/-/jsqr-1.4.0.tgz 0ms (cache hit)
1011 http cache jszip@https://pkgs.dev.azure.com/krossk/_packaging/Kros.Npm/npm/registry/jszip/-/jszip-3.10.1.tgz 0ms (cache hit)
1012 http cache jsprim@https://pkgs.dev.azure.com/krossk/_packaging/Kros.Npm/npm/registry/jsprim/-/jsprim-2.0.2.tgz 0ms (cache hit)
1013 http cache jsonwebtoken@https://pkgs.dev.azure.com/krossk/_packaging/Kros.Npm/npm/registry/jsonwebtoken/-/jsonwebtoken-9.0.2.tgz 0ms (cache hit)
1014 http cache jsonparse@https://pkgs.dev.azure.com/krossk/_packaging/Kros.Npm/npm/registry/jsonparse/-/jsonparse-1.3.1.tgz 0ms (cache hit)
1015 http cache jsonfile@https://pkgs.dev.azure.com/krossk/_packaging/Kros.Npm/npm/registry/jsonfile/-/jsonfile-6.1.0.tgz 0ms (cache hit)
1016 http cache jsonc-parser@https://pkgs.dev.azure.com/krossk/_packaging/Kros.Npm/npm/registry/jsonc-parser/-/jsonc-parser-3.3.1.tgz 0ms (cache hit)
1017 http cache json5@https://pkgs.dev.azure.com/krossk/_packaging/Kros.Npm/npm/registry/json5/-/json5-2.2.3.tgz 0ms (cache hit)
1018 http cache jsonc-eslint-parser@https://pkgs.dev.azure.com/krossk/_packaging/Kros.Npm/npm/registry/jsonc-eslint-parser/-/jsonc-eslint-parser-2.4.0.tgz 0ms (cache hit)
1019 http cache json-stringify-safe@https://pkgs.dev.azure.com/krossk/_packaging/Kros.Npm/npm/registry/json-stringify-safe/-/json-stringify-safe-5.0.1.tgz 0ms (cache hit)
1020 http cache json-schema-traverse@https://pkgs.dev.azure.com/krossk/_packaging/Kros.Npm/npm/registry/json-schema-traverse/-/json-schema-traverse-1.0.0.tgz 0ms (cache hit)
1021 http cache json-stable-stringify-without-jsonify@https://pkgs.dev.azure.com/krossk/_packaging/Kros.Npm/npm/registry/json-stable-stringify-without-jsonify/-/json-stable-stringify-without-jsonify-1.0.1.tgz 0ms (cache hit)
1022 http cache json-schema@https://pkgs.dev.azure.com/krossk/_packaging/Kros.Npm/npm/registry/json-schema/-/json-schema-0.4.0.tgz 0ms (cache hit)
1023 http cache json-parse-even-better-errors@https://pkgs.dev.azure.com/krossk/_packaging/Kros.Npm/npm/registry/json-parse-even-better-errors/-/json-parse-even-better-errors-4.0.0.tgz 0ms (cache hit)
1024 http cache json-parse-better-errors@https://pkgs.dev.azure.com/krossk/_packaging/Kros.Npm/npm/registry/json-parse-better-errors/-/json-parse-better-errors-1.0.2.tgz 0ms (cache hit)
1025 http cache json-buffer@https://pkgs.dev.azure.com/krossk/_packaging/Kros.Npm/npm/registry/json-buffer/-/json-buffer-3.0.1.tgz 0ms (cache hit)
1026 http cache jsesc@https://pkgs.dev.azure.com/krossk/_packaging/Kros.Npm/npm/registry/jsesc/-/jsesc-3.1.0.tgz 0ms (cache hit)
1027 http cache jsdom@https://pkgs.dev.azure.com/krossk/_packaging/Kros.Npm/npm/registry/jsdom/-/jsdom-20.0.3.tgz 0ms (cache hit)
1028 http cache js-yaml@https://pkgs.dev.azure.com/krossk/_packaging/Kros.Npm/npm/registry/js-yaml/-/js-yaml-3.14.1.tgz 0ms (cache hit)
1029 http cache jsbn@https://pkgs.dev.azure.com/krossk/_packaging/Kros.Npm/npm/registry/jsbn/-/jsbn-1.1.0.tgz 0ms (cache hit)
1030 http cache jquery@https://pkgs.dev.azure.com/krossk/_packaging/Kros.Npm/npm/registry/jquery/-/jquery-3.7.1.tgz 0ms (cache hit)
1031 http cache js-tokens@https://pkgs.dev.azure.com/krossk/_packaging/Kros.Npm/npm/registry/js-tokens/-/js-tokens-4.0.0.tgz 0ms (cache hit)
1032 http cache jiti@https://pkgs.dev.azure.com/krossk/_packaging/Kros.Npm/npm/registry/jiti/-/jiti-1.21.7.tgz 0ms (cache hit)
1033 http cache jest-watcher@https://pkgs.dev.azure.com/krossk/_packaging/Kros.Npm/npm/registry/jest-watcher/-/jest-watcher-29.7.0.tgz 0ms (cache hit)
1034 http cache jest-worker@https://pkgs.dev.azure.com/krossk/_packaging/Kros.Npm/npm/registry/jest-worker/-/jest-worker-29.7.0.tgz 0ms (cache hit)
1035 http cache jest-validate@https://pkgs.dev.azure.com/krossk/_packaging/Kros.Npm/npm/registry/jest-validate/-/jest-validate-29.7.0.tgz 0ms (cache hit)
1036 http cache jest-snapshot@https://pkgs.dev.azure.com/krossk/_packaging/Kros.Npm/npm/registry/jest-snapshot/-/jest-snapshot-29.7.0.tgz 0ms (cache hit)
1037 http cache jest-util@https://pkgs.dev.azure.com/krossk/_packaging/Kros.Npm/npm/registry/jest-util/-/jest-util-29.7.0.tgz 0ms (cache hit)
1038 http cache jest-runtime@https://pkgs.dev.azure.com/krossk/_packaging/Kros.Npm/npm/registry/jest-runtime/-/jest-runtime-29.7.0.tgz 0ms (cache hit)
1039 http cache jest-resolve-dependencies@https://pkgs.dev.azure.com/krossk/_packaging/Kros.Npm/npm/registry/jest-resolve-dependencies/-/jest-resolve-dependencies-29.7.0.tgz 0ms (cache hit)
1040 http cache jest-runner@https://pkgs.dev.azure.com/krossk/_packaging/Kros.Npm/npm/registry/jest-runner/-/jest-runner-29.7.0.tgz 0ms (cache hit)
1041 http cache jest-resolve@https://pkgs.dev.azure.com/krossk/_packaging/Kros.Npm/npm/registry/jest-resolve/-/jest-resolve-29.7.0.tgz 0ms (cache hit)
1042 http cache jest-regex-util@https://pkgs.dev.azure.com/krossk/_packaging/Kros.Npm/npm/registry/jest-regex-util/-/jest-regex-util-29.6.3.tgz 0ms (cache hit)
1043 http cache jest-preset-angular@https://pkgs.dev.azure.com/krossk/_packaging/Kros.Npm/npm/registry/jest-preset-angular/-/jest-preset-angular-14.4.2.tgz 0ms (cache hit)
1044 http cache jest-pnp-resolver@https://pkgs.dev.azure.com/krossk/_packaging/Kros.Npm/npm/registry/jest-pnp-resolver/-/jest-pnp-resolver-1.2.3.tgz 0ms (cache hit)
1045 http cache jest-mock@https://pkgs.dev.azure.com/krossk/_packaging/Kros.Npm/npm/registry/jest-mock/-/jest-mock-29.7.0.tgz 0ms (cache hit)
1046 http cache jest-leak-detector@https://pkgs.dev.azure.com/krossk/_packaging/Kros.Npm/npm/registry/jest-leak-detector/-/jest-leak-detector-29.7.0.tgz 0ms (cache hit)
1047 http cache jest-message-util@https://pkgs.dev.azure.com/krossk/_packaging/Kros.Npm/npm/registry/jest-message-util/-/jest-message-util-29.7.0.tgz 0ms (cache hit)
1048 http cache jest-matcher-utils@https://pkgs.dev.azure.com/krossk/_packaging/Kros.Npm/npm/registry/jest-matcher-utils/-/jest-matcher-utils-29.7.0.tgz 0ms (cache hit)
1049 http cache jest-haste-map@https://pkgs.dev.azure.com/krossk/_packaging/Kros.Npm/npm/registry/jest-haste-map/-/jest-haste-map-29.7.0.tgz 0ms (cache hit)
1050 http cache jest-junit@https://pkgs.dev.azure.com/krossk/_packaging/Kros.Npm/npm/registry/jest-junit/-/jest-junit-16.0.0.tgz 0ms (cache hit)
1051 http cache jest-get-type@https://pkgs.dev.azure.com/krossk/_packaging/Kros.Npm/npm/registry/jest-get-type/-/jest-get-type-29.6.3.tgz 0ms (cache hit)
1052 http cache jest-environment-node@https://pkgs.dev.azure.com/krossk/_packaging/Kros.Npm/npm/registry/jest-environment-node/-/jest-environment-node-29.7.0.tgz 0ms (cache hit)
1053 http cache jest-environment-jsdom@https://pkgs.dev.azure.com/krossk/_packaging/Kros.Npm/npm/registry/jest-environment-jsdom/-/jest-environment-jsdom-29.7.0.tgz 0ms (cache hit)
1054 http cache jest-each@https://pkgs.dev.azure.com/krossk/_packaging/Kros.Npm/npm/registry/jest-each/-/jest-each-29.7.0.tgz 0ms (cache hit)
1055 http cache jest-docblock@https://pkgs.dev.azure.com/krossk/_packaging/Kros.Npm/npm/registry/jest-docblock/-/jest-docblock-29.7.0.tgz 0ms (cache hit)
1056 http cache jest-config@https://pkgs.dev.azure.com/krossk/_packaging/Kros.Npm/npm/registry/jest-config/-/jest-config-29.7.0.tgz 0ms (cache hit)
1057 http cache jest-diff@https://pkgs.dev.azure.com/krossk/_packaging/Kros.Npm/npm/registry/jest-diff/-/jest-diff-29.7.0.tgz 0ms (cache hit)
1058 http cache jest-cli@https://pkgs.dev.azure.com/krossk/_packaging/Kros.Npm/npm/registry/jest-cli/-/jest-cli-29.7.0.tgz 0ms (cache hit)
1059 http cache jest-circus@https://pkgs.dev.azure.com/krossk/_packaging/Kros.Npm/npm/registry/jest-circus/-/jest-circus-29.7.0.tgz 0ms (cache hit)
1060 http cache jest@https://pkgs.dev.azure.com/krossk/_packaging/Kros.Npm/npm/registry/jest/-/jest-29.7.0.tgz 0ms (cache hit)
1061 http cache jest-changed-files@https://pkgs.dev.azure.com/krossk/_packaging/Kros.Npm/npm/registry/jest-changed-files/-/jest-changed-files-29.7.0.tgz 0ms (cache hit)
1062 http cache jasminewd2@https://pkgs.dev.azure.com/krossk/_packaging/Kros.Npm/npm/registry/jasminewd2/-/jasminewd2-2.2.0.tgz 0ms (cache hit)
1063 http cache jasmine@https://pkgs.dev.azure.com/krossk/_packaging/Kros.Npm/npm/registry/jasmine/-/jasmine-2.8.0.tgz 0ms (cache hit)
1064 http cache jasmine-core@https://pkgs.dev.azure.com/krossk/_packaging/Kros.Npm/npm/registry/jasmine-core/-/jasmine-core-4.1.1.tgz 0ms (cache hit)
1065 http cache jasmine-spec-reporter@https://pkgs.dev.azure.com/krossk/_packaging/Kros.Npm/npm/registry/jasmine-spec-reporter/-/jasmine-spec-reporter-5.0.2.tgz 0ms (cache hit)
1066 http cache jake@https://pkgs.dev.azure.com/krossk/_packaging/Kros.Npm/npm/registry/jake/-/jake-10.9.2.tgz 0ms (cache hit)
1067 http cache jackspeak@https://pkgs.dev.azure.com/krossk/_packaging/Kros.Npm/npm/registry/jackspeak/-/jackspeak-3.4.3.tgz 0ms (cache hit)
1068 http cache istanbul-reports@https://pkgs.dev.azure.com/krossk/_packaging/Kros.Npm/npm/registry/istanbul-reports/-/istanbul-reports-3.1.7.tgz 0ms (cache hit)
1069 http cache istanbul-lib-source-maps@https://pkgs.dev.azure.com/krossk/_packaging/Kros.Npm/npm/registry/istanbul-lib-source-maps/-/istanbul-lib-source-maps-4.0.1.tgz 0ms (cache hit)
1070 http cache istanbul-lib-instrument@https://pkgs.dev.azure.com/krossk/_packaging/Kros.Npm/npm/registry/istanbul-lib-instrument/-/istanbul-lib-instrument-6.0.3.tgz 0ms (cache hit)
1071 http cache istanbul-lib-report@https://pkgs.dev.azure.com/krossk/_packaging/Kros.Npm/npm/registry/istanbul-lib-report/-/istanbul-lib-report-3.0.1.tgz 0ms (cache hit)
1072 http cache isomorphic-ws@https://pkgs.dev.azure.com/krossk/_packaging/Kros.Npm/npm/registry/isomorphic-ws/-/isomorphic-ws-5.0.0.tgz 0ms (cache hit)
1073 http cache isstream@https://pkgs.dev.azure.com/krossk/_packaging/Kros.Npm/npm/registry/isstream/-/isstream-0.1.2.tgz 1ms (cache hit)
1074 http cache istanbul-lib-coverage@https://pkgs.dev.azure.com/krossk/_packaging/Kros.Npm/npm/registry/istanbul-lib-coverage/-/istanbul-lib-coverage-3.2.2.tgz 0ms (cache hit)
1075 http cache isomorphic-rslog@https://pkgs.dev.azure.com/krossk/_packaging/Kros.Npm/npm/registry/isomorphic-rslog/-/isomorphic-rslog-0.0.6.tgz 0ms (cache hit)
1076 http cache isobject@https://pkgs.dev.azure.com/krossk/_packaging/Kros.Npm/npm/registry/isobject/-/isobject-3.0.1.tgz 0ms (cache hit)
1077 http cache isexe@https://pkgs.dev.azure.com/krossk/_packaging/Kros.Npm/npm/registry/isexe/-/isexe-2.0.0.tgz 0ms (cache hit)
1078 http cache isarray@https://pkgs.dev.azure.com/krossk/_packaging/Kros.Npm/npm/registry/isarray/-/isarray-2.0.5.tgz 0ms (cache hit)
1079 http cache isbinaryfile@https://pkgs.dev.azure.com/krossk/_packaging/Kros.Npm/npm/registry/isbinaryfile/-/isbinaryfile-4.0.10.tgz 0ms (cache hit)
1080 http cache is-wsl@https://pkgs.dev.azure.com/krossk/_packaging/Kros.Npm/npm/registry/is-wsl/-/is-wsl-3.1.0.tgz 0ms (cache hit)
1081 http cache is-weakref@https://pkgs.dev.azure.com/krossk/_packaging/Kros.Npm/npm/registry/is-weakref/-/is-weakref-1.1.1.tgz 0ms (cache hit)
1082 http cache is-windows@https://pkgs.dev.azure.com/krossk/_packaging/Kros.Npm/npm/registry/is-windows/-/is-windows-1.0.2.tgz 0ms (cache hit)
1083 http cache is-weakset@https://pkgs.dev.azure.com/krossk/_packaging/Kros.Npm/npm/registry/is-weakset/-/is-weakset-2.0.4.tgz 0ms (cache hit)
1084 http cache is-what@https://pkgs.dev.azure.com/krossk/_packaging/Kros.Npm/npm/registry/is-what/-/is-what-3.14.1.tgz 0ms (cache hit)
1085 http cache is-weakmap@https://pkgs.dev.azure.com/krossk/_packaging/Kros.Npm/npm/registry/is-weakmap/-/is-weakmap-2.0.2.tgz 0ms (cache hit)
1086 http cache is-unicode-supported@https://pkgs.dev.azure.com/krossk/_packaging/Kros.Npm/npm/registry/is-unicode-supported/-/is-unicode-supported-0.1.0.tgz 0ms (cache hit)
1087 http cache is-typedarray@https://pkgs.dev.azure.com/krossk/_packaging/Kros.Npm/npm/registry/is-typedarray/-/is-typedarray-1.0.0.tgz 0ms (cache hit)
1088 http cache is-typed-array@https://pkgs.dev.azure.com/krossk/_packaging/Kros.Npm/npm/registry/is-typed-array/-/is-typed-array-1.1.15.tgz 0ms (cache hit)
1089 http cache is-string@https://pkgs.dev.azure.com/krossk/_packaging/Kros.Npm/npm/registry/is-string/-/is-string-1.1.1.tgz 0ms (cache hit)
1090 http cache is-symbol@https://pkgs.dev.azure.com/krossk/_packaging/Kros.Npm/npm/registry/is-symbol/-/is-symbol-1.1.1.tgz 0ms (cache hit)
1091 http cache is-stream@https://pkgs.dev.azure.com/krossk/_packaging/Kros.Npm/npm/registry/is-stream/-/is-stream-2.0.1.tgz 0ms (cache hit)
1092 http cache is-set@https://pkgs.dev.azure.com/krossk/_packaging/Kros.Npm/npm/registry/is-set/-/is-set-2.0.3.tgz 0ms (cache hit)
1093 http cache is-shared-array-buffer@https://pkgs.dev.azure.com/krossk/_packaging/Kros.Npm/npm/registry/is-shared-array-buffer/-/is-shared-array-buffer-1.0.4.tgz 0ms (cache hit)
1094 http cache is-retry-allowed@https://pkgs.dev.azure.com/krossk/_packaging/Kros.Npm/npm/registry/is-retry-allowed/-/is-retry-allowed-2.2.0.tgz 0ms (cache hit)
1095 http cache is-potential-custom-element-name@https://pkgs.dev.azure.com/krossk/_packaging/Kros.Npm/npm/registry/is-potential-custom-element-name/-/is-potential-custom-element-name-1.0.1.tgz 0ms (cache hit)
1096 http cache is-regex@https://pkgs.dev.azure.com/krossk/_packaging/Kros.Npm/npm/registry/is-regex/-/is-regex-1.2.1.tgz 0ms (cache hit)
1097 http cache is-plain-object@https://pkgs.dev.azure.com/krossk/_packaging/Kros.Npm/npm/registry/is-plain-object/-/is-plain-object-5.0.0.tgz 0ms (cache hit)
1098 http cache is-path-inside@https://pkgs.dev.azure.com/krossk/_packaging/Kros.Npm/npm/registry/is-path-inside/-/is-path-inside-3.0.3.tgz 0ms (cache hit)
1099 http cache is-plain-obj@https://pkgs.dev.azure.com/krossk/_packaging/Kros.Npm/npm/registry/is-plain-obj/-/is-plain-obj-1.1.0.tgz 0ms (cache hit)
1100 http cache is-path-in-cwd@https://pkgs.dev.azure.com/krossk/_packaging/Kros.Npm/npm/registry/is-path-in-cwd/-/is-path-in-cwd-1.0.1.tgz 0ms (cache hit)
1101 http cache is-path-cwd@https://pkgs.dev.azure.com/krossk/_packaging/Kros.Npm/npm/registry/is-path-cwd/-/is-path-cwd-1.0.0.tgz 0ms (cache hit)
1102 http cache is-number-object@https://pkgs.dev.azure.com/krossk/_packaging/Kros.Npm/npm/registry/is-number-object/-/is-number-object-1.1.1.tgz 0ms (cache hit)
1103 http cache is-number@https://pkgs.dev.azure.com/krossk/_packaging/Kros.Npm/npm/registry/is-number/-/is-number-7.0.0.tgz 0ms (cache hit)
1104 http cache is-network-error@https://pkgs.dev.azure.com/krossk/_packaging/Kros.Npm/npm/registry/is-network-error/-/is-network-error-1.1.0.tgz 0ms (cache hit)
1105 http cache is-map@https://pkgs.dev.azure.com/krossk/_packaging/Kros.Npm/npm/registry/is-map/-/is-map-2.0.3.tgz 0ms (cache hit)
1106 http cache is-interactive@https://pkgs.dev.azure.com/krossk/_packaging/Kros.Npm/npm/registry/is-interactive/-/is-interactive-1.0.0.tgz 0ms (cache hit)
1107 http cache is-installed-globally@https://pkgs.dev.azure.com/krossk/_packaging/Kros.Npm/npm/registry/is-installed-globally/-/is-installed-globally-0.4.0.tgz 0ms (cache hit)
1108 http cache is-inside-container@https://pkgs.dev.azure.com/krossk/_packaging/Kros.Npm/npm/registry/is-inside-container/-/is-inside-container-1.0.0.tgz 0ms (cache hit)
1109 http cache is-glob@https://pkgs.dev.azure.com/krossk/_packaging/Kros.Npm/npm/registry/is-glob/-/is-glob-4.0.3.tgz 0ms (cache hit)
1110 http cache is-generator-function@https://pkgs.dev.azure.com/krossk/_packaging/Kros.Npm/npm/registry/is-generator-function/-/is-generator-function-1.1.0.tgz 0ms (cache hit)
1111 http cache is-generator-fn@https://pkgs.dev.azure.com/krossk/_packaging/Kros.Npm/npm/registry/is-generator-fn/-/is-generator-fn-2.1.0.tgz 0ms (cache hit)
1112 http cache is-fullwidth-code-point@https://pkgs.dev.azure.com/krossk/_packaging/Kros.Npm/npm/registry/is-fullwidth-code-point/-/is-fullwidth-code-point-4.0.0.tgz 0ms (cache hit)
1113 http cache is-extglob@https://pkgs.dev.azure.com/krossk/_packaging/Kros.Npm/npm/registry/is-extglob/-/is-extglob-2.1.1.tgz 0ms (cache hit)
1114 http cache is-finalizationregistry@https://pkgs.dev.azure.com/krossk/_packaging/Kros.Npm/npm/registry/is-finalizationregistry/-/is-finalizationregistry-1.1.1.tgz 0ms (cache hit)
1115 http cache is-docker@https://pkgs.dev.azure.com/krossk/_packaging/Kros.Npm/npm/registry/is-docker/-/is-docker-3.0.0.tgz 0ms (cache hit)
1116 http cache is-data-view@https://pkgs.dev.azure.com/krossk/_packaging/Kros.Npm/npm/registry/is-data-view/-/is-data-view-1.0.2.tgz 0ms (cache hit)
1117 http cache is-date-object@https://pkgs.dev.azure.com/krossk/_packaging/Kros.Npm/npm/registry/is-date-object/-/is-date-object-1.1.0.tgz 0ms (cache hit)
1118 http cache is-core-module@https://pkgs.dev.azure.com/krossk/_packaging/Kros.Npm/npm/registry/is-core-module/-/is-core-module-2.16.1.tgz 0ms (cache hit)
1119 http cache is-binary-path@https://pkgs.dev.azure.com/krossk/_packaging/Kros.Npm/npm/registry/is-binary-path/-/is-binary-path-2.1.0.tgz 0ms (cache hit)
1120 http cache is-boolean-object@https://pkgs.dev.azure.com/krossk/_packaging/Kros.Npm/npm/registry/is-boolean-object/-/is-boolean-object-1.2.2.tgz 0ms (cache hit)
1121 http cache is-callable@https://pkgs.dev.azure.com/krossk/_packaging/Kros.Npm/npm/registry/is-callable/-/is-callable-1.2.7.tgz 0ms (cache hit)
1122 http cache is-bigint@https://pkgs.dev.azure.com/krossk/_packaging/Kros.Npm/npm/registry/is-bigint/-/is-bigint-1.1.0.tgz 0ms (cache hit)
1123 http cache is-async-function@https://pkgs.dev.azure.com/krossk/_packaging/Kros.Npm/npm/registry/is-async-function/-/is-async-function-2.1.1.tgz 0ms (cache hit)
1124 http cache is-array-buffer@https://pkgs.dev.azure.com/krossk/_packaging/Kros.Npm/npm/registry/is-array-buffer/-/is-array-buffer-3.0.5.tgz 0ms (cache hit)
1125 http cache is-arrayish@https://pkgs.dev.azure.com/krossk/_packaging/Kros.Npm/npm/registry/is-arrayish/-/is-arrayish-0.2.1.tgz 0ms (cache hit)
1126 http cache ipaddr.js@https://pkgs.dev.azure.com/krossk/_packaging/Kros.Npm/npm/registry/ipaddr.js/-/ipaddr.js-1.9.1.tgz 0ms (cache hit)
1127 http cache ip-address@https://pkgs.dev.azure.com/krossk/_packaging/Kros.Npm/npm/registry/ip-address/-/ip-address-9.0.5.tgz 0ms (cache hit)
1128 http cache internmap@https://pkgs.dev.azure.com/krossk/_packaging/Kros.Npm/npm/registry/internmap/-/internmap-2.0.3.tgz 0ms (cache hit)
1129 http cache injection-js@https://pkgs.dev.azure.com/krossk/_packaging/Kros.Npm/npm/registry/injection-js/-/injection-js-2.4.0.tgz 0ms (cache hit)
1130 http cache inspect-with-kind@https://pkgs.dev.azure.com/krossk/_packaging/Kros.Npm/npm/registry/inspect-with-kind/-/inspect-with-kind-1.0.5.tgz 0ms (cache hit)
1131 http cache internal-slot@https://pkgs.dev.azure.com/krossk/_packaging/Kros.Npm/npm/registry/internal-slot/-/internal-slot-1.1.0.tgz 0ms (cache hit)
1132 http cache inflight@https://pkgs.dev.azure.com/krossk/_packaging/Kros.Npm/npm/registry/inflight/-/inflight-1.0.6.tgz 0ms (cache hit)
1133 http cache ini@https://pkgs.dev.azure.com/krossk/_packaging/Kros.Npm/npm/registry/ini/-/ini-5.0.0.tgz 0ms (cache hit)
1134 http cache inherits@https://pkgs.dev.azure.com/krossk/_packaging/Kros.Npm/npm/registry/inherits/-/inherits-2.0.4.tgz 0ms (cache hit)
1135 http cache inferno-vnode-flags@https://pkgs.dev.azure.com/krossk/_packaging/Kros.Npm/npm/registry/inferno-vnode-flags/-/inferno-vnode-flags-7.4.11.tgz 0ms (cache hit)
1136 http cache inferno-shared@https://pkgs.dev.azure.com/krossk/_packaging/Kros.Npm/npm/registry/inferno-shared/-/inferno-shared-7.4.11.tgz 0ms (cache hit)
1137 http cache inferno-server@https://pkgs.dev.azure.com/krossk/_packaging/Kros.Npm/npm/registry/inferno-server/-/inferno-server-7.4.11.tgz 0ms (cache hit)
1138 http cache inferno-hydrate@https://pkgs.dev.azure.com/krossk/_packaging/Kros.Npm/npm/registry/inferno-hydrate/-/inferno-hydrate-7.4.11.tgz 0ms (cache hit)
1139 http cache inferno-create-element@https://pkgs.dev.azure.com/krossk/_packaging/Kros.Npm/npm/registry/inferno-create-element/-/inferno-create-element-7.4.11.tgz 0ms (cache hit)
1140 http cache inferno@https://pkgs.dev.azure.com/krossk/_packaging/Kros.Npm/npm/registry/inferno/-/inferno-7.4.11.tgz 0ms (cache hit)
1141 http cache indent-string@https://pkgs.dev.azure.com/krossk/_packaging/Kros.Npm/npm/registry/indent-string/-/indent-string-4.0.0.tgz 0ms (cache hit)
1142 http cache imurmurhash@https://pkgs.dev.azure.com/krossk/_packaging/Kros.Npm/npm/registry/imurmurhash/-/imurmurhash-0.1.4.tgz 0ms (cache hit)
1143 http cache import-fresh@https://pkgs.dev.azure.com/krossk/_packaging/Kros.Npm/npm/registry/import-fresh/-/import-fresh-3.3.1.tgz 0ms (cache hit)
1144 http cache import-local@https://pkgs.dev.azure.com/krossk/_packaging/Kros.Npm/npm/registry/import-local/-/import-local-3.2.0.tgz 0ms (cache hit)
1145 http cache immediate@https://pkgs.dev.azure.com/krossk/_packaging/Kros.Npm/npm/registry/immediate/-/immediate-3.0.6.tgz 0ms (cache hit)
1146 http cache immutable@https://pkgs.dev.azure.com/krossk/_packaging/Kros.Npm/npm/registry/immutable/-/immutable-5.0.3.tgz 0ms (cache hit)
1147 http cache immer@https://pkgs.dev.azure.com/krossk/_packaging/Kros.Npm/npm/registry/immer/-/immer-9.0.21.tgz 0ms (cache hit)
1148 http cache image-size@https://pkgs.dev.azure.com/krossk/_packaging/Kros.Npm/npm/registry/image-size/-/image-size-0.5.5.tgz 0ms (cache hit)
1149 http cache ignore-walk@https://pkgs.dev.azure.com/krossk/_packaging/Kros.Npm/npm/registry/ignore-walk/-/ignore-walk-7.0.0.tgz 0ms (cache hit)
1150 http cache ignore@https://pkgs.dev.azure.com/krossk/_packaging/Kros.Npm/npm/registry/ignore/-/ignore-7.0.3.tgz 0ms (cache hit)
1151 http cache identity-obj-proxy@https://pkgs.dev.azure.com/krossk/_packaging/Kros.Npm/npm/registry/identity-obj-proxy/-/identity-obj-proxy-3.0.0.tgz 0ms (cache hit)
1152 http cache ieee754@https://pkgs.dev.azure.com/krossk/_packaging/Kros.Npm/npm/registry/ieee754/-/ieee754-1.2.1.tgz 0ms (cache hit)
1153 http cache icss-utils@https://pkgs.dev.azure.com/krossk/_packaging/Kros.Npm/npm/registry/icss-utils/-/icss-utils-5.1.0.tgz 0ms (cache hit)
1154 http cache iconv-lite@https://pkgs.dev.azure.com/krossk/_packaging/Kros.Npm/npm/registry/iconv-lite/-/iconv-lite-0.6.3.tgz 0ms (cache hit)
1155 http cache human-signals@https://pkgs.dev.azure.com/krossk/_packaging/Kros.Npm/npm/registry/human-signals/-/human-signals-2.1.0.tgz 0ms (cache hit)
1156 http cache iban@https://pkgs.dev.azure.com/krossk/_packaging/Kros.Npm/npm/registry/iban/-/iban-0.0.14.tgz 0ms (cache hit)
1157 http cache hyperdyperid@https://pkgs.dev.azure.com/krossk/_packaging/Kros.Npm/npm/registry/hyperdyperid/-/hyperdyperid-1.2.0.tgz 0ms (cache hit)
1158 http cache https-proxy-agent@https://pkgs.dev.azure.com/krossk/_packaging/Kros.Npm/npm/registry/https-proxy-agent/-/https-proxy-agent-7.0.6.tgz 0ms (cache hit)
1159 http cache http2-wrapper@https://pkgs.dev.azure.com/krossk/_packaging/Kros.Npm/npm/registry/http2-wrapper/-/http2-wrapper-2.2.1.tgz 0ms (cache hit)
1160 http cache http-signature@https://pkgs.dev.azure.com/krossk/_packaging/Kros.Npm/npm/registry/http-signature/-/http-signature-1.4.0.tgz 0ms (cache hit)
1161 http cache http-server@https://pkgs.dev.azure.com/krossk/_packaging/Kros.Npm/npm/registry/http-server/-/http-server-14.1.1.tgz 0ms (cache hit)
1162 http cache http-proxy-agent@https://pkgs.dev.azure.com/krossk/_packaging/Kros.Npm/npm/registry/http-proxy-agent/-/http-proxy-agent-7.0.2.tgz 0ms (cache hit)
1163 http cache http-proxy-middleware@https://pkgs.dev.azure.com/krossk/_packaging/Kros.Npm/npm/registry/http-proxy-middleware/-/http-proxy-middleware-3.0.3.tgz 0ms (cache hit)
1164 http cache http-proxy@https://pkgs.dev.azure.com/krossk/_packaging/Kros.Npm/npm/registry/http-proxy/-/http-proxy-1.18.1.tgz 0ms (cache hit)
1165 http cache http-parser-js@https://pkgs.dev.azure.com/krossk/_packaging/Kros.Npm/npm/registry/http-parser-js/-/http-parser-js-0.5.9.tgz 0ms (cache hit)
1166 http cache http-errors@https://pkgs.dev.azure.com/krossk/_packaging/Kros.Npm/npm/registry/http-errors/-/http-errors-2.0.0.tgz 0ms (cache hit)
1167 http cache http-deceiver@https://pkgs.dev.azure.com/krossk/_packaging/Kros.Npm/npm/registry/http-deceiver/-/http-deceiver-1.2.7.tgz 0ms (cache hit)
1168 http cache http-cache-semantics@https://pkgs.dev.azure.com/krossk/_packaging/Kros.Npm/npm/registry/http-cache-semantics/-/http-cache-semantics-4.1.1.tgz 0ms (cache hit)
1169 http cache http-assert@https://pkgs.dev.azure.com/krossk/_packaging/Kros.Npm/npm/registry/http-assert/-/http-assert-1.5.0.tgz 0ms (cache hit)
1170 http cache htmlparser2@https://pkgs.dev.azure.com/krossk/_packaging/Kros.Npm/npm/registry/htmlparser2/-/htmlparser2-9.1.0.tgz 0ms (cache hit)
1171 http cache html5-qrcode@https://pkgs.dev.azure.com/krossk/_packaging/Kros.Npm/npm/registry/html5-qrcode/-/html5-qrcode-2.3.8.tgz 0ms (cache hit)
1172 http cache html-encoding-sniffer@https://pkgs.dev.azure.com/krossk/_packaging/Kros.Npm/npm/registry/html-encoding-sniffer/-/html-encoding-sniffer-3.0.0.tgz 0ms (cache hit)
1173 http cache html-entities@https://pkgs.dev.azure.com/krossk/_packaging/Kros.Npm/npm/registry/html-entities/-/html-entities-2.6.0.tgz 0ms (cache hit)
1174 http cache html-escaper@https://pkgs.dev.azure.com/krossk/_packaging/Kros.Npm/npm/registry/html-escaper/-/html-escaper-2.0.2.tgz 0ms (cache hit)
1175 http cache hosted-git-info@https://pkgs.dev.azure.com/krossk/_packaging/Kros.Npm/npm/registry/hosted-git-info/-/hosted-git-info-8.0.2.tgz 0ms (cache hit)
1176 http cache hpack.js@https://pkgs.dev.azure.com/krossk/_packaging/Kros.Npm/npm/registry/hpack.js/-/hpack.js-2.1.6.tgz 0ms (cache hit)
1177 http cache homedir-polyfill@https://pkgs.dev.azure.com/krossk/_packaging/Kros.Npm/npm/registry/homedir-polyfill/-/homedir-polyfill-1.0.3.tgz 0ms (cache hit)
1178 http cache he@https://pkgs.dev.azure.com/krossk/_packaging/Kros.Npm/npm/registry/he/-/he-1.2.0.tgz 0ms (cache hit)
1179 http cache hasown@https://pkgs.dev.azure.com/krossk/_packaging/Kros.Npm/npm/registry/hasown/-/hasown-2.0.2.tgz 0ms (cache hit)
1180 http cache has-property-descriptors@https://pkgs.dev.azure.com/krossk/_packaging/Kros.Npm/npm/registry/has-property-descriptors/-/has-property-descriptors-1.0.2.tgz 0ms (cache hit)
1181 http cache has-symbols@https://pkgs.dev.azure.com/krossk/_packaging/Kros.Npm/npm/registry/has-symbols/-/has-symbols-1.1.0.tgz 0ms (cache hit)
1182 http cache has-tostringtag@https://pkgs.dev.azure.com/krossk/_packaging/Kros.Npm/npm/registry/has-tostringtag/-/has-tostringtag-1.0.2.tgz 0ms (cache hit)
1183 http cache has-flag@https://pkgs.dev.azure.com/krossk/_packaging/Kros.Npm/npm/registry/has-flag/-/has-flag-4.0.0.tgz 0ms (cache hit)
1184 http cache has-proto@https://pkgs.dev.azure.com/krossk/_packaging/Kros.Npm/npm/registry/has-proto/-/has-proto-1.2.0.tgz 0ms (cache hit)
1185 http cache has-bigints@https://pkgs.dev.azure.com/krossk/_packaging/Kros.Npm/npm/registry/has-bigints/-/has-bigints-1.1.0.tgz 0ms (cache hit)
1186 http cache harmony-reflect@https://pkgs.dev.azure.com/krossk/_packaging/Kros.Npm/npm/registry/harmony-reflect/-/harmony-reflect-1.6.2.tgz 0ms (cache hit)
1187 http cache has-ansi@https://pkgs.dev.azure.com/krossk/_packaging/Kros.Npm/npm/registry/has-ansi/-/has-ansi-2.0.0.tgz 0ms (cache hit)
1188 http cache har-validator@https://pkgs.dev.azure.com/krossk/_packaging/Kros.Npm/npm/registry/har-validator/-/har-validator-5.1.5.tgz 0ms (cache hit)
1189 http cache handle-thing@https://pkgs.dev.azure.com/krossk/_packaging/Kros.Npm/npm/registry/handle-thing/-/handle-thing-2.0.1.tgz 0ms (cache hit)
1190 http cache har-schema@https://pkgs.dev.azure.com/krossk/_packaging/Kros.Npm/npm/registry/har-schema/-/har-schema-2.0.0.tgz 0ms (cache hit)
1191 http cache graphemer@https://pkgs.dev.azure.com/krossk/_packaging/Kros.Npm/npm/registry/graphemer/-/graphemer-1.4.0.tgz 0ms (cache hit)
1192 http cache gradient-path@https://pkgs.dev.azure.com/krossk/_packaging/Kros.Npm/npm/registry/gradient-path/-/gradient-path-2.3.0.tgz 0ms (cache hit)
1193 http cache graceful-fs@https://pkgs.dev.azure.com/krossk/_packaging/Kros.Npm/npm/registry/graceful-fs/-/graceful-fs-4.2.11.tgz 0ms (cache hit)
1194 http cache got@https://pkgs.dev.azure.com/krossk/_packaging/Kros.Npm/npm/registry/got/-/got-13.0.0.tgz 0ms (cache hit)
1195 http cache gopd@https://pkgs.dev.azure.com/krossk/_packaging/Kros.Npm/npm/registry/gopd/-/gopd-1.2.0.tgz 0ms (cache hit)
1196 http cache globby@https://pkgs.dev.azure.com/krossk/_packaging/Kros.Npm/npm/registry/globby/-/globby-14.0.2.tgz 0ms (cache hit)
1197 http cache globs@https://pkgs.dev.azure.com/krossk/_packaging/Kros.Npm/npm/registry/globs/-/globs-0.1.4.tgz 0ms (cache hit)
1198 http cache globalthis@https://pkgs.dev.azure.com/krossk/_packaging/Kros.Npm/npm/registry/globalthis/-/globalthis-1.0.4.tgz 0ms (cache hit)
1199 http cache globals@https://pkgs.dev.azure.com/krossk/_packaging/Kros.Npm/npm/registry/globals/-/globals-11.12.0.tgz 0ms (cache hit)
1200 http cache global-prefix@https://pkgs.dev.azure.com/krossk/_packaging/Kros.Npm/npm/registry/global-prefix/-/global-prefix-1.0.2.tgz 0ms (cache hit)
1201 http cache global-modules@https://pkgs.dev.azure.com/krossk/_packaging/Kros.Npm/npm/registry/global-modules/-/global-modules-1.0.0.tgz 0ms (cache hit)
1202 http cache global-dirs@https://pkgs.dev.azure.com/krossk/_packaging/Kros.Npm/npm/registry/global-dirs/-/global-dirs-3.0.1.tgz 0ms (cache hit)
1203 http cache glob-parent@https://pkgs.dev.azure.com/krossk/_packaging/Kros.Npm/npm/registry/glob-parent/-/glob-parent-6.0.2.tgz 0ms (cache hit)
1204 http cache glob-to-regexp@https://pkgs.dev.azure.com/krossk/_packaging/Kros.Npm/npm/registry/glob-to-regexp/-/glob-to-regexp-0.4.1.tgz 0ms (cache hit)
1205 http cache glob@https://pkgs.dev.azure.com/krossk/_packaging/Kros.Npm/npm/registry/glob/-/glob-7.2.3.tgz 0ms (cache hit)
1206 http cache gettext-parser@https://pkgs.dev.azure.com/krossk/_packaging/Kros.Npm/npm/registry/gettext-parser/-/gettext-parser-4.2.0.tgz 0ms (cache hit)
1207 http cache github-from-package@https://pkgs.dev.azure.com/krossk/_packaging/Kros.Npm/npm/registry/github-from-package/-/github-from-package-0.0.0.tgz 0ms (cache hit)
1208 http cache getpass@https://pkgs.dev.azure.com/krossk/_packaging/Kros.Npm/npm/registry/getpass/-/getpass-0.1.7.tgz 0ms (cache hit)
1209 http cache get-symbol-description@https://pkgs.dev.azure.com/krossk/_packaging/Kros.Npm/npm/registry/get-symbol-description/-/get-symbol-description-1.1.0.tgz 0ms (cache hit)
1210 http cache getos@https://pkgs.dev.azure.com/krossk/_packaging/Kros.Npm/npm/registry/getos/-/getos-3.2.1.tgz 0ms (cache hit)
1211 http cache get-stream@https://pkgs.dev.azure.com/krossk/_packaging/Kros.Npm/npm/registry/get-stream/-/get-stream-6.0.1.tgz 0ms (cache hit)
1212 http cache get-proto@https://pkgs.dev.azure.com/krossk/_packaging/Kros.Npm/npm/registry/get-proto/-/get-proto-1.0.1.tgz 0ms (cache hit)
1213 http cache get-package-type@https://pkgs.dev.azure.com/krossk/_packaging/Kros.Npm/npm/registry/get-package-type/-/get-package-type-0.1.0.tgz 1ms (cache hit)
1214 http cache get-nonce@https://pkgs.dev.azure.com/krossk/_packaging/Kros.Npm/npm/registry/get-nonce/-/get-nonce-1.0.1.tgz 0ms (cache hit)
1215 http cache get-intrinsic@https://pkgs.dev.azure.com/krossk/_packaging/Kros.Npm/npm/registry/get-intrinsic/-/get-intrinsic-1.2.7.tgz 0ms (cache hit)
1216 http cache get-caller-file@https://pkgs.dev.azure.com/krossk/_packaging/Kros.Npm/npm/registry/get-caller-file/-/get-caller-file-2.0.5.tgz 0ms (cache hit)
1217 http cache get-east-asian-width@https://pkgs.dev.azure.com/krossk/_packaging/Kros.Npm/npm/registry/get-east-asian-width/-/get-east-asian-width-1.3.0.tgz 0ms (cache hit)
1218 http cache gensync@https://pkgs.dev.azure.com/krossk/_packaging/Kros.Npm/npm/registry/gensync/-/gensync-1.0.0-beta.2.tgz 0ms (cache hit)
1219 http cache function.prototype.name@https://pkgs.dev.azure.com/krossk/_packaging/Kros.Npm/npm/registry/function.prototype.name/-/function.prototype.name-1.1.8.tgz 0ms (cache hit)
1220 http cache functions-have-names@https://pkgs.dev.azure.com/krossk/_packaging/Kros.Npm/npm/registry/functions-have-names/-/functions-have-names-1.2.3.tgz 0ms (cache hit)
1221 http cache function-bind@https://pkgs.dev.azure.com/krossk/_packaging/Kros.Npm/npm/registry/function-bind/-/function-bind-1.1.2.tgz 0ms (cache hit)
1222 http cache fstream@https://pkgs.dev.azure.com/krossk/_packaging/Kros.Npm/npm/registry/fstream/-/fstream-1.0.12.tgz 0ms (cache hit)
1223 http cache fs.realpath@https://pkgs.dev.azure.com/krossk/_packaging/Kros.Npm/npm/registry/fs.realpath/-/fs.realpath-1.0.0.tgz 0ms (cache hit)
1224 http cache fs-monkey@https://pkgs.dev.azure.com/krossk/_packaging/Kros.Npm/npm/registry/fs-monkey/-/fs-monkey-1.0.6.tgz 0ms (cache hit)
1225 http cache fs-minipass@https://pkgs.dev.azure.com/krossk/_packaging/Kros.Npm/npm/registry/fs-minipass/-/fs-minipass-3.0.3.tgz 0ms (cache hit)
1226 http cache fs-constants@https://pkgs.dev.azure.com/krossk/_packaging/Kros.Npm/npm/registry/fs-constants/-/fs-constants-1.0.0.tgz 0ms (cache hit)
1227 http cache fs-extra@https://pkgs.dev.azure.com/krossk/_packaging/Kros.Npm/npm/registry/fs-extra/-/fs-extra-9.1.0.tgz 0ms (cache hit)
1228 http cache front-matter@https://pkgs.dev.azure.com/krossk/_packaging/Kros.Npm/npm/registry/front-matter/-/front-matter-4.0.2.tgz 0ms (cache hit)
1229 http cache fresh@https://pkgs.dev.azure.com/krossk/_packaging/Kros.Npm/npm/registry/fresh/-/fresh-0.5.2.tgz 0ms (cache hit)
1230 http cache franc-min@https://pkgs.dev.azure.com/krossk/_packaging/Kros.Npm/npm/registry/franc-min/-/franc-min-6.2.0.tgz 0ms (cache hit)
1231 http cache fraction.js@https://pkgs.dev.azure.com/krossk/_packaging/Kros.Npm/npm/registry/fraction.js/-/fraction.js-4.3.7.tgz 0ms (cache hit)
1232 http cache form-data@https://pkgs.dev.azure.com/krossk/_packaging/Kros.Npm/npm/registry/form-data/-/form-data-4.0.1.tgz 0ms (cache hit)
1233 http cache forwarded@https://pkgs.dev.azure.com/krossk/_packaging/Kros.Npm/npm/registry/forwarded/-/forwarded-0.2.0.tgz 0ms (cache hit)
1234 http cache form-data-encoder@https://pkgs.dev.azure.com/krossk/_packaging/Kros.Npm/npm/registry/form-data-encoder/-/form-data-encoder-2.1.4.tgz 0ms (cache hit)
1235 http cache fork-ts-checker-webpack-plugin@https://pkgs.dev.azure.com/krossk/_packaging/Kros.Npm/npm/registry/fork-ts-checker-webpack-plugin/-/fork-ts-checker-webpack-plugin-7.2.13.tgz 0ms (cache hit)
1236 http cache forever-agent@https://pkgs.dev.azure.com/krossk/_packaging/Kros.Npm/npm/registry/forever-agent/-/forever-agent-0.6.1.tgz 0ms (cache hit)
1237 http cache foreground-child@https://pkgs.dev.azure.com/krossk/_packaging/Kros.Npm/npm/registry/foreground-child/-/foreground-child-3.3.0.tgz 0ms (cache hit)
1238 http cache for-each@https://pkgs.dev.azure.com/krossk/_packaging/Kros.Npm/npm/registry/for-each/-/for-each-0.3.4.tgz 0ms (cache hit)
1239 http cache follow-redirects@https://pkgs.dev.azure.com/krossk/_packaging/Kros.Npm/npm/registry/follow-redirects/-/follow-redirects-1.15.9.tgz 0ms (cache hit)
1240 http cache flatted@https://pkgs.dev.azure.com/krossk/_packaging/Kros.Npm/npm/registry/flatted/-/flatted-3.3.2.tgz 0ms (cache hit)
1241 http cache flatpickr@https://pkgs.dev.azure.com/krossk/_packaging/Kros.Npm/npm/registry/flatpickr/-/flatpickr-4.6.13.tgz 0ms (cache hit)
1242 http cache flat-cache@https://pkgs.dev.azure.com/krossk/_packaging/Kros.Npm/npm/registry/flat-cache/-/flat-cache-4.0.1.tgz 0ms (cache hit)
1243 http cache find-versions@https://pkgs.dev.azure.com/krossk/_packaging/Kros.Npm/npm/registry/find-versions/-/find-versions-5.1.0.tgz 0ms (cache hit)
1244 http cache flat@https://pkgs.dev.azure.com/krossk/_packaging/Kros.Npm/npm/registry/flat/-/flat-6.0.1.tgz 0ms (cache hit)
1245 http cache find-file-up@https://pkgs.dev.azure.com/krossk/_packaging/Kros.Npm/npm/registry/find-file-up/-/find-file-up-2.0.1.tgz 0ms (cache hit)
1246 http cache find-pkg@https://pkgs.dev.azure.com/krossk/_packaging/Kros.Npm/npm/registry/find-pkg/-/find-pkg-2.0.0.tgz 0ms (cache hit)
1247 http cache find-up@https://pkgs.dev.azure.com/krossk/_packaging/Kros.Npm/npm/registry/find-up/-/find-up-4.1.0.tgz 0ms (cache hit)
1248 http cache find-cache-dir@https://pkgs.dev.azure.com/krossk/_packaging/Kros.Npm/npm/registry/find-cache-dir/-/find-cache-dir-4.0.0.tgz 0ms (cache hit)
1249 http cache finalhandler@https://pkgs.dev.azure.com/krossk/_packaging/Kros.Npm/npm/registry/finalhandler/-/finalhandler-1.3.1.tgz 0ms (cache hit)
1250 http cache filenamify@https://pkgs.dev.azure.com/krossk/_packaging/Kros.Npm/npm/registry/filenamify/-/filenamify-6.0.0.tgz 0ms (cache hit)
1251 http cache fill-range@https://pkgs.dev.azure.com/krossk/_packaging/Kros.Npm/npm/registry/fill-range/-/fill-range-7.1.1.tgz 0ms (cache hit)
1252 http cache filename-reserved-regex@https://pkgs.dev.azure.com/krossk/_packaging/Kros.Npm/npm/registry/filename-reserved-regex/-/filename-reserved-regex-3.0.0.tgz 0ms (cache hit)
1253 http cache filelist@https://pkgs.dev.azure.com/krossk/_packaging/Kros.Npm/npm/registry/filelist/-/filelist-1.0.4.tgz 0ms (cache hit)
1254 http cache file-type@https://pkgs.dev.azure.com/krossk/_packaging/Kros.Npm/npm/registry/file-type/-/file-type-19.6.0.tgz 0ms (cache hit)
1255 http cache file-saver@https://pkgs.dev.azure.com/krossk/_packaging/Kros.Npm/npm/registry/file-saver/-/file-saver-2.0.5.tgz 0ms (cache hit)
1256 http cache file-entry-cache@https://pkgs.dev.azure.com/krossk/_packaging/Kros.Npm/npm/registry/file-entry-cache/-/file-entry-cache-8.0.0.tgz 0ms (cache hit)
1257 http cache figures@https://pkgs.dev.azure.com/krossk/_packaging/Kros.Npm/npm/registry/figures/-/figures-3.2.0.tgz 0ms (cache hit)
1258 http cache fetch-cookie@https://pkgs.dev.azure.com/krossk/_packaging/Kros.Npm/npm/registry/fetch-cookie/-/fetch-cookie-2.2.0.tgz 0ms (cache hit)
1259 http cache fflate@https://pkgs.dev.azure.com/krossk/_packaging/Kros.Npm/npm/registry/fflate/-/fflate-0.8.2.tgz 0ms (cache hit)
1260 http cache fdir@https://pkgs.dev.azure.com/krossk/_packaging/Kros.Npm/npm/registry/fdir/-/fdir-6.4.4.tgz 0ms (cache hit)
1261 http cache fd-slicer@https://pkgs.dev.azure.com/krossk/_packaging/Kros.Npm/npm/registry/fd-slicer/-/fd-slicer-1.1.0.tgz 0ms (cache hit)
1262 http cache fb-watchman@https://pkgs.dev.azure.com/krossk/_packaging/Kros.Npm/npm/registry/fb-watchman/-/fb-watchman-2.0.2.tgz 0ms (cache hit)
1263 http cache faye-websocket@https://pkgs.dev.azure.com/krossk/_packaging/Kros.Npm/npm/registry/faye-websocket/-/faye-websocket-0.11.4.tgz 0ms (cache hit)
1264 http cache fastq@https://pkgs.dev.azure.com/krossk/_packaging/Kros.Npm/npm/registry/fastq/-/fastq-1.19.0.tgz 0ms (cache hit)
1265 http cache fast-xml-parser@https://pkgs.dev.azure.com/krossk/_packaging/Kros.Npm/npm/registry/fast-xml-parser/-/fast-xml-parser-4.5.1.tgz 0ms (cache hit)
1266 http cache fast-uri@https://pkgs.dev.azure.com/krossk/_packaging/Kros.Npm/npm/registry/fast-uri/-/fast-uri-3.0.6.tgz 0ms (cache hit)
1267 http cache fast-json-stable-stringify@https://pkgs.dev.azure.com/krossk/_packaging/Kros.Npm/npm/registry/fast-json-stable-stringify/-/fast-json-stable-stringify-2.1.0.tgz 0ms (cache hit)
1268 http cache fast-levenshtein@https://pkgs.dev.azure.com/krossk/_packaging/Kros.Npm/npm/registry/fast-levenshtein/-/fast-levenshtein-2.0.6.tgz 0ms (cache hit)
1269 http cache fast-json-patch@https://pkgs.dev.azure.com/krossk/_packaging/Kros.Npm/npm/registry/fast-json-patch/-/fast-json-patch-3.1.1.tgz 0ms (cache hit)
1270 http cache fast-fifo@https://pkgs.dev.azure.com/krossk/_packaging/Kros.Npm/npm/registry/fast-fifo/-/fast-fifo-1.3.2.tgz 0ms (cache hit)
1271 http cache fast-glob@https://pkgs.dev.azure.com/krossk/_packaging/Kros.Npm/npm/registry/fast-glob/-/fast-glob-3.3.3.tgz 0ms (cache hit)
1272 http cache fast-equals@https://pkgs.dev.azure.com/krossk/_packaging/Kros.Npm/npm/registry/fast-equals/-/fast-equals-4.0.3.tgz 0ms (cache hit)
1273 http cache fast-diff@https://pkgs.dev.azure.com/krossk/_packaging/Kros.Npm/npm/registry/fast-diff/-/fast-diff-1.3.0.tgz 0ms (cache hit)
1274 http cache fast-deep-equal@https://pkgs.dev.azure.com/krossk/_packaging/Kros.Npm/npm/registry/fast-deep-equal/-/fast-deep-equal-3.1.3.tgz 0ms (cache hit)
1275 http cache extsprintf@https://pkgs.dev.azure.com/krossk/_packaging/Kros.Npm/npm/registry/extsprintf/-/extsprintf-1.3.0.tgz 0ms (cache hit)
1276 http cache fast-csv@https://pkgs.dev.azure.com/krossk/_packaging/Kros.Npm/npm/registry/fast-csv/-/fast-csv-4.3.6.tgz 0ms (cache hit)
1277 http cache external-editor@https://pkgs.dev.azure.com/krossk/_packaging/Kros.Npm/npm/registry/external-editor/-/external-editor-3.1.0.tgz 0ms (cache hit)
1278 http cache extract-zip@https://pkgs.dev.azure.com/krossk/_packaging/Kros.Npm/npm/registry/extract-zip/-/extract-zip-2.0.1.tgz 0ms (cache hit)
1279 http cache extend@https://pkgs.dev.azure.com/krossk/_packaging/Kros.Npm/npm/registry/extend/-/extend-3.0.2.tgz 0ms (cache hit)
1280 http cache ext-name@https://pkgs.dev.azure.com/krossk/_packaging/Kros.Npm/npm/registry/ext-name/-/ext-name-5.0.0.tgz 0ms (cache hit)
1281 http cache ext-list@https://pkgs.dev.azure.com/krossk/_packaging/Kros.Npm/npm/registry/ext-list/-/ext-list-2.2.2.tgz 0ms (cache hit)
1282 http cache express@https://pkgs.dev.azure.com/krossk/_packaging/Kros.Npm/npm/registry/express/-/express-4.21.2.tgz 0ms (cache hit)
1283 http cache expand-tilde@https://pkgs.dev.azure.com/krossk/_packaging/Kros.Npm/npm/registry/expand-tilde/-/expand-tilde-2.0.2.tgz 0ms (cache hit)
1284 http cache exponential-backoff@https://pkgs.dev.azure.com/krossk/_packaging/Kros.Npm/npm/registry/exponential-backoff/-/exponential-backoff-3.1.1.tgz 0ms (cache hit)
1285 http cache expect@https://pkgs.dev.azure.com/krossk/_packaging/Kros.Npm/npm/registry/expect/-/expect-29.7.0.tgz 0ms (cache hit)
1286 http cache expand-template@https://pkgs.dev.azure.com/krossk/_packaging/Kros.Npm/npm/registry/expand-template/-/expand-template-2.0.3.tgz 0ms (cache hit)
1287 http cache exit@https://pkgs.dev.azure.com/krossk/_packaging/Kros.Npm/npm/registry/exit/-/exit-0.1.2.tgz 0ms (cache hit)
1288 http cache executable@https://pkgs.dev.azure.com/krossk/_packaging/Kros.Npm/npm/registry/executable/-/executable-4.1.1.tgz 0ms (cache hit)
1289 http cache execa@https://pkgs.dev.azure.com/krossk/_packaging/Kros.Npm/npm/registry/execa/-/execa-5.1.1.tgz 0ms (cache hit)
1290 http cache exceljs@https://pkgs.dev.azure.com/krossk/_packaging/Kros.Npm/npm/registry/exceljs/-/exceljs-4.4.0.tgz 0ms (cache hit)
1291 http cache eventsource@https://pkgs.dev.azure.com/krossk/_packaging/Kros.Npm/npm/registry/eventsource/-/eventsource-2.0.2.tgz 0ms (cache hit)
1292 http cache events@https://pkgs.dev.azure.com/krossk/_packaging/Kros.Npm/npm/registry/events/-/events-3.3.0.tgz 0ms (cache hit)
1293 http cache event-target-shim@https://pkgs.dev.azure.com/krossk/_packaging/Kros.Npm/npm/registry/event-target-shim/-/event-target-shim-5.0.1.tgz 0ms (cache hit)
1294 http cache eventemitter3@https://pkgs.dev.azure.com/krossk/_packaging/Kros.Npm/npm/registry/eventemitter3/-/eventemitter3-4.0.7.tgz 0ms (cache hit)
1295 http cache eventemitter2@https://pkgs.dev.azure.com/krossk/_packaging/Kros.Npm/npm/registry/eventemitter2/-/eventemitter2-6.4.7.tgz 0ms (cache hit)
1296 http cache etag@https://pkgs.dev.azure.com/krossk/_packaging/Kros.Npm/npm/registry/etag/-/etag-1.8.1.tgz 0ms (cache hit)
1297 http cache esutils@https://pkgs.dev.azure.com/krossk/_packaging/Kros.Npm/npm/registry/esutils/-/esutils-2.0.3.tgz 0ms (cache hit)
1298 http cache estree-walker@https://pkgs.dev.azure.com/krossk/_packaging/Kros.Npm/npm/registry/estree-walker/-/estree-walker-2.0.2.tgz 0ms (cache hit)
1299 http cache estraverse@https://pkgs.dev.azure.com/krossk/_packaging/Kros.Npm/npm/registry/estraverse/-/estraverse-5.3.0.tgz 0ms (cache hit)
1300 http cache esrecurse@https://pkgs.dev.azure.com/krossk/_packaging/Kros.Npm/npm/registry/esrecurse/-/esrecurse-4.3.0.tgz 0ms (cache hit)
1301 http cache esprima@https://pkgs.dev.azure.com/krossk/_packaging/Kros.Npm/npm/registry/esprima/-/esprima-4.0.1.tgz 0ms (cache hit)
1302 http cache eslint-visitor-keys@https://pkgs.dev.azure.com/krossk/_packaging/Kros.Npm/npm/registry/eslint-visitor-keys/-/eslint-visitor-keys-4.2.0.tgz 0ms (cache hit)
1303 http cache esquery@https://pkgs.dev.azure.com/krossk/_packaging/Kros.Npm/npm/registry/esquery/-/esquery-1.6.0.tgz 0ms (cache hit)
1304 http cache espree@https://pkgs.dev.azure.com/krossk/_packaging/Kros.Npm/npm/registry/espree/-/espree-10.3.0.tgz 0ms (cache hit)
1305 http cache eslint-scope@https://pkgs.dev.azure.com/krossk/_packaging/Kros.Npm/npm/registry/eslint-scope/-/eslint-scope-8.2.0.tgz 0ms (cache hit)
1306 http cache eslint-plugin-sort-imports-es6-autofix@https://pkgs.dev.azure.com/krossk/_packaging/Kros.Npm/npm/registry/eslint-plugin-sort-imports-es6-autofix/-/eslint-plugin-sort-imports-es6-autofix-0.6.0.tgz 0ms (cache hit)
1307 http cache eslint-plugin-import-helpers@https://pkgs.dev.azure.com/krossk/_packaging/Kros.Npm/npm/registry/eslint-plugin-import-helpers/-/eslint-plugin-import-helpers-2.0.1.tgz 0ms (cache hit)
1308 http cache eslint-plugin-unused-imports@https://pkgs.dev.azure.com/krossk/_packaging/Kros.Npm/npm/registry/eslint-plugin-unused-imports/-/eslint-plugin-unused-imports-4.1.4.tgz 0ms (cache hit)
1309 http cache eslint-plugin-cypress@https://pkgs.dev.azure.com/krossk/_packaging/Kros.Npm/npm/registry/eslint-plugin-cypress/-/eslint-plugin-cypress-4.1.0.tgz 0ms (cache hit)
1310 http cache eslint@https://pkgs.dev.azure.com/krossk/_packaging/Kros.Npm/npm/registry/eslint/-/eslint-9.19.0.tgz 0ms (cache hit)
1311 http cache eslint-config-prettier@https://pkgs.dev.azure.com/krossk/_packaging/Kros.Npm/npm/registry/eslint-config-prettier/-/eslint-config-prettier-10.1.5.tgz 0ms (cache hit)
1312 http cache escodegen@https://pkgs.dev.azure.com/krossk/_packaging/Kros.Npm/npm/registry/escodegen/-/escodegen-2.1.0.tgz 0ms (cache hit)
1313 http cache escape-html@https://pkgs.dev.azure.com/krossk/_packaging/Kros.Npm/npm/registry/escape-html/-/escape-html-1.0.3.tgz 0ms (cache hit)
1314 http cache escape-string-regexp@https://pkgs.dev.azure.com/krossk/_packaging/Kros.Npm/npm/registry/escape-string-regexp/-/escape-string-regexp-4.0.0.tgz 0ms (cache hit)
1315 http cache escalade@https://pkgs.dev.azure.com/krossk/_packaging/Kros.Npm/npm/registry/escalade/-/escalade-3.2.0.tgz 0ms (cache hit)
1316 http cache esbuild-wasm@https://pkgs.dev.azure.com/krossk/_packaging/Kros.Npm/npm/registry/esbuild-wasm/-/esbuild-wasm-0.25.1.tgz 0ms (cache hit)
1317 http cache esbuild@https://pkgs.dev.azure.com/krossk/_packaging/Kros.Npm/npm/registry/esbuild/-/esbuild-0.25.1.tgz 0ms (cache hit)
1318 http cache es6-promisify@https://pkgs.dev.azure.com/krossk/_packaging/Kros.Npm/npm/registry/es6-promisify/-/es6-promisify-5.0.0.tgz 0ms (cache hit)
1319 http cache es6-promise@https://pkgs.dev.azure.com/krossk/_packaging/Kros.Npm/npm/registry/es6-promise/-/es6-promise-4.2.8.tgz 0ms (cache hit)
1320 http cache es-to-primitive@https://pkgs.dev.azure.com/krossk/_packaging/Kros.Npm/npm/registry/es-to-primitive/-/es-to-primitive-1.3.0.tgz 0ms (cache hit)
1321 http cache es6-object-assign@https://pkgs.dev.azure.com/krossk/_packaging/Kros.Npm/npm/registry/es6-object-assign/-/es6-object-assign-1.1.0.tgz 0ms (cache hit)
1322 http cache es-set-tostringtag@https://pkgs.dev.azure.com/krossk/_packaging/Kros.Npm/npm/registry/es-set-tostringtag/-/es-set-tostringtag-2.1.0.tgz 0ms (cache hit)
1323 http cache es-module-lexer@https://pkgs.dev.azure.com/krossk/_packaging/Kros.Npm/npm/registry/es-module-lexer/-/es-module-lexer-1.6.0.tgz 0ms (cache hit)
1324 http cache es-object-atoms@https://pkgs.dev.azure.com/krossk/_packaging/Kros.Npm/npm/registry/es-object-atoms/-/es-object-atoms-1.1.1.tgz 0ms (cache hit)
1325 http cache es-errors@https://pkgs.dev.azure.com/krossk/_packaging/Kros.Npm/npm/registry/es-errors/-/es-errors-1.3.0.tgz 0ms (cache hit)
1326 http cache es-define-property@https://pkgs.dev.azure.com/krossk/_packaging/Kros.Npm/npm/registry/es-define-property/-/es-define-property-1.0.1.tgz 0ms (cache hit)
1327 http cache es-abstract@https://pkgs.dev.azure.com/krossk/_packaging/Kros.Npm/npm/registry/es-abstract/-/es-abstract-1.23.9.tgz 0ms (cache hit)
1328 http cache error-stack-parser@https://pkgs.dev.azure.com/krossk/_packaging/Kros.Npm/npm/registry/error-stack-parser/-/error-stack-parser-2.1.4.tgz 0ms (cache hit)
1329 http cache error-ex@https://pkgs.dev.azure.com/krossk/_packaging/Kros.Npm/npm/registry/error-ex/-/error-ex-1.3.2.tgz 0ms (cache hit)
1330 http cache errno@https://pkgs.dev.azure.com/krossk/_packaging/Kros.Npm/npm/registry/errno/-/errno-0.1.8.tgz 0ms (cache hit)
1331 http cache err-code@https://pkgs.dev.azure.com/krossk/_packaging/Kros.Npm/npm/registry/err-code/-/err-code-2.0.3.tgz 0ms (cache hit)
1332 http cache environment@https://pkgs.dev.azure.com/krossk/_packaging/Kros.Npm/npm/registry/environment/-/environment-1.1.0.tgz 0ms (cache hit)
1333 http cache env-paths@https://pkgs.dev.azure.com/krossk/_packaging/Kros.Npm/npm/registry/env-paths/-/env-paths-2.2.1.tgz 0ms (cache hit)
1334 http cache ent@https://pkgs.dev.azure.com/krossk/_packaging/Kros.Npm/npm/registry/ent/-/ent-2.2.2.tgz 0ms (cache hit)
1335 http cache entities@https://pkgs.dev.azure.com/krossk/_packaging/Kros.Npm/npm/registry/entities/-/entities-4.5.0.tgz 0ms (cache hit)
1336 http cache enquirer@https://pkgs.dev.azure.com/krossk/_packaging/Kros.Npm/npm/registry/enquirer/-/enquirer-2.3.6.tgz 0ms (cache hit)
1337 http cache enhanced-resolve@https://pkgs.dev.azure.com/krossk/_packaging/Kros.Npm/npm/registry/enhanced-resolve/-/enhanced-resolve-4.5.0.tgz 0ms (cache hit)
1338 http cache engine.io-parser@https://pkgs.dev.azure.com/krossk/_packaging/Kros.Npm/npm/registry/engine.io-parser/-/engine.io-parser-5.2.3.tgz 0ms (cache hit)
1339 http cache engine.io@https://pkgs.dev.azure.com/krossk/_packaging/Kros.Npm/npm/registry/engine.io/-/engine.io-6.6.4.tgz 0ms (cache hit)
1340 http cache end-of-stream@https://pkgs.dev.azure.com/krossk/_packaging/Kros.Npm/npm/registry/end-of-stream/-/end-of-stream-1.4.4.tgz 0ms (cache hit)
1341 http cache encoding@https://pkgs.dev.azure.com/krossk/_packaging/Kros.Npm/npm/registry/encoding/-/encoding-0.1.13.tgz 0ms (cache hit)
1342 http cache encodeurl@https://pkgs.dev.azure.com/krossk/_packaging/Kros.Npm/npm/registry/encodeurl/-/encodeurl-2.0.0.tgz 0ms (cache hit)
1343 http cache emojis-list@https://pkgs.dev.azure.com/krossk/_packaging/Kros.Npm/npm/registry/emojis-list/-/emojis-list-3.0.0.tgz 0ms (cache hit)
1344 http cache electron-to-chromium@https://pkgs.dev.azure.com/krossk/_packaging/Kros.Npm/npm/registry/electron-to-chromium/-/electron-to-chromium-1.5.93.tgz 0ms (cache hit)
1345 http cache emoji-regex@https://pkgs.dev.azure.com/krossk/_packaging/Kros.Npm/npm/registry/emoji-regex/-/emoji-regex-8.0.0.tgz 0ms (cache hit)
1346 http cache emittery@https://pkgs.dev.azure.com/krossk/_packaging/Kros.Npm/npm/registry/emittery/-/emittery-0.13.1.tgz 0ms (cache hit)
1347 http cache ejs@https://pkgs.dev.azure.com/krossk/_packaging/Kros.Npm/npm/registry/ejs/-/ejs-3.1.10.tgz 0ms (cache hit)
1348 http cache ee-first@https://pkgs.dev.azure.com/krossk/_packaging/Kros.Npm/npm/registry/ee-first/-/ee-first-1.1.1.tgz 0ms (cache hit)
1349 http cache ecdsa-sig-formatter@https://pkgs.dev.azure.com/krossk/_packaging/Kros.Npm/npm/registry/ecdsa-sig-formatter/-/ecdsa-sig-formatter-1.0.11.tgz 0ms (cache hit)
1350 http cache ecc-jsbn@https://pkgs.dev.azure.com/krossk/_packaging/Kros.Npm/npm/registry/ecc-jsbn/-/ecc-jsbn-0.1.2.tgz 0ms (cache hit)
1351 http cache duplexer2@https://pkgs.dev.azure.com/krossk/_packaging/Kros.Npm/npm/registry/duplexer2/-/duplexer2-0.1.4.tgz 0ms (cache hit)
1352 http cache eastasianwidth@https://pkgs.dev.azure.com/krossk/_packaging/Kros.Npm/npm/registry/eastasianwidth/-/eastasianwidth-0.2.0.tgz 0ms (cache hit)
1353 http cache dunder-proto@https://pkgs.dev.azure.com/krossk/_packaging/Kros.Npm/npm/registry/dunder-proto/-/dunder-proto-1.0.1.tgz 0ms (cache hit)
1354 http cache dotenv-expand@https://pkgs.dev.azure.com/krossk/_packaging/Kros.Npm/npm/registry/dotenv-expand/-/dotenv-expand-11.0.7.tgz 0ms (cache hit)
1355 http cache dotenv@https://pkgs.dev.azure.com/krossk/_packaging/Kros.Npm/npm/registry/dotenv/-/dotenv-16.4.7.tgz 0ms (cache hit)
1356 http cache domutils@https://pkgs.dev.azure.com/krossk/_packaging/Kros.Npm/npm/registry/domutils/-/domutils-3.2.2.tgz 0ms (cache hit)
1357 http cache domhandler@https://pkgs.dev.azure.com/krossk/_packaging/Kros.Npm/npm/registry/domhandler/-/domhandler-5.0.3.tgz 0ms (cache hit)
1358 http cache domelementtype@https://pkgs.dev.azure.com/krossk/_packaging/Kros.Npm/npm/registry/domelementtype/-/domelementtype-2.3.0.tgz 0ms (cache hit)
1359 http cache domexception@https://pkgs.dev.azure.com/krossk/_packaging/Kros.Npm/npm/registry/domexception/-/domexception-4.0.0.tgz 0ms (cache hit)
1360 http cache dom-serializer@https://pkgs.dev.azure.com/krossk/_packaging/Kros.Npm/npm/registry/dom-serializer/-/dom-serializer-2.0.0.tgz 0ms (cache hit)
1361 http cache dom-helpers@https://pkgs.dev.azure.com/krossk/_packaging/Kros.Npm/npm/registry/dom-helpers/-/dom-helpers-5.2.1.tgz 0ms (cache hit)
1362 http cache dom-serialize@https://pkgs.dev.azure.com/krossk/_packaging/Kros.Npm/npm/registry/dom-serialize/-/dom-serialize-2.2.1.tgz 0ms (cache hit)
1363 http cache dns-packet@https://pkgs.dev.azure.com/krossk/_packaging/Kros.Npm/npm/registry/dns-packet/-/dns-packet-5.6.1.tgz 0ms (cache hit)
1364 http cache dir-glob@https://pkgs.dev.azure.com/krossk/_packaging/Kros.Npm/npm/registry/dir-glob/-/dir-glob-3.0.1.tgz 0ms (cache hit)
1365 http cache diff-sequences@https://pkgs.dev.azure.com/krossk/_packaging/Kros.Npm/npm/registry/diff-sequences/-/diff-sequences-29.6.3.tgz 0ms (cache hit)
1366 http cache diff@https://pkgs.dev.azure.com/krossk/_packaging/Kros.Npm/npm/registry/diff/-/diff-4.0.2.tgz 0ms (cache hit)
1367 http cache di@https://pkgs.dev.azure.com/krossk/_packaging/Kros.Npm/npm/registry/di/-/di-0.0.1.tgz 0ms (cache hit)
1368 http cache devextreme-quill@https://pkgs.dev.azure.com/krossk/_packaging/Kros.Npm/npm/registry/devextreme-quill/-/devextreme-quill-1.7.2.tgz 0ms (cache hit)
1369 http cache devextreme-schematics@https://pkgs.dev.azure.com/krossk/_packaging/Kros.Npm/npm/registry/devextreme-schematics/-/devextreme-schematics-1.8.0.tgz 0ms (cache hit)
1370 http cache devextreme-dist@https://pkgs.dev.azure.com/krossk/_packaging/Kros.Npm/npm/registry/devextreme-dist/-/devextreme-dist-24.2.7.tgz 0ms (cache hit)
1371 http cache devextreme-angular@https://pkgs.dev.azure.com/krossk/_packaging/Kros.Npm/npm/registry/devextreme-angular/-/devextreme-angular-24.2.7.tgz 0ms (cache hit)
1372 http cache devextreme@https://pkgs.dev.azure.com/krossk/_packaging/Kros.Npm/npm/registry/devextreme/-/devextreme-24.2.7.tgz 0ms (cache hit)
1373 http cache devexpress-richedit@https://pkgs.dev.azure.com/krossk/_packaging/Kros.Npm/npm/registry/devexpress-richedit/-/devexpress-richedit-24.2.7.tgz 0ms (cache hit)
1374 http cache devexpress-gantt@https://pkgs.dev.azure.com/krossk/_packaging/Kros.Npm/npm/registry/devexpress-gantt/-/devexpress-gantt-4.1.60.tgz 0ms (cache hit)
1375 http cache devexpress-reporting@https://pkgs.dev.azure.com/krossk/_packaging/Kros.Npm/npm/registry/devexpress-reporting/-/devexpress-reporting-24.2.7.tgz 0ms (cache hit)
1376 http cache devexpress-reporting-angular@https://pkgs.dev.azure.com/krossk/_packaging/Kros.Npm/npm/registry/devexpress-reporting-angular/-/devexpress-reporting-angular-24.2.7.tgz 0ms (cache hit)
1377 http cache devexpress-diagram@https://pkgs.dev.azure.com/krossk/_packaging/Kros.Npm/npm/registry/devexpress-diagram/-/devexpress-diagram-2.2.16.tgz 0ms (cache hit)
1378 http cache detect-port@https://pkgs.dev.azure.com/krossk/_packaging/Kros.Npm/npm/registry/detect-port/-/detect-port-1.6.1.tgz 0ms (cache hit)
1379 http cache detect-node@https://pkgs.dev.azure.com/krossk/_packaging/Kros.Npm/npm/registry/detect-node/-/detect-node-2.1.0.tgz 0ms (cache hit)
1380 http cache detect-node-es@https://pkgs.dev.azure.com/krossk/_packaging/Kros.Npm/npm/registry/detect-node-es/-/detect-node-es-1.1.0.tgz 0ms (cache hit)
1381 http cache detect-newline@https://pkgs.dev.azure.com/krossk/_packaging/Kros.Npm/npm/registry/detect-newline/-/detect-newline-3.1.0.tgz 0ms (cache hit)
1382 http cache detect-libc@https://pkgs.dev.azure.com/krossk/_packaging/Kros.Npm/npm/registry/detect-libc/-/detect-libc-2.0.3.tgz 0ms (cache hit)
1383 http cache destroy@https://pkgs.dev.azure.com/krossk/_packaging/Kros.Npm/npm/registry/destroy/-/destroy-1.2.0.tgz 0ms (cache hit)
1384 http cache dependency-graph@https://pkgs.dev.azure.com/krossk/_packaging/Kros.Npm/npm/registry/dependency-graph/-/dependency-graph-1.0.0.tgz 0ms (cache hit)
1385 http cache delegates@https://pkgs.dev.azure.com/krossk/_packaging/Kros.Npm/npm/registry/delegates/-/delegates-1.0.0.tgz 0ms (cache hit)
1386 http cache depd@https://pkgs.dev.azure.com/krossk/_packaging/Kros.Npm/npm/registry/depd/-/depd-2.0.0.tgz 0ms (cache hit)
1387 http cache define-properties@https://pkgs.dev.azure.com/krossk/_packaging/Kros.Npm/npm/registry/define-properties/-/define-properties-1.2.1.tgz 0ms (cache hit)
1388 http cache delayed-stream@https://pkgs.dev.azure.com/krossk/_packaging/Kros.Npm/npm/registry/delayed-stream/-/delayed-stream-1.0.0.tgz 0ms (cache hit)
1389 http cache del@https://pkgs.dev.azure.com/krossk/_packaging/Kros.Npm/npm/registry/del/-/del-2.2.2.tgz 0ms (cache hit)
1390 http cache define-lazy-prop@https://pkgs.dev.azure.com/krossk/_packaging/Kros.Npm/npm/registry/define-lazy-prop/-/define-lazy-prop-3.0.0.tgz 0ms (cache hit)
1391 http cache define-data-property@https://pkgs.dev.azure.com/krossk/_packaging/Kros.Npm/npm/registry/define-data-property/-/define-data-property-1.1.4.tgz 0ms (cache hit)
1392 http cache defer-to-connect@https://pkgs.dev.azure.com/krossk/_packaging/Kros.Npm/npm/registry/defer-to-connect/-/defer-to-connect-2.0.1.tgz 0ms (cache hit)
1393 http cache defaults@https://pkgs.dev.azure.com/krossk/_packaging/Kros.Npm/npm/registry/defaults/-/defaults-3.0.0.tgz 0ms (cache hit)
1394 http cache default-browser-id@https://pkgs.dev.azure.com/krossk/_packaging/Kros.Npm/npm/registry/default-browser-id/-/default-browser-id-5.0.0.tgz 0ms (cache hit)
1395 http cache default-browser@https://pkgs.dev.azure.com/krossk/_packaging/Kros.Npm/npm/registry/default-browser/-/default-browser-5.2.1.tgz 0ms (cache hit)
1396 http cache deepmerge@https://pkgs.dev.azure.com/krossk/_packaging/Kros.Npm/npm/registry/deepmerge/-/deepmerge-4.3.1.tgz 0ms (cache hit)
1397 http cache deep-is@https://pkgs.dev.azure.com/krossk/_packaging/Kros.Npm/npm/registry/deep-is/-/deep-is-0.1.4.tgz 0ms (cache hit)
1398 http cache deep-equal@https://pkgs.dev.azure.com/krossk/_packaging/Kros.Npm/npm/registry/deep-equal/-/deep-equal-1.0.1.tgz 0ms (cache hit)
1399 http cache deep-extend@https://pkgs.dev.azure.com/krossk/_packaging/Kros.Npm/npm/registry/deep-extend/-/deep-extend-0.6.0.tgz 0ms (cache hit)
1400 http cache dedent@https://pkgs.dev.azure.com/krossk/_packaging/Kros.Npm/npm/registry/dedent/-/dedent-1.5.3.tgz 0ms (cache hit)
1401 http cache decompress-response@https://pkgs.dev.azure.com/krossk/_packaging/Kros.Npm/npm/registry/decompress-response/-/decompress-response-6.0.0.tgz 0ms (cache hit)
1402 http cache decimal.js@https://pkgs.dev.azure.com/krossk/_packaging/Kros.Npm/npm/registry/decimal.js/-/decimal.js-10.5.0.tgz 0ms (cache hit)
1403 http cache decamelize@https://pkgs.dev.azure.com/krossk/_packaging/Kros.Npm/npm/registry/decamelize/-/decamelize-1.2.0.tgz 0ms (cache hit)
1404 http cache debug@https://pkgs.dev.azure.com/krossk/_packaging/Kros.Npm/npm/registry/debug/-/debug-4.4.0.tgz 0ms (cache hit)
1405 http cache date-format@https://pkgs.dev.azure.com/krossk/_packaging/Kros.Npm/npm/registry/date-format/-/date-format-4.0.14.tgz 0ms (cache hit)
1406 http cache dayjs@https://pkgs.dev.azure.com/krossk/_packaging/Kros.Npm/npm/registry/dayjs/-/dayjs-1.11.13.tgz 0ms (cache hit)
1407 http cache date-fns@https://pkgs.dev.azure.com/krossk/_packaging/Kros.Npm/npm/registry/date-fns/-/date-fns-2.30.0.tgz 0ms (cache hit)
1408 http cache data-view-byte-offset@https://pkgs.dev.azure.com/krossk/_packaging/Kros.Npm/npm/registry/data-view-byte-offset/-/data-view-byte-offset-1.0.1.tgz 0ms (cache hit)
1409 http cache data-view-byte-length@https://pkgs.dev.azure.com/krossk/_packaging/Kros.Npm/npm/registry/data-view-byte-length/-/data-view-byte-length-1.0.2.tgz 0ms (cache hit)
1410 http cache data-view-buffer@https://pkgs.dev.azure.com/krossk/_packaging/Kros.Npm/npm/registry/data-view-buffer/-/data-view-buffer-1.0.2.tgz 0ms (cache hit)
1411 http cache data-urls@https://pkgs.dev.azure.com/krossk/_packaging/Kros.Npm/npm/registry/data-urls/-/data-urls-3.0.2.tgz 0ms (cache hit)
1412 http cache d3-transition@https://pkgs.dev.azure.com/krossk/_packaging/Kros.Npm/npm/registry/d3-transition/-/d3-transition-3.0.1.tgz 0ms (cache hit)
1413 http cache dashdash@https://pkgs.dev.azure.com/krossk/_packaging/Kros.Npm/npm/registry/dashdash/-/dashdash-1.14.1.tgz 0ms (cache hit)
1414 http cache d3-time-format@https://pkgs.dev.azure.com/krossk/_packaging/Kros.Npm/npm/registry/d3-time-format/-/d3-time-format-4.1.0.tgz 0ms (cache hit)
1415 http cache d3-timer@https://pkgs.dev.azure.com/krossk/_packaging/Kros.Npm/npm/registry/d3-timer/-/d3-timer-3.0.1.tgz 0ms (cache hit)
1416 http cache d3-time@https://pkgs.dev.azure.com/krossk/_packaging/Kros.Npm/npm/registry/d3-time/-/d3-time-3.1.0.tgz 0ms (cache hit)
1417 http cache d3-shape@https://pkgs.dev.azure.com/krossk/_packaging/Kros.Npm/npm/registry/d3-shape/-/d3-shape-3.2.0.tgz 0ms (cache hit)
1418 http cache d3-sankey@https://pkgs.dev.azure.com/krossk/_packaging/Kros.Npm/npm/registry/d3-sankey/-/d3-sankey-0.12.3.tgz 0ms (cache hit)
1419 http cache d3-scale@https://pkgs.dev.azure.com/krossk/_packaging/Kros.Npm/npm/registry/d3-scale/-/d3-scale-4.0.2.tgz 0ms (cache hit)
1420 http cache d3-selection@https://pkgs.dev.azure.com/krossk/_packaging/Kros.Npm/npm/registry/d3-selection/-/d3-selection-3.0.0.tgz 0ms (cache hit)
1421 http cache d3-path@https://pkgs.dev.azure.com/krossk/_packaging/Kros.Npm/npm/registry/d3-path/-/d3-path-3.1.0.tgz 0ms (cache hit)
1422 http cache d3-hierarchy@https://pkgs.dev.azure.com/krossk/_packaging/Kros.Npm/npm/registry/d3-hierarchy/-/d3-hierarchy-3.1.2.tgz 0ms (cache hit)
1423 http cache d3-interpolate@https://pkgs.dev.azure.com/krossk/_packaging/Kros.Npm/npm/registry/d3-interpolate/-/d3-interpolate-3.0.1.tgz 0ms (cache hit)
1424 http cache d3-format@https://pkgs.dev.azure.com/krossk/_packaging/Kros.Npm/npm/registry/d3-format/-/d3-format-3.1.0.tgz 0ms (cache hit)
1425 http cache d3-ease@https://pkgs.dev.azure.com/krossk/_packaging/Kros.Npm/npm/registry/d3-ease/-/d3-ease-3.0.1.tgz 0ms (cache hit)
1426 http cache d3-drag@https://pkgs.dev.azure.com/krossk/_packaging/Kros.Npm/npm/registry/d3-drag/-/d3-drag-3.0.0.tgz 0ms (cache hit)
1427 http cache d3-dispatch@https://pkgs.dev.azure.com/krossk/_packaging/Kros.Npm/npm/registry/d3-dispatch/-/d3-dispatch-3.0.1.tgz 0ms (cache hit)
1428 http cache d3-color@https://pkgs.dev.azure.com/krossk/_packaging/Kros.Npm/npm/registry/d3-color/-/d3-color-3.1.0.tgz 0ms (cache hit)
1429 http cache d3-array@https://pkgs.dev.azure.com/krossk/_packaging/Kros.Npm/npm/registry/d3-array/-/d3-array-3.2.4.tgz 0ms (cache hit)
1430 http cache d3-brush@https://pkgs.dev.azure.com/krossk/_packaging/Kros.Npm/npm/registry/d3-brush/-/d3-brush-3.0.0.tgz 0ms (cache hit)
1431 http cache cypress@https://pkgs.dev.azure.com/krossk/_packaging/Kros.Npm/npm/registry/cypress/-/cypress-14.2.1.tgz 0ms (cache hit)
1432 http cache custom-event@https://pkgs.dev.azure.com/krossk/_packaging/Kros.Npm/npm/registry/custom-event/-/custom-event-1.0.1.tgz 0ms (cache hit)
1433 http cache cuint@https://pkgs.dev.azure.com/krossk/_packaging/Kros.Npm/npm/registry/cuint/-/cuint-0.2.2.tgz 0ms (cache hit)
1434 http cache csstype@https://pkgs.dev.azure.com/krossk/_packaging/Kros.Npm/npm/registry/csstype/-/csstype-3.1.3.tgz 0ms (cache hit)
1435 http cache cssstyle@https://pkgs.dev.azure.com/krossk/_packaging/Kros.Npm/npm/registry/cssstyle/-/cssstyle-2.3.0.tgz 0ms (cache hit)
1436 http cache csso@https://pkgs.dev.azure.com/krossk/_packaging/Kros.Npm/npm/registry/csso/-/csso-5.0.5.tgz 0ms (cache hit)
1437 http cache cssom@https://pkgs.dev.azure.com/krossk/_packaging/Kros.Npm/npm/registry/cssom/-/cssom-0.5.0.tgz 0ms (cache hit)
1438 http cache cssnano-utils@https://pkgs.dev.azure.com/krossk/_packaging/Kros.Npm/npm/registry/cssnano-utils/-/cssnano-utils-4.0.2.tgz 0ms (cache hit)
1439 http cache cssesc@https://pkgs.dev.azure.com/krossk/_packaging/Kros.Npm/npm/registry/cssesc/-/cssesc-3.0.0.tgz 0ms (cache hit)
1440 http cache cssnano-preset-default@https://pkgs.dev.azure.com/krossk/_packaging/Kros.Npm/npm/registry/cssnano-preset-default/-/cssnano-preset-default-6.1.2.tgz 0ms (cache hit)
1441 http cache cssnano@https://pkgs.dev.azure.com/krossk/_packaging/Kros.Npm/npm/registry/cssnano/-/cssnano-6.1.2.tgz 0ms (cache hit)
1442 http cache cssdb@https://pkgs.dev.azure.com/krossk/_packaging/Kros.Npm/npm/registry/cssdb/-/cssdb-6.6.3.tgz 0ms (cache hit)
1443 http cache css-what@https://pkgs.dev.azure.com/krossk/_packaging/Kros.Npm/npm/registry/css-what/-/css-what-6.1.0.tgz 0ms (cache hit)
1444 http cache css-tree@https://pkgs.dev.azure.com/krossk/_packaging/Kros.Npm/npm/registry/css-tree/-/css-tree-2.3.1.tgz 0ms (cache hit)
1445 http cache css-select@https://pkgs.dev.azure.com/krossk/_packaging/Kros.Npm/npm/registry/css-select/-/css-select-5.1.0.tgz 0ms (cache hit)
1446 http cache css-prefers-color-scheme@https://pkgs.dev.azure.com/krossk/_packaging/Kros.Npm/npm/registry/css-prefers-color-scheme/-/css-prefers-color-scheme-6.0.3.tgz 0ms (cache hit)
1447 http cache css-minimizer-webpack-plugin@https://pkgs.dev.azure.com/krossk/_packaging/Kros.Npm/npm/registry/css-minimizer-webpack-plugin/-/css-minimizer-webpack-plugin-5.0.1.tgz 0ms (cache hit)
1448 http cache css-loader@https://pkgs.dev.azure.com/krossk/_packaging/Kros.Npm/npm/registry/css-loader/-/css-loader-7.1.2.tgz 0ms (cache hit)
1449 http cache css-has-pseudo@https://pkgs.dev.azure.com/krossk/_packaging/Kros.Npm/npm/registry/css-has-pseudo/-/css-has-pseudo-3.0.4.tgz 0ms (cache hit)
1450 http cache css-blank-pseudo@https://pkgs.dev.azure.com/krossk/_packaging/Kros.Npm/npm/registry/css-blank-pseudo/-/css-blank-pseudo-3.0.3.tgz 0ms (cache hit)
1451 http cache css-declaration-sorter@https://pkgs.dev.azure.com/krossk/_packaging/Kros.Npm/npm/registry/css-declaration-sorter/-/css-declaration-sorter-7.2.0.tgz 0ms (cache hit)
1452 http cache crypto-js@https://pkgs.dev.azure.com/krossk/_packaging/Kros.Npm/npm/registry/crypto-js/-/crypto-js-4.2.0.tgz 0ms (cache hit)
1453 http cache cron-parser@https://pkgs.dev.azure.com/krossk/_packaging/Kros.Npm/npm/registry/cron-parser/-/cron-parser-4.9.0.tgz 0ms (cache hit)
1454 http cache cross-spawn@https://pkgs.dev.azure.com/krossk/_packaging/Kros.Npm/npm/registry/cross-spawn/-/cross-spawn-7.0.6.tgz 0ms (cache hit)
1455 http cache create-require@https://pkgs.dev.azure.com/krossk/_packaging/Kros.Npm/npm/registry/create-require/-/create-require-1.1.1.tgz 0ms (cache hit)
1456 http cache create-jest@https://pkgs.dev.azure.com/krossk/_packaging/Kros.Npm/npm/registry/create-jest/-/create-jest-29.7.0.tgz 1ms (cache hit)
1457 http cache crc32-stream@https://pkgs.dev.azure.com/krossk/_packaging/Kros.Npm/npm/registry/crc32-stream/-/crc32-stream-4.0.3.tgz 0ms (cache hit)
1458 http cache crc-32@https://pkgs.dev.azure.com/krossk/_packaging/Kros.Npm/npm/registry/crc-32/-/crc-32-1.2.2.tgz 0ms (cache hit)
1459 http cache cosmiconfig@https://pkgs.dev.azure.com/krossk/_packaging/Kros.Npm/npm/registry/cosmiconfig/-/cosmiconfig-7.1.0.tgz 0ms (cache hit)
1460 http cache cors@https://pkgs.dev.azure.com/krossk/_packaging/Kros.Npm/npm/registry/cors/-/cors-2.8.5.tgz 0ms (cache hit)
1461 http cache corser@https://pkgs.dev.azure.com/krossk/_packaging/Kros.Npm/npm/registry/corser/-/corser-2.0.1.tgz 0ms (cache hit)
1462 http cache core-util-is@https://pkgs.dev.azure.com/krossk/_packaging/Kros.Npm/npm/registry/core-util-is/-/core-util-is-1.0.2.tgz 0ms (cache hit)
1463 http cache core-js-compat@https://pkgs.dev.azure.com/krossk/_packaging/Kros.Npm/npm/registry/core-js-compat/-/core-js-compat-3.41.0.tgz 0ms (cache hit)
1464 http cache core-js@https://pkgs.dev.azure.com/krossk/_packaging/Kros.Npm/npm/registry/core-js/-/core-js-3.40.0.tgz 0ms (cache hit)
1465 http cache copy-webpack-plugin@https://pkgs.dev.azure.com/krossk/_packaging/Kros.Npm/npm/registry/copy-webpack-plugin/-/copy-webpack-plugin-12.0.2.tgz 0ms (cache hit)
1466 http cache copy-anything@https://pkgs.dev.azure.com/krossk/_packaging/Kros.Npm/npm/registry/copy-anything/-/copy-anything-2.0.6.tgz 0ms (cache hit)
1467 http cache cookie-signature@https://pkgs.dev.azure.com/krossk/_packaging/Kros.Npm/npm/registry/cookie-signature/-/cookie-signature-1.0.6.tgz 0ms (cache hit)
1468 http cache cookies@https://pkgs.dev.azure.com/krossk/_packaging/Kros.Npm/npm/registry/cookies/-/cookies-0.9.1.tgz 0ms (cache hit)
1469 http cache cookie@https://pkgs.dev.azure.com/krossk/_packaging/Kros.Npm/npm/registry/cookie/-/cookie-0.7.1.tgz 0ms (cache hit)
1470 http cache content-type@https://pkgs.dev.azure.com/krossk/_packaging/Kros.Npm/npm/registry/content-type/-/content-type-1.0.5.tgz 0ms (cache hit)
1471 http cache content-disposition@https://pkgs.dev.azure.com/krossk/_packaging/Kros.Npm/npm/registry/content-disposition/-/content-disposition-0.5.4.tgz 0ms (cache hit)
1472 http cache convert-source-map@https://pkgs.dev.azure.com/krossk/_packaging/Kros.Npm/npm/registry/convert-source-map/-/convert-source-map-1.9.0.tgz 0ms (cache hit)
1473 http cache connect@https://pkgs.dev.azure.com/krossk/_packaging/Kros.Npm/npm/registry/connect/-/connect-3.7.0.tgz 0ms (cache hit)
1474 http cache connect-history-api-fallback@https://pkgs.dev.azure.com/krossk/_packaging/Kros.Npm/npm/registry/connect-history-api-fallback/-/connect-history-api-fallback-2.0.0.tgz 0ms (cache hit)
1475 http cache concat-map@https://pkgs.dev.azure.com/krossk/_packaging/Kros.Npm/npm/registry/concat-map/-/concat-map-0.0.1.tgz 0ms (cache hit)
1476 http cache confusing-browser-globals@https://pkgs.dev.azure.com/krossk/_packaging/Kros.Npm/npm/registry/confusing-browser-globals/-/confusing-browser-globals-1.0.11.tgz 0ms (cache hit)
1477 http cache compression@https://pkgs.dev.azure.com/krossk/_packaging/Kros.Npm/npm/registry/compression/-/compression-1.7.5.tgz 0ms (cache hit)
1478 http cache concurrently@https://pkgs.dev.azure.com/krossk/_packaging/Kros.Npm/npm/registry/concurrently/-/concurrently-6.5.1.tgz 0ms (cache hit)
1479 http cache compressible@https://pkgs.dev.azure.com/krossk/_packaging/Kros.Npm/npm/registry/compressible/-/compressible-2.0.18.tgz 0ms (cache hit)
1480 http cache common-tags@https://pkgs.dev.azure.com/krossk/_packaging/Kros.Npm/npm/registry/common-tags/-/common-tags-1.8.2.tgz 0ms (cache hit)
1481 http cache compress-commons@https://pkgs.dev.azure.com/krossk/_packaging/Kros.Npm/npm/registry/compress-commons/-/compress-commons-4.1.2.tgz 0ms (cache hit)
1482 http cache common-path-prefix@https://pkgs.dev.azure.com/krossk/_packaging/Kros.Npm/npm/registry/common-path-prefix/-/common-path-prefix-3.0.0.tgz 0ms (cache hit)
1483 http cache commondir@https://pkgs.dev.azure.com/krossk/_packaging/Kros.Npm/npm/registry/commondir/-/commondir-1.0.1.tgz 0ms (cache hit)
1484 http cache commander@https://pkgs.dev.azure.com/krossk/_packaging/Kros.Npm/npm/registry/commander/-/commander-8.3.0.tgz 0ms (cache hit)
1485 http cache columnify@https://pkgs.dev.azure.com/krossk/_packaging/Kros.Npm/npm/registry/columnify/-/columnify-1.6.0.tgz 0ms (cache hit)
1486 http cache combined-stream@https://pkgs.dev.azure.com/krossk/_packaging/Kros.Npm/npm/registry/combined-stream/-/combined-stream-1.0.8.tgz 0ms (cache hit)
1487 http cache colors@https://pkgs.dev.azure.com/krossk/_packaging/Kros.Npm/npm/registry/colors/-/colors-1.4.0.tgz 0ms (cache hit)
1488 http cache colorette@https://pkgs.dev.azure.com/krossk/_packaging/Kros.Npm/npm/registry/colorette/-/colorette-2.0.20.tgz 0ms (cache hit)
1489 http cache color-name@https://pkgs.dev.azure.com/krossk/_packaging/Kros.Npm/npm/registry/color-name/-/color-name-1.1.4.tgz 0ms (cache hit)
1490 http cache colord@https://pkgs.dev.azure.com/krossk/_packaging/Kros.Npm/npm/registry/colord/-/colord-2.9.3.tgz 0ms (cache hit)
1491 http cache colorjs.io@https://pkgs.dev.azure.com/krossk/_packaging/Kros.Npm/npm/registry/colorjs.io/-/colorjs.io-0.5.2.tgz 0ms (cache hit)
1492 http cache color-convert@https://pkgs.dev.azure.com/krossk/_packaging/Kros.Npm/npm/registry/color-convert/-/color-convert-2.0.1.tgz 0ms (cache hit)
1493 http cache co@https://pkgs.dev.azure.com/krossk/_packaging/Kros.Npm/npm/registry/co/-/co-4.6.0.tgz 0ms (cache hit)
1494 http cache collapse-white-space@https://pkgs.dev.azure.com/krossk/_packaging/Kros.Npm/npm/registry/collapse-white-space/-/collapse-white-space-2.1.0.tgz 0ms (cache hit)
1495 http cache collect-v8-coverage@https://pkgs.dev.azure.com/krossk/_packaging/Kros.Npm/npm/registry/collect-v8-coverage/-/collect-v8-coverage-1.0.2.tgz 0ms (cache hit)
1496 http cache clsx@https://pkgs.dev.azure.com/krossk/_packaging/Kros.Npm/npm/registry/clsx/-/clsx-2.1.1.tgz 0ms (cache hit)
1497 http cache clone-deep@https://pkgs.dev.azure.com/krossk/_packaging/Kros.Npm/npm/registry/clone-deep/-/clone-deep-4.0.1.tgz 0ms (cache hit)
1498 http cache clone@https://pkgs.dev.azure.com/krossk/_packaging/Kros.Npm/npm/registry/clone/-/clone-1.0.4.tgz 0ms (cache hit)
1499 http cache cli-width@https://pkgs.dev.azure.com/krossk/_packaging/Kros.Npm/npm/registry/cli-width/-/cli-width-4.1.0.tgz 0ms (cache hit)
1500 http cache cli-truncate@https://pkgs.dev.azure.com/krossk/_packaging/Kros.Npm/npm/registry/cli-truncate/-/cli-truncate-4.0.0.tgz 0ms (cache hit)
1501 http cache cliui@https://pkgs.dev.azure.com/krossk/_packaging/Kros.Npm/npm/registry/cliui/-/cliui-8.0.1.tgz 0ms (cache hit)
1502 http cache cli-table3@https://pkgs.dev.azure.com/krossk/_packaging/Kros.Npm/npm/registry/cli-table3/-/cli-table3-0.6.5.tgz 0ms (cache hit)
1503 http cache cli-cursor@https://pkgs.dev.azure.com/krossk/_packaging/Kros.Npm/npm/registry/cli-cursor/-/cli-cursor-3.1.0.tgz 0ms (cache hit)
1504 http cache cli-spinners@https://pkgs.dev.azure.com/krossk/_packaging/Kros.Npm/npm/registry/cli-spinners/-/cli-spinners-2.6.1.tgz 0ms (cache hit)
1505 http cache classnames@https://pkgs.dev.azure.com/krossk/_packaging/Kros.Npm/npm/registry/classnames/-/classnames-2.5.1.tgz 0ms (cache hit)
1506 http cache clean-stack@https://pkgs.dev.azure.com/krossk/_packaging/Kros.Npm/npm/registry/clean-stack/-/clean-stack-2.2.0.tgz 0ms (cache hit)
1507 http cache class-variance-authority@https://pkgs.dev.azure.com/krossk/_packaging/Kros.Npm/npm/registry/class-variance-authority/-/class-variance-authority-0.7.1.tgz 0ms (cache hit)
1508 http cache class-transformer@https://pkgs.dev.azure.com/krossk/_packaging/Kros.Npm/npm/registry/class-transformer/-/class-transformer-0.5.1.tgz 0ms (cache hit)
1509 http cache chrome-trace-event@https://pkgs.dev.azure.com/krossk/_packaging/Kros.Npm/npm/registry/chrome-trace-event/-/chrome-trace-event-1.0.4.tgz 0ms (cache hit)
1510 http cache cjs-module-lexer@https://pkgs.dev.azure.com/krossk/_packaging/Kros.Npm/npm/registry/cjs-module-lexer/-/cjs-module-lexer-1.4.3.tgz 0ms (cache hit)
1511 http cache cjk-regex@https://pkgs.dev.azure.com/krossk/_packaging/Kros.Npm/npm/registry/cjk-regex/-/cjk-regex-3.3.0.tgz 0ms (cache hit)
1512 http cache chownr@https://pkgs.dev.azure.com/krossk/_packaging/Kros.Npm/npm/registry/chownr/-/chownr-2.0.0.tgz 0ms (cache hit)
1513 http cache ci-info@https://pkgs.dev.azure.com/krossk/_packaging/Kros.Npm/npm/registry/ci-info/-/ci-info-3.9.0.tgz 0ms (cache hit)
1514 http cache chokidar@https://pkgs.dev.azure.com/krossk/_packaging/Kros.Npm/npm/registry/chokidar/-/chokidar-4.0.3.tgz 0ms (cache hit)
1515 http cache char-regex@https://pkgs.dev.azure.com/krossk/_packaging/Kros.Npm/npm/registry/char-regex/-/char-regex-1.0.2.tgz 0ms (cache hit)
1516 http cache check-more-types@https://pkgs.dev.azure.com/krossk/_packaging/Kros.Npm/npm/registry/check-more-types/-/check-more-types-2.24.0.tgz 0ms (cache hit)
1517 http cache chalk@https://pkgs.dev.azure.com/krossk/_packaging/Kros.Npm/npm/registry/chalk/-/chalk-4.1.2.tgz 0ms (cache hit)
1518 http cache chardet@https://pkgs.dev.azure.com/krossk/_packaging/Kros.Npm/npm/registry/chardet/-/chardet-0.7.0.tgz 0ms (cache hit)
1519 http cache chainsaw@https://pkgs.dev.azure.com/krossk/_packaging/Kros.Npm/npm/registry/chainsaw/-/chainsaw-0.1.0.tgz 0ms (cache hit)
1520 http cache caseless@https://pkgs.dev.azure.com/krossk/_packaging/Kros.Npm/npm/registry/caseless/-/caseless-0.12.0.tgz 0ms (cache hit)
1521 http cache caniuse-lite@https://pkgs.dev.azure.com/krossk/_packaging/Kros.Npm/npm/registry/caniuse-lite/-/caniuse-lite-1.0.30001706.tgz 0ms (cache hit)
1522 http cache caniuse-api@https://pkgs.dev.azure.com/krossk/_packaging/Kros.Npm/npm/registry/caniuse-api/-/caniuse-api-3.0.0.tgz 0ms (cache hit)
1523 http cache callsites@https://pkgs.dev.azure.com/krossk/_packaging/Kros.Npm/npm/registry/callsites/-/callsites-3.1.0.tgz 0ms (cache hit)
1524 http cache camelcase@https://pkgs.dev.azure.com/krossk/_packaging/Kros.Npm/npm/registry/camelcase/-/camelcase-5.3.1.tgz 0ms (cache hit)
1525 http cache call-bind-apply-helpers@https://pkgs.dev.azure.com/krossk/_packaging/Kros.Npm/npm/registry/call-bind-apply-helpers/-/call-bind-apply-helpers-1.0.1.tgz 0ms (cache hit)
1526 http cache call-bound@https://pkgs.dev.azure.com/krossk/_packaging/Kros.Npm/npm/registry/call-bound/-/call-bound-1.0.3.tgz 0ms (cache hit)
1527 http cache call-bind@https://pkgs.dev.azure.com/krossk/_packaging/Kros.Npm/npm/registry/call-bind/-/call-bind-1.0.8.tgz 0ms (cache hit)
1528 http cache cachedir@https://pkgs.dev.azure.com/krossk/_packaging/Kros.Npm/npm/registry/cachedir/-/cachedir-2.4.0.tgz 0ms (cache hit)
1529 http cache cacheable-lookup@https://pkgs.dev.azure.com/krossk/_packaging/Kros.Npm/npm/registry/cacheable-lookup/-/cacheable-lookup-7.0.0.tgz 0ms (cache hit)
1530 http cache cacheable-request@https://pkgs.dev.azure.com/krossk/_packaging/Kros.Npm/npm/registry/cacheable-request/-/cacheable-request-10.2.14.tgz 0ms (cache hit)
1531 http cache cache-content-type@https://pkgs.dev.azure.com/krossk/_packaging/Kros.Npm/npm/registry/cache-content-type/-/cache-content-type-1.0.1.tgz 0ms (cache hit)
1532 http cache cacache@https://pkgs.dev.azure.com/krossk/_packaging/Kros.Npm/npm/registry/cacache/-/cacache-19.0.1.tgz 0ms (cache hit)
1533 http cache bytes@https://pkgs.dev.azure.com/krossk/_packaging/Kros.Npm/npm/registry/bytes/-/bytes-3.1.2.tgz 0ms (cache hit)
1534 http cache buffer-indexof-polyfill@https://pkgs.dev.azure.com/krossk/_packaging/Kros.Npm/npm/registry/buffer-indexof-polyfill/-/buffer-indexof-polyfill-1.0.2.tgz 0ms (cache hit)
1535 http cache buffers@https://pkgs.dev.azure.com/krossk/_packaging/Kros.Npm/npm/registry/buffers/-/buffers-0.1.1.tgz 0ms (cache hit)
1536 http cache bundle-name@https://pkgs.dev.azure.com/krossk/_packaging/Kros.Npm/npm/registry/bundle-name/-/bundle-name-4.1.0.tgz 0ms (cache hit)
1537 http cache buffer-from@https://pkgs.dev.azure.com/krossk/_packaging/Kros.Npm/npm/registry/buffer-from/-/buffer-from-1.1.2.tgz 0ms (cache hit)
1538 http cache buffer-equal-constant-time@https://pkgs.dev.azure.com/krossk/_packaging/Kros.Npm/npm/registry/buffer-equal-constant-time/-/buffer-equal-constant-time-1.0.1.tgz 0ms (cache hit)
1539 http cache buffer-crc32@https://pkgs.dev.azure.com/krossk/_packaging/Kros.Npm/npm/registry/buffer-crc32/-/buffer-crc32-0.2.13.tgz 0ms (cache hit)
1540 http cache buffer@https://pkgs.dev.azure.com/krossk/_packaging/Kros.Npm/npm/registry/buffer/-/buffer-5.7.1.tgz 1ms (cache hit)
1541 http cache buffer-builder@https://pkgs.dev.azure.com/krossk/_packaging/Kros.Npm/npm/registry/buffer-builder/-/buffer-builder-0.2.0.tgz 0ms (cache hit)
1542 http cache bser@https://pkgs.dev.azure.com/krossk/_packaging/Kros.Npm/npm/registry/bser/-/bser-2.1.1.tgz 0ms (cache hit)
1543 http cache btoa@https://pkgs.dev.azure.com/krossk/_packaging/Kros.Npm/npm/registry/btoa/-/btoa-1.2.1.tgz 0ms (cache hit)
1544 http cache bs-logger@https://pkgs.dev.azure.com/krossk/_packaging/Kros.Npm/npm/registry/bs-logger/-/bs-logger-0.2.6.tgz 0ms (cache hit)
1545 http cache browserslist@https://pkgs.dev.azure.com/krossk/_packaging/Kros.Npm/npm/registry/browserslist/-/browserslist-4.24.4.tgz 0ms (cache hit)
1546 http cache braces@https://pkgs.dev.azure.com/krossk/_packaging/Kros.Npm/npm/registry/braces/-/braces-3.0.3.tgz 0ms (cache hit)
1547 http cache brace-expansion@https://pkgs.dev.azure.com/krossk/_packaging/Kros.Npm/npm/registry/brace-expansion/-/brace-expansion-2.0.1.tgz 0ms (cache hit)
1548 http cache browserstack@https://pkgs.dev.azure.com/krossk/_packaging/Kros.Npm/npm/registry/browserstack/-/browserstack-1.6.1.tgz 0ms (cache hit)
1549 http cache bonjour-service@https://pkgs.dev.azure.com/krossk/_packaging/Kros.Npm/npm/registry/bonjour-service/-/bonjour-service-1.3.0.tgz 0ms (cache hit)
1550 http cache bootstrap@https://pkgs.dev.azure.com/krossk/_packaging/Kros.Npm/npm/registry/bootstrap/-/bootstrap-4.6.2.tgz 0ms (cache hit)
1551 http cache boolbase@https://pkgs.dev.azure.com/krossk/_packaging/Kros.Npm/npm/registry/boolbase/-/boolbase-1.0.0.tgz 0ms (cache hit)
1552 http cache bluebird@https://pkgs.dev.azure.com/krossk/_packaging/Kros.Npm/npm/registry/bluebird/-/bluebird-3.7.2.tgz 0ms (cache hit)
1553 http cache blocking-proxy@https://pkgs.dev.azure.com/krossk/_packaging/Kros.Npm/npm/registry/blocking-proxy/-/blocking-proxy-1.0.1.tgz 0ms (cache hit)
1554 http cache body-parser@https://pkgs.dev.azure.com/krossk/_packaging/Kros.Npm/npm/registry/body-parser/-/body-parser-1.20.3.tgz 0ms (cache hit)
1555 http cache blob-util@https://pkgs.dev.azure.com/krossk/_packaging/Kros.Npm/npm/registry/blob-util/-/blob-util-2.0.2.tgz 0ms (cache hit)
1556 http cache bl@https://pkgs.dev.azure.com/krossk/_packaging/Kros.Npm/npm/registry/bl/-/bl-4.1.0.tgz 0ms (cache hit)
1557 http cache binary-extensions@https://pkgs.dev.azure.com/krossk/_packaging/Kros.Npm/npm/registry/binary-extensions/-/binary-extensions-2.3.0.tgz 0ms (cache hit)
1558 http cache bin-version-check@https://pkgs.dev.azure.com/krossk/_packaging/Kros.Npm/npm/registry/bin-version-check/-/bin-version-check-5.1.0.tgz 0ms (cache hit)
1559 http cache bin-version@https://pkgs.dev.azure.com/krossk/_packaging/Kros.Npm/npm/registry/bin-version/-/bin-version-6.0.0.tgz 0ms (cache hit)
1560 http cache binary@https://pkgs.dev.azure.com/krossk/_packaging/Kros.Npm/npm/registry/binary/-/binary-0.3.0.tgz 0ms (cache hit)
1561 http cache big-integer@https://pkgs.dev.azure.com/krossk/_packaging/Kros.Npm/npm/registry/big-integer/-/big-integer-1.6.52.tgz 0ms (cache hit)
1562 http cache big.js@https://pkgs.dev.azure.com/krossk/_packaging/Kros.Npm/npm/registry/big.js/-/big.js-5.2.2.tgz 0ms (cache hit)
1563 http cache beasties@https://pkgs.dev.azure.com/krossk/_packaging/Kros.Npm/npm/registry/beasties/-/beasties-0.2.0.tgz 0ms (cache hit)
1564 http cache batch@https://pkgs.dev.azure.com/krossk/_packaging/Kros.Npm/npm/registry/batch/-/batch-0.6.1.tgz 0ms (cache hit)
1565 http cache bcrypt-pbkdf@https://pkgs.dev.azure.com/krossk/_packaging/Kros.Npm/npm/registry/bcrypt-pbkdf/-/bcrypt-pbkdf-1.0.2.tgz 0ms (cache hit)
1566 http cache base64id@https://pkgs.dev.azure.com/krossk/_packaging/Kros.Npm/npm/registry/base64id/-/base64id-2.0.0.tgz 0ms (cache hit)
1567 http cache basic-auth@https://pkgs.dev.azure.com/krossk/_packaging/Kros.Npm/npm/registry/basic-auth/-/basic-auth-2.0.1.tgz 0ms (cache hit)
1568 http cache base64-js@https://pkgs.dev.azure.com/krossk/_packaging/Kros.Npm/npm/registry/base64-js/-/base64-js-1.5.1.tgz 0ms (cache hit)
1569 http cache balanced-match@https://pkgs.dev.azure.com/krossk/_packaging/Kros.Npm/npm/registry/balanced-match/-/balanced-match-1.0.2.tgz 0ms (cache hit)
1570 http cache bare-events@https://pkgs.dev.azure.com/krossk/_packaging/Kros.Npm/npm/registry/bare-events/-/bare-events-2.5.4.tgz 0ms (cache hit)
1571 http cache babel-runtime@https://pkgs.dev.azure.com/krossk/_packaging/Kros.Npm/npm/registry/babel-runtime/-/babel-runtime-6.26.0.tgz 0ms (cache hit)
1572 http cache babel-preset-jest@https://pkgs.dev.azure.com/krossk/_packaging/Kros.Npm/npm/registry/babel-preset-jest/-/babel-preset-jest-29.6.3.tgz 0ms (cache hit)
1573 http cache babel-preset-current-node-syntax@https://pkgs.dev.azure.com/krossk/_packaging/Kros.Npm/npm/registry/babel-preset-current-node-syntax/-/babel-preset-current-node-syntax-1.1.0.tgz 0ms (cache hit)
1574 http cache babel-plugin-polyfill-regenerator@https://pkgs.dev.azure.com/krossk/_packaging/Kros.Npm/npm/registry/babel-plugin-polyfill-regenerator/-/babel-plugin-polyfill-regenerator-0.6.3.tgz 0ms (cache hit)
1575 http cache babel-polyfill@https://pkgs.dev.azure.com/krossk/_packaging/Kros.Npm/npm/registry/babel-polyfill/-/babel-polyfill-6.26.0.tgz 0ms (cache hit)
1576 http cache babel-plugin-transform-typescript-metadata@https://pkgs.dev.azure.com/krossk/_packaging/Kros.Npm/npm/registry/babel-plugin-transform-typescript-metadata/-/babel-plugin-transform-typescript-metadata-0.3.2.tgz 0ms (cache hit)
1577 http cache babel-plugin-polyfill-corejs3@https://pkgs.dev.azure.com/krossk/_packaging/Kros.Npm/npm/registry/babel-plugin-polyfill-corejs3/-/babel-plugin-polyfill-corejs3-0.11.1.tgz 0ms (cache hit)
1578 http cache babel-plugin-polyfill-corejs2@https://pkgs.dev.azure.com/krossk/_packaging/Kros.Npm/npm/registry/babel-plugin-polyfill-corejs2/-/babel-plugin-polyfill-corejs2-0.4.12.tgz 0ms (cache hit)
1579 http cache babel-plugin-macros@https://pkgs.dev.azure.com/krossk/_packaging/Kros.Npm/npm/registry/babel-plugin-macros/-/babel-plugin-macros-3.1.0.tgz 0ms (cache hit)
1580 http cache babel-plugin-const-enum@https://pkgs.dev.azure.com/krossk/_packaging/Kros.Npm/npm/registry/babel-plugin-const-enum/-/babel-plugin-const-enum-1.2.0.tgz 0ms (cache hit)
1581 http cache babel-plugin-jest-hoist@https://pkgs.dev.azure.com/krossk/_packaging/Kros.Npm/npm/registry/babel-plugin-jest-hoist/-/babel-plugin-jest-hoist-29.6.3.tgz 0ms (cache hit)
1582 http cache babel-plugin-istanbul@https://pkgs.dev.azure.com/krossk/_packaging/Kros.Npm/npm/registry/babel-plugin-istanbul/-/babel-plugin-istanbul-6.1.1.tgz 0ms (cache hit)
1583 http cache babel-loader@https://pkgs.dev.azure.com/krossk/_packaging/Kros.Npm/npm/registry/babel-loader/-/babel-loader-9.2.1.tgz 0ms (cache hit)
1584 http cache babel-jest@https://pkgs.dev.azure.com/krossk/_packaging/Kros.Npm/npm/registry/babel-jest/-/babel-jest-29.7.0.tgz 0ms (cache hit)
1585 http cache b4a@https://pkgs.dev.azure.com/krossk/_packaging/Kros.Npm/npm/registry/b4a/-/b4a-1.6.7.tgz 0ms (cache hit)
1586 http cache axios@https://pkgs.dev.azure.com/krossk/_packaging/Kros.Npm/npm/registry/axios/-/axios-1.8.3.tgz 0ms (cache hit)
1587 http cache axobject-query@https://pkgs.dev.azure.com/krossk/_packaging/Kros.Npm/npm/registry/axobject-query/-/axobject-query-4.1.0.tgz 0ms (cache hit)
1588 http cache axios-retry@https://pkgs.dev.azure.com/krossk/_packaging/Kros.Npm/npm/registry/axios-retry/-/axios-retry-4.5.0.tgz 0ms (cache hit)
1589 http cache aws4@https://pkgs.dev.azure.com/krossk/_packaging/Kros.Npm/npm/registry/aws4/-/aws4-1.13.2.tgz 0ms (cache hit)
1590 http cache aws-sign2@https://pkgs.dev.azure.com/krossk/_packaging/Kros.Npm/npm/registry/aws-sign2/-/aws-sign2-0.7.0.tgz 0ms (cache hit)
1591 http cache autoprefixer@https://pkgs.dev.azure.com/krossk/_packaging/Kros.Npm/npm/registry/autoprefixer/-/autoprefixer-10.4.20.tgz 0ms (cache hit)
1592 http cache available-typed-arrays@https://pkgs.dev.azure.com/krossk/_packaging/Kros.Npm/npm/registry/available-typed-arrays/-/available-typed-arrays-1.0.7.tgz 0ms (cache hit)
1593 http cache asynckit@https://pkgs.dev.azure.com/krossk/_packaging/Kros.Npm/npm/registry/asynckit/-/asynckit-0.4.0.tgz 0ms (cache hit)
1594 http cache at-least-node@https://pkgs.dev.azure.com/krossk/_packaging/Kros.Npm/npm/registry/at-least-node/-/at-least-node-1.0.0.tgz 0ms (cache hit)
1595 http cache async-lock@https://pkgs.dev.azure.com/krossk/_packaging/Kros.Npm/npm/registry/async-lock/-/async-lock-1.4.1.tgz 0ms (cache hit)
1596 http cache async@https://pkgs.dev.azure.com/krossk/_packaging/Kros.Npm/npm/registry/async/-/async-3.2.6.tgz 0ms (cache hit)
1597 http cache astral-regex@https://pkgs.dev.azure.com/krossk/_packaging/Kros.Npm/npm/registry/astral-regex/-/astral-regex-2.0.0.tgz 0ms (cache hit)
1598 http cache async-function@https://pkgs.dev.azure.com/krossk/_packaging/Kros.Npm/npm/registry/async-function/-/async-function-1.0.0.tgz 0ms (cache hit)
1599 http cache asn1@https://pkgs.dev.azure.com/krossk/_packaging/Kros.Npm/npm/registry/asn1/-/asn1-0.2.6.tgz 0ms (cache hit)
1600 http cache assert-plus@https://pkgs.dev.azure.com/krossk/_packaging/Kros.Npm/npm/registry/assert-plus/-/assert-plus-1.0.0.tgz 0ms (cache hit)
1601 http cache arrify@https://pkgs.dev.azure.com/krossk/_packaging/Kros.Npm/npm/registry/arrify/-/arrify-1.0.1.tgz 0ms (cache hit)
1602 http cache array-uniq@https://pkgs.dev.azure.com/krossk/_packaging/Kros.Npm/npm/registry/array-uniq/-/array-uniq-1.0.3.tgz 0ms (cache hit)
1603 http cache array-union@https://pkgs.dev.azure.com/krossk/_packaging/Kros.Npm/npm/registry/array-union/-/array-union-3.0.1.tgz 0ms (cache hit)
1604 http cache arraybuffer.prototype.slice@https://pkgs.dev.azure.com/krossk/_packaging/Kros.Npm/npm/registry/arraybuffer.prototype.slice/-/arraybuffer.prototype.slice-1.0.4.tgz 0ms (cache hit)
1605 http cache aria-hidden@https://pkgs.dev.azure.com/krossk/_packaging/Kros.Npm/npm/registry/aria-hidden/-/aria-hidden-1.2.6.tgz 0ms (cache hit)
1606 http cache array-flatten@https://pkgs.dev.azure.com/krossk/_packaging/Kros.Npm/npm/registry/array-flatten/-/array-flatten-1.1.1.tgz 0ms (cache hit)
1607 http cache array-buffer-byte-length@https://pkgs.dev.azure.com/krossk/_packaging/Kros.Npm/npm/registry/array-buffer-byte-length/-/array-buffer-byte-length-1.0.2.tgz 0ms (cache hit)
1608 http cache argparse@https://pkgs.dev.azure.com/krossk/_packaging/Kros.Npm/npm/registry/argparse/-/argparse-2.0.1.tgz 0ms (cache hit)
1609 http cache aria-query@https://pkgs.dev.azure.com/krossk/_packaging/Kros.Npm/npm/registry/aria-query/-/aria-query-5.3.2.tgz 0ms (cache hit)
1610 http cache arg@https://pkgs.dev.azure.com/krossk/_packaging/Kros.Npm/npm/registry/arg/-/arg-4.1.3.tgz 0ms (cache hit)
1611 http cache archiver-utils@https://pkgs.dev.azure.com/krossk/_packaging/Kros.Npm/npm/registry/archiver-utils/-/archiver-utils-2.1.0.tgz 0ms (cache hit)
1612 http cache archy@https://pkgs.dev.azure.com/krossk/_packaging/Kros.Npm/npm/registry/archy/-/archy-1.0.0.tgz 0ms (cache hit)
1613 http cache arch@https://pkgs.dev.azure.com/krossk/_packaging/Kros.Npm/npm/registry/arch/-/arch-3.0.0.tgz 0ms (cache hit)
1614 http cache ansi-styles@https://pkgs.dev.azure.com/krossk/_packaging/Kros.Npm/npm/registry/ansi-styles/-/ansi-styles-4.3.0.tgz 0ms (cache hit)
1615 http cache archiver@https://pkgs.dev.azure.com/krossk/_packaging/Kros.Npm/npm/registry/archiver/-/archiver-5.3.2.tgz 0ms (cache hit)
1616 http cache anymatch@https://pkgs.dev.azure.com/krossk/_packaging/Kros.Npm/npm/registry/anymatch/-/anymatch-3.1.3.tgz 0ms (cache hit)
1617 http cache ansi-html-community@https://pkgs.dev.azure.com/krossk/_packaging/Kros.Npm/npm/registry/ansi-html-community/-/ansi-html-community-0.0.8.tgz 0ms (cache hit)
1618 http cache ansi-regex@https://pkgs.dev.azure.com/krossk/_packaging/Kros.Npm/npm/registry/ansi-regex/-/ansi-regex-5.0.1.tgz 0ms (cache hit)
1619 http cache ansi-colors@https://pkgs.dev.azure.com/krossk/_packaging/Kros.Npm/npm/registry/ansi-colors/-/ansi-colors-4.1.3.tgz 0ms (cache hit)
1620 http cache annyang@https://pkgs.dev.azure.com/krossk/_packaging/Kros.Npm/npm/registry/annyang/-/annyang-2.6.1.tgz 0ms (cache hit)
1621 http cache ansi-escapes@https://pkgs.dev.azure.com/krossk/_packaging/Kros.Npm/npm/registry/ansi-escapes/-/ansi-escapes-4.3.2.tgz 0ms (cache hit)
1622 http cache angular-split@https://pkgs.dev.azure.com/krossk/_packaging/Kros.Npm/npm/registry/angular-split/-/angular-split-14.1.0.tgz 0ms (cache hit)
1623 http cache angular-shepherd@https://pkgs.dev.azure.com/krossk/_packaging/Kros.Npm/npm/registry/angular-shepherd/-/angular-shepherd-18.0.2.tgz 0ms (cache hit)
1624 http cache announcekit-angular@https://pkgs.dev.azure.com/krossk/_packaging/Kros.Npm/npm/registry/announcekit-angular/-/announcekit-angular-14.0.5.tgz 0ms (cache hit)
1625 http cache ajv-keywords@https://pkgs.dev.azure.com/krossk/_packaging/Kros.Npm/npm/registry/ajv-keywords/-/ajv-keywords-5.1.0.tgz 0ms (cache hit)
1626 http cache ajv-formats@https://pkgs.dev.azure.com/krossk/_packaging/Kros.Npm/npm/registry/ajv-formats/-/ajv-formats-3.0.1.tgz 0ms (cache hit)
1627 http cache angular-eslint@https://pkgs.dev.azure.com/krossk/_packaging/Kros.Npm/npm/registry/angular-eslint/-/angular-eslint-19.2.1.tgz 0ms (cache hit)
1628 http cache aggregate-error@https://pkgs.dev.azure.com/krossk/_packaging/Kros.Npm/npm/registry/aggregate-error/-/aggregate-error-3.1.0.tgz 0ms (cache hit)
1629 http cache agent-base@https://pkgs.dev.azure.com/krossk/_packaging/Kros.Npm/npm/registry/agent-base/-/agent-base-7.1.3.tgz 0ms (cache hit)
1630 http cache ajv@https://pkgs.dev.azure.com/krossk/_packaging/Kros.Npm/npm/registry/ajv/-/ajv-8.17.1.tgz 0ms (cache hit)
1631 http cache adjust-sourcemap-loader@https://pkgs.dev.azure.com/krossk/_packaging/Kros.Npm/npm/registry/adjust-sourcemap-loader/-/adjust-sourcemap-loader-4.0.0.tgz 0ms (cache hit)
1632 http cache address@https://pkgs.dev.azure.com/krossk/_packaging/Kros.Npm/npm/registry/address/-/address-1.2.2.tgz 0ms (cache hit)
1633 http cache adm-zip@https://pkgs.dev.azure.com/krossk/_packaging/Kros.Npm/npm/registry/adm-zip/-/adm-zip-0.5.16.tgz 0ms (cache hit)
1634 http cache acorn-walk@https://pkgs.dev.azure.com/krossk/_packaging/Kros.Npm/npm/registry/acorn-walk/-/acorn-walk-8.3.4.tgz 0ms (cache hit)
1635 http cache acorn-jsx@https://pkgs.dev.azure.com/krossk/_packaging/Kros.Npm/npm/registry/acorn-jsx/-/acorn-jsx-5.3.2.tgz 0ms (cache hit)
1636 http cache acorn-globals@https://pkgs.dev.azure.com/krossk/_packaging/Kros.Npm/npm/registry/acorn-globals/-/acorn-globals-7.0.1.tgz 0ms (cache hit)
1637 http cache ace-builds@https://pkgs.dev.azure.com/krossk/_packaging/Kros.Npm/npm/registry/ace-builds/-/ace-builds-1.37.5.tgz 0ms (cache hit)
1638 http cache acorn@https://pkgs.dev.azure.com/krossk/_packaging/Kros.Npm/npm/registry/acorn/-/acorn-8.14.0.tgz 0ms (cache hit)
1639 http cache abort-controller@https://pkgs.dev.azure.com/krossk/_packaging/Kros.Npm/npm/registry/abort-controller/-/abort-controller-3.0.0.tgz 0ms (cache hit)
1640 http cache accepts@https://pkgs.dev.azure.com/krossk/_packaging/Kros.Npm/npm/registry/accepts/-/accepts-1.3.8.tgz 0ms (cache hit)
1641 http cache abbrev@https://pkgs.dev.azure.com/krossk/_packaging/Kros.Npm/npm/registry/abbrev/-/abbrev-3.0.0.tgz 0ms (cache hit)
1642 http cache @zkochan/js-yaml@https://pkgs.dev.azure.com/krossk/_packaging/Kros.Npm/npm/registry/@zkochan/js-yaml/-/js-yaml-0.0.7.tgz 0ms (cache hit)
1643 http cache @yarnpkg/parsers@https://pkgs.dev.azure.com/krossk/_packaging/Kros.Npm/npm/registry/@yarnpkg/parsers/-/parsers-3.0.2.tgz 0ms (cache hit)
1644 http cache abab@https://pkgs.dev.azure.com/krossk/_packaging/Kros.Npm/npm/registry/abab/-/abab-2.0.6.tgz 0ms (cache hit)
1645 http cache @xtuc/long@https://pkgs.dev.azure.com/krossk/_packaging/Kros.Npm/npm/registry/@xtuc/long/-/long-4.2.2.tgz 0ms (cache hit)
1646 http cache @yarnpkg/lockfile@https://pkgs.dev.azure.com/krossk/_packaging/Kros.Npm/npm/registry/@yarnpkg/lockfile/-/lockfile-1.1.0.tgz 0ms (cache hit)
1647 http cache @xtuc/ieee754@https://pkgs.dev.azure.com/krossk/_packaging/Kros.Npm/npm/registry/@xtuc/ieee754/-/ieee754-1.2.0.tgz 0ms (cache hit)
1648 http cache @xhmikosr/downloader@https://pkgs.dev.azure.com/krossk/_packaging/Kros.Npm/npm/registry/@xhmikosr/downloader/-/downloader-15.0.1.tgz 0ms (cache hit)
1649 http cache @xhmikosr/os-filter-obj@https://pkgs.dev.azure.com/krossk/_packaging/Kros.Npm/npm/registry/@xhmikosr/os-filter-obj/-/os-filter-obj-3.0.0.tgz 0ms (cache hit)
1650 http cache @xhmikosr/decompress-unzip@https://pkgs.dev.azure.com/krossk/_packaging/Kros.Npm/npm/registry/@xhmikosr/decompress-unzip/-/decompress-unzip-7.0.0.tgz 0ms (cache hit)
1651 http cache @xhmikosr/decompress-targz@https://pkgs.dev.azure.com/krossk/_packaging/Kros.Npm/npm/registry/@xhmikosr/decompress-targz/-/decompress-targz-8.0.1.tgz 0ms (cache hit)
1652 http cache @xhmikosr/decompress-tarbz2@https://pkgs.dev.azure.com/krossk/_packaging/Kros.Npm/npm/registry/@xhmikosr/decompress-tarbz2/-/decompress-tarbz2-8.0.2.tgz 0ms (cache hit)
1653 http cache @xhmikosr/decompress-tar@https://pkgs.dev.azure.com/krossk/_packaging/Kros.Npm/npm/registry/@xhmikosr/decompress-tar/-/decompress-tar-8.0.1.tgz 0ms (cache hit)
1654 http cache @xhmikosr/bin-wrapper@https://pkgs.dev.azure.com/krossk/_packaging/Kros.Npm/npm/registry/@xhmikosr/bin-wrapper/-/bin-wrapper-13.0.5.tgz 0ms (cache hit)
1655 http cache @xhmikosr/bin-check@https://pkgs.dev.azure.com/krossk/_packaging/Kros.Npm/npm/registry/@xhmikosr/bin-check/-/bin-check-7.0.3.tgz 0ms (cache hit)
1656 http cache @xhmikosr/decompress@https://pkgs.dev.azure.com/krossk/_packaging/Kros.Npm/npm/registry/@xhmikosr/decompress/-/decompress-10.0.1.tgz 0ms (cache hit)
1657 http cache @wendellhu/redi@https://pkgs.dev.azure.com/krossk/_packaging/Kros.Npm/npm/registry/@wendellhu/redi/-/redi-0.18.0.tgz 0ms (cache hit)
1658 http cache @xhmikosr/archive-type@https://pkgs.dev.azure.com/krossk/_packaging/Kros.Npm/npm/registry/@xhmikosr/archive-type/-/archive-type-7.0.0.tgz 0ms (cache hit)
1659 http cache @webassemblyjs/wast-printer@https://pkgs.dev.azure.com/krossk/_packaging/Kros.Npm/npm/registry/@webassemblyjs/wast-printer/-/wast-printer-1.14.1.tgz 0ms (cache hit)
1660 http cache @webassemblyjs/wasm-parser@https://pkgs.dev.azure.com/krossk/_packaging/Kros.Npm/npm/registry/@webassemblyjs/wasm-parser/-/wasm-parser-1.14.1.tgz 0ms (cache hit)
1661 http cache @webassemblyjs/wasm-opt@https://pkgs.dev.azure.com/krossk/_packaging/Kros.Npm/npm/registry/@webassemblyjs/wasm-opt/-/wasm-opt-1.14.1.tgz 0ms (cache hit)
1662 http cache @webassemblyjs/wasm-edit@https://pkgs.dev.azure.com/krossk/_packaging/Kros.Npm/npm/registry/@webassemblyjs/wasm-edit/-/wasm-edit-1.14.1.tgz 0ms (cache hit)
1663 http cache @webassemblyjs/wasm-gen@https://pkgs.dev.azure.com/krossk/_packaging/Kros.Npm/npm/registry/@webassemblyjs/wasm-gen/-/wasm-gen-1.14.1.tgz 0ms (cache hit)
1664 http cache @webassemblyjs/ieee754@https://pkgs.dev.azure.com/krossk/_packaging/Kros.Npm/npm/registry/@webassemblyjs/ieee754/-/ieee754-1.13.2.tgz 0ms (cache hit)
1665 http cache @webassemblyjs/leb128@https://pkgs.dev.azure.com/krossk/_packaging/Kros.Npm/npm/registry/@webassemblyjs/leb128/-/leb128-1.13.2.tgz 0ms (cache hit)
1666 http cache @webassemblyjs/utf8@https://pkgs.dev.azure.com/krossk/_packaging/Kros.Npm/npm/registry/@webassemblyjs/utf8/-/utf8-1.13.2.tgz 0ms (cache hit)
1667 http cache @webassemblyjs/helper-wasm-section@https://pkgs.dev.azure.com/krossk/_packaging/Kros.Npm/npm/registry/@webassemblyjs/helper-wasm-section/-/helper-wasm-section-1.14.1.tgz 0ms (cache hit)
1668 http cache @webassemblyjs/helper-wasm-bytecode@https://pkgs.dev.azure.com/krossk/_packaging/Kros.Npm/npm/registry/@webassemblyjs/helper-wasm-bytecode/-/helper-wasm-bytecode-1.13.2.tgz 0ms (cache hit)
1669 http cache @webassemblyjs/helper-numbers@https://pkgs.dev.azure.com/krossk/_packaging/Kros.Npm/npm/registry/@webassemblyjs/helper-numbers/-/helper-numbers-1.13.2.tgz 0ms (cache hit)
1670 http cache @webassemblyjs/helper-api-error@https://pkgs.dev.azure.com/krossk/_packaging/Kros.Npm/npm/registry/@webassemblyjs/helper-api-error/-/helper-api-error-1.13.2.tgz 0ms (cache hit)
1671 http cache @webassemblyjs/floating-point-hex-parser@https://pkgs.dev.azure.com/krossk/_packaging/Kros.Npm/npm/registry/@webassemblyjs/floating-point-hex-parser/-/floating-point-hex-parser-1.13.2.tgz 0ms (cache hit)
1672 http cache @webassemblyjs/helper-buffer@https://pkgs.dev.azure.com/krossk/_packaging/Kros.Npm/npm/registry/@webassemblyjs/helper-buffer/-/helper-buffer-1.14.1.tgz 0ms (cache hit)
1673 http cache @webassemblyjs/ast@https://pkgs.dev.azure.com/krossk/_packaging/Kros.Npm/npm/registry/@webassemblyjs/ast/-/ast-1.14.1.tgz 0ms (cache hit)
1674 http cache @vue/shared@https://pkgs.dev.azure.com/krossk/_packaging/Kros.Npm/npm/registry/@vue/shared/-/shared-3.5.14.tgz 0ms (cache hit)
1675 http cache @vue/server-renderer@https://pkgs.dev.azure.com/krossk/_packaging/Kros.Npm/npm/registry/@vue/server-renderer/-/server-renderer-3.5.14.tgz 0ms (cache hit)
1676 http cache @vue/runtime-dom@https://pkgs.dev.azure.com/krossk/_packaging/Kros.Npm/npm/registry/@vue/runtime-dom/-/runtime-dom-3.5.14.tgz 0ms (cache hit)
1677 http cache @vue/compiler-ssr@https://pkgs.dev.azure.com/krossk/_packaging/Kros.Npm/npm/registry/@vue/compiler-ssr/-/compiler-ssr-3.5.14.tgz 0ms (cache hit)
1678 http cache @vue/runtime-core@https://pkgs.dev.azure.com/krossk/_packaging/Kros.Npm/npm/registry/@vue/runtime-core/-/runtime-core-3.5.14.tgz 0ms (cache hit)
1679 http cache @vue/reactivity@https://pkgs.dev.azure.com/krossk/_packaging/Kros.Npm/npm/registry/@vue/reactivity/-/reactivity-3.5.14.tgz 0ms (cache hit)
1680 http cache @vue/compiler-dom@https://pkgs.dev.azure.com/krossk/_packaging/Kros.Npm/npm/registry/@vue/compiler-dom/-/compiler-dom-3.5.14.tgz 0ms (cache hit)
1681 http cache @vue/compiler-sfc@https://pkgs.dev.azure.com/krossk/_packaging/Kros.Npm/npm/registry/@vue/compiler-sfc/-/compiler-sfc-3.5.14.tgz 0ms (cache hit)
1682 http cache @vitejs/plugin-basic-ssl@https://pkgs.dev.azure.com/krossk/_packaging/Kros.Npm/npm/registry/@vitejs/plugin-basic-ssl/-/plugin-basic-ssl-1.2.0.tgz 0ms (cache hit)
1683 http cache @vendure/ngx-translate-extract@https://pkgs.dev.azure.com/krossk/_packaging/Kros.Npm/npm/registry/@vendure/ngx-translate-extract/-/ngx-translate-extract-9.4.0.tgz 0ms (cache hit)
1684 http cache @vue/compiler-core@https://pkgs.dev.azure.com/krossk/_packaging/Kros.Npm/npm/registry/@vue/compiler-core/-/compiler-core-3.5.14.tgz 0ms (cache hit)
1685 http cache @univerjs/themes@https://pkgs.dev.azure.com/krossk/_packaging/Kros.Npm/npm/registry/@univerjs/themes/-/themes-0.7.0.tgz 0ms (cache hit)
1686 http cache @univerjs/thread-comment@https://pkgs.dev.azure.com/krossk/_packaging/Kros.Npm/npm/registry/@univerjs/thread-comment/-/thread-comment-0.7.0.tgz 0ms (cache hit)
1687 http cache @univerjs/ui@https://pkgs.dev.azure.com/krossk/_packaging/Kros.Npm/npm/registry/@univerjs/ui/-/ui-0.7.0.tgz 0ms (cache hit)
1688 http cache @univerjs/telemetry@https://pkgs.dev.azure.com/krossk/_packaging/Kros.Npm/npm/registry/@univerjs/telemetry/-/telemetry-0.7.0.tgz 0ms (cache hit)
1689 http cache @univerjs/sheets-ui@https://pkgs.dev.azure.com/krossk/_packaging/Kros.Npm/npm/registry/@univerjs/sheets-ui/-/sheets-ui-0.7.0.tgz 0ms (cache hit)
1690 http cache @univerjs/sheets-numfmt-ui@https://pkgs.dev.azure.com/krossk/_packaging/Kros.Npm/npm/registry/@univerjs/sheets-numfmt-ui/-/sheets-numfmt-ui-0.7.0.tgz 0ms (cache hit)
1691 http cache @univerjs/sheets-hyper-link@https://pkgs.dev.azure.com/krossk/_packaging/Kros.Npm/npm/registry/@univerjs/sheets-hyper-link/-/sheets-hyper-link-0.7.0.tgz 0ms (cache hit)
1692 http cache @univerjs/sheets-formula-ui@https://pkgs.dev.azure.com/krossk/_packaging/Kros.Npm/npm/registry/@univerjs/sheets-formula-ui/-/sheets-formula-ui-0.7.0.tgz 0ms (cache hit)
1693 http cache @univerjs/sheets-numfmt@https://pkgs.dev.azure.com/krossk/_packaging/Kros.Npm/npm/registry/@univerjs/sheets-numfmt/-/sheets-numfmt-0.7.0.tgz 0ms (cache hit)
1694 http cache @univerjs/sheets-formula@https://pkgs.dev.azure.com/krossk/_packaging/Kros.Npm/npm/registry/@univerjs/sheets-formula/-/sheets-formula-0.7.0.tgz 0ms (cache hit)
1695 http cache @univerjs/sheets-filter@https://pkgs.dev.azure.com/krossk/_packaging/Kros.Npm/npm/registry/@univerjs/sheets-filter/-/sheets-filter-0.7.0.tgz 0ms (cache hit)
1696 http cache @univerjs/sheets-drawing@https://pkgs.dev.azure.com/krossk/_packaging/Kros.Npm/npm/registry/@univerjs/sheets-drawing/-/sheets-drawing-0.7.0.tgz 0ms (cache hit)
1697 http cache @univerjs/sheets@https://pkgs.dev.azure.com/krossk/_packaging/Kros.Npm/npm/registry/@univerjs/sheets/-/sheets-0.7.0.tgz 0ms (cache hit)
1698 http cache @univerjs/sheets-conditional-formatting@https://pkgs.dev.azure.com/krossk/_packaging/Kros.Npm/npm/registry/@univerjs/sheets-conditional-formatting/-/sheets-conditional-formatting-0.7.0.tgz 0ms (cache hit)
1699 http cache @univerjs/protocol@https://pkgs.dev.azure.com/krossk/_packaging/Kros.Npm/npm/registry/@univerjs/protocol/-/protocol-0.1.46-alpha.3.tgz 0ms (cache hit)
1700 http cache @univerjs/rpc@https://pkgs.dev.azure.com/krossk/_packaging/Kros.Npm/npm/registry/@univerjs/rpc/-/rpc-0.7.0.tgz 0ms (cache hit)
1701 http cache @univerjs/engine-render@https://pkgs.dev.azure.com/krossk/_packaging/Kros.Npm/npm/registry/@univerjs/engine-render/-/engine-render-0.7.0.tgz 0ms (cache hit)
1702 http cache @univerjs/network@https://pkgs.dev.azure.com/krossk/_packaging/Kros.Npm/npm/registry/@univerjs/network/-/network-0.7.0.tgz 0ms (cache hit)
1703 http cache @univerjs/engine-numfmt@https://pkgs.dev.azure.com/krossk/_packaging/Kros.Npm/npm/registry/@univerjs/engine-numfmt/-/engine-numfmt-0.7.0.tgz 0ms (cache hit)
1704 http cache @univerjs/icons@https://pkgs.dev.azure.com/krossk/_packaging/Kros.Npm/npm/registry/@univerjs/icons/-/icons-0.3.24.tgz 0ms (cache hit)
1705 http cache @univerjs/engine-formula@https://pkgs.dev.azure.com/krossk/_packaging/Kros.Npm/npm/registry/@univerjs/engine-formula/-/engine-formula-0.7.0.tgz 0ms (cache hit)
1706 http cache @univerjs/drawing@https://pkgs.dev.azure.com/krossk/_packaging/Kros.Npm/npm/registry/@univerjs/drawing/-/drawing-0.7.0.tgz 0ms (cache hit)
1707 http cache @univerjs/docs-ui@https://pkgs.dev.azure.com/krossk/_packaging/Kros.Npm/npm/registry/@univerjs/docs-ui/-/docs-ui-0.7.0.tgz 0ms (cache hit)
1708 http cache @univerjs/design@https://pkgs.dev.azure.com/krossk/_packaging/Kros.Npm/npm/registry/@univerjs/design/-/design-0.7.0.tgz 0ms (cache hit)
1709 http cache @univerjs/data-validation@https://pkgs.dev.azure.com/krossk/_packaging/Kros.Npm/npm/registry/@univerjs/data-validation/-/data-validation-0.7.0.tgz 0ms (cache hit)
1710 http cache @univerjs/docs@https://pkgs.dev.azure.com/krossk/_packaging/Kros.Npm/npm/registry/@univerjs/docs/-/docs-0.7.0.tgz 0ms (cache hit)
1711 http cache @univerjs/core@https://pkgs.dev.azure.com/krossk/_packaging/Kros.Npm/npm/registry/@univerjs/core/-/core-0.7.0.tgz 0ms (cache hit)
1712 http cache @univerjs-pro/sheets-exchange-client@https://pkgs.dev.azure.com/krossk/_packaging/Kros.Npm/npm/registry/@univerjs-pro/sheets-exchange-client/-/sheets-exchange-client-0.7.0.tgz 0ms (cache hit)
1713 http cache @univerjs-pro/license@https://pkgs.dev.azure.com/krossk/_packaging/Kros.Npm/npm/registry/@univerjs-pro/license/-/license-0.7.0.tgz 0ms (cache hit)
1714 http cache @univerjs-pro/exchange-client@https://pkgs.dev.azure.com/krossk/_packaging/Kros.Npm/npm/registry/@univerjs-pro/exchange-client/-/exchange-client-0.7.0.tgz 0ms (cache hit)
1715 http cache @typescript-eslint/visitor-keys@https://pkgs.dev.azure.com/krossk/_packaging/Kros.Npm/npm/registry/@typescript-eslint/visitor-keys/-/visitor-keys-8.23.0.tgz 0ms (cache hit)
1716 http cache @univerjs-pro/collaboration@https://pkgs.dev.azure.com/krossk/_packaging/Kros.Npm/npm/registry/@univerjs-pro/collaboration/-/collaboration-0.7.0.tgz 0ms (cache hit)
1717 http cache @typescript-eslint/types@https://pkgs.dev.azure.com/krossk/_packaging/Kros.Npm/npm/registry/@typescript-eslint/types/-/types-8.23.0.tgz 0ms (cache hit)
1718 http cache @typescript-eslint/typescript-estree@https://pkgs.dev.azure.com/krossk/_packaging/Kros.Npm/npm/registry/@typescript-eslint/typescript-estree/-/typescript-estree-8.23.0.tgz 0ms (cache hit)
1719 http cache @typescript-eslint/utils@https://pkgs.dev.azure.com/krossk/_packaging/Kros.Npm/npm/registry/@typescript-eslint/utils/-/utils-8.23.0.tgz 0ms (cache hit)
1720 http cache @typescript-eslint/scope-manager@https://pkgs.dev.azure.com/krossk/_packaging/Kros.Npm/npm/registry/@typescript-eslint/scope-manager/-/scope-manager-8.23.0.tgz 0ms (cache hit)
1721 http cache @typescript-eslint/type-utils@https://pkgs.dev.azure.com/krossk/_packaging/Kros.Npm/npm/registry/@typescript-eslint/type-utils/-/type-utils-8.23.0.tgz 0ms (cache hit)
1722 http cache @typescript-eslint/parser@https://pkgs.dev.azure.com/krossk/_packaging/Kros.Npm/npm/registry/@typescript-eslint/parser/-/parser-8.23.0.tgz 0ms (cache hit)
1723 http cache @typescript-eslint/eslint-plugin@https://pkgs.dev.azure.com/krossk/_packaging/Kros.Npm/npm/registry/@typescript-eslint/eslint-plugin/-/eslint-plugin-8.23.0.tgz 0ms (cache hit)
1724 http cache @types/yauzl@https://pkgs.dev.azure.com/krossk/_packaging/Kros.Npm/npm/registry/@types/yauzl/-/yauzl-2.10.3.tgz 0ms (cache hit)
1725 http cache @types/yargs@https://pkgs.dev.azure.com/krossk/_packaging/Kros.Npm/npm/registry/@types/yargs/-/yargs-17.0.33.tgz 0ms (cache hit)
1726 http cache @types/ws@https://pkgs.dev.azure.com/krossk/_packaging/Kros.Npm/npm/registry/@types/ws/-/ws-8.5.14.tgz 0ms (cache hit)
1727 http cache @types/uuid@https://pkgs.dev.azure.com/krossk/_packaging/Kros.Npm/npm/registry/@types/uuid/-/uuid-8.3.4.tgz 0ms (cache hit)
1728 http cache @types/yargs-parser@https://pkgs.dev.azure.com/krossk/_packaging/Kros.Npm/npm/registry/@types/yargs-parser/-/yargs-parser-21.0.3.tgz 0ms (cache hit)
1729 http cache @types/strip-json-comments@https://pkgs.dev.azure.com/krossk/_packaging/Kros.Npm/npm/registry/@types/strip-json-comments/-/strip-json-comments-0.0.30.tgz 0ms (cache hit)
1730 http cache @types/tough-cookie@https://pkgs.dev.azure.com/krossk/_packaging/Kros.Npm/npm/registry/@types/tough-cookie/-/tough-cookie-4.0.5.tgz 0ms (cache hit)
1731 http cache @types/tinycolor2@https://pkgs.dev.azure.com/krossk/_packaging/Kros.Npm/npm/registry/@types/tinycolor2/-/tinycolor2-1.4.6.tgz 0ms (cache hit)
1732 http cache @types/stack-utils@https://pkgs.dev.azure.com/krossk/_packaging/Kros.Npm/npm/registry/@types/stack-utils/-/stack-utils-2.0.3.tgz 0ms (cache hit)
1733 http cache @types/strip-bom@https://pkgs.dev.azure.com/krossk/_packaging/Kros.Npm/npm/registry/@types/strip-bom/-/strip-bom-3.0.0.tgz 0ms (cache hit)
1734 http cache @types/sockjs@https://pkgs.dev.azure.com/krossk/_packaging/Kros.Npm/npm/registry/@types/sockjs/-/sockjs-0.3.36.tgz 0ms (cache hit)
1735 http cache @types/sizzle@https://pkgs.dev.azure.com/krossk/_packaging/Kros.Npm/npm/registry/@types/sizzle/-/sizzle-2.3.9.tgz 0ms (cache hit)
1736 http cache @types/sinonjs__fake-timers@https://pkgs.dev.azure.com/krossk/_packaging/Kros.Npm/npm/registry/@types/sinonjs__fake-timers/-/sinonjs__fake-timers-8.1.1.tgz 0ms (cache hit)
1737 http cache @types/serve-index@https://pkgs.dev.azure.com/krossk/_packaging/Kros.Npm/npm/registry/@types/serve-index/-/serve-index-1.9.4.tgz 0ms (cache hit)
1738 http cache @types/send@https://pkgs.dev.azure.com/krossk/_packaging/Kros.Npm/npm/registry/@types/send/-/send-0.17.4.tgz 0ms (cache hit)
1739 http cache @types/semver@https://pkgs.dev.azure.com/krossk/_packaging/Kros.Npm/npm/registry/@types/semver/-/semver-7.5.8.tgz 0ms (cache hit)
1740 http cache @types/serve-static@https://pkgs.dev.azure.com/krossk/_packaging/Kros.Npm/npm/registry/@types/serve-static/-/serve-static-1.15.7.tgz 0ms (cache hit)
1741 http cache @types/retry@https://pkgs.dev.azure.com/krossk/_packaging/Kros.Npm/npm/registry/@types/retry/-/retry-0.12.2.tgz 0ms (cache hit)
1742 http cache @types/selenium-webdriver@https://pkgs.dev.azure.com/krossk/_packaging/Kros.Npm/npm/registry/@types/selenium-webdriver/-/selenium-webdriver-3.0.26.tgz 0ms (cache hit)
1743 http cache @types/sass@https://pkgs.dev.azure.com/krossk/_packaging/Kros.Npm/npm/registry/@types/sass/-/sass-1.45.0.tgz 0ms (cache hit)
1744 http cache @types/resize-observer-browser@https://pkgs.dev.azure.com/krossk/_packaging/Kros.Npm/npm/registry/@types/resize-observer-browser/-/resize-observer-browser-0.1.11.tgz 0ms (cache hit)
1745 http cache @types/qs@https://pkgs.dev.azure.com/krossk/_packaging/Kros.Npm/npm/registry/@types/qs/-/qs-6.9.18.tgz 0ms (cache hit)
1746 http cache @types/range-parser@https://pkgs.dev.azure.com/krossk/_packaging/Kros.Npm/npm/registry/@types/range-parser/-/range-parser-1.2.7.tgz 0ms (cache hit)
1747 http cache @types/q@https://pkgs.dev.azure.com/krossk/_packaging/Kros.Npm/npm/registry/@types/q/-/q-0.0.32.tgz 0ms (cache hit)
1748 http cache @types/offscreencanvas@https://pkgs.dev.azure.com/krossk/_packaging/Kros.Npm/npm/registry/@types/offscreencanvas/-/offscreencanvas-2019.7.3.tgz 0ms (cache hit)
1749 http cache @types/parse-json@https://pkgs.dev.azure.com/krossk/_packaging/Kros.Npm/npm/registry/@types/parse-json/-/parse-json-4.0.2.tgz 0ms (cache hit)
1750 http cache @types/node-forge@https://pkgs.dev.azure.com/krossk/_packaging/Kros.Npm/npm/registry/@types/node-forge/-/node-forge-1.3.11.tgz 1ms (cache hit)
1751 http cache @types/node@https://pkgs.dev.azure.com/krossk/_packaging/Kros.Npm/npm/registry/@types/node/-/node-22.13.1.tgz 0ms (cache hit)
1752 http cache @types/ms@https://pkgs.dev.azure.com/krossk/_packaging/Kros.Npm/npm/registry/@types/ms/-/ms-2.1.0.tgz 0ms (cache hit)
1753 http cache @types/lodash@https://pkgs.dev.azure.com/krossk/_packaging/Kros.Npm/npm/registry/@types/lodash/-/lodash-4.17.15.tgz 0ms (cache hit)
1754 http cache @types/lodash.debounce@https://pkgs.dev.azure.com/krossk/_packaging/Kros.Npm/npm/registry/@types/lodash.debounce/-/lodash.debounce-4.0.9.tgz 0ms (cache hit)
1755 http cache @types/mime@https://pkgs.dev.azure.com/krossk/_packaging/Kros.Npm/npm/registry/@types/mime/-/mime-1.3.5.tgz 0ms (cache hit)
1756 http cache @types/minimatch@https://pkgs.dev.azure.com/krossk/_packaging/Kros.Npm/npm/registry/@types/minimatch/-/minimatch-5.1.2.tgz 0ms (cache hit)
1757 http cache @types/json-schema@https://pkgs.dev.azure.com/krossk/_packaging/Kros.Npm/npm/registry/@types/json-schema/-/json-schema-7.0.15.tgz 0ms (cache hit)
1758 http cache @types/jsdom@https://pkgs.dev.azure.com/krossk/_packaging/Kros.Npm/npm/registry/@types/jsdom/-/jsdom-20.0.1.tgz 0ms (cache hit)
1759 http cache @types/jquery@https://pkgs.dev.azure.com/krossk/_packaging/Kros.Npm/npm/registry/@types/jquery/-/jquery-3.5.32.tgz 0ms (cache hit)
1760 http cache @types/jasminewd2@https://pkgs.dev.azure.com/krossk/_packaging/Kros.Npm/npm/registry/@types/jasminewd2/-/jasminewd2-2.0.13.tgz 0ms (cache hit)
1761 http cache @types/jest@https://pkgs.dev.azure.com/krossk/_packaging/Kros.Npm/npm/registry/@types/jest/-/jest-29.5.14.tgz 0ms (cache hit)
1762 http cache @types/jasmine@https://pkgs.dev.azure.com/krossk/_packaging/Kros.Npm/npm/registry/@types/jasmine/-/jasmine-3.10.18.tgz 0ms (cache hit)
1763 http cache @types/istanbul-lib-report@https://pkgs.dev.azure.com/krossk/_packaging/Kros.Npm/npm/registry/@types/istanbul-lib-report/-/istanbul-lib-report-3.0.3.tgz 0ms (cache hit)
1764 http cache @types/istanbul-reports@https://pkgs.dev.azure.com/krossk/_packaging/Kros.Npm/npm/registry/@types/istanbul-reports/-/istanbul-reports-3.0.4.tgz 0ms (cache hit)
1765 http cache @types/istanbul-lib-coverage@https://pkgs.dev.azure.com/krossk/_packaging/Kros.Npm/npm/registry/@types/istanbul-lib-coverage/-/istanbul-lib-coverage-2.0.6.tgz 0ms (cache hit)
1766 http cache @types/iban@https://pkgs.dev.azure.com/krossk/_packaging/Kros.Npm/npm/registry/@types/iban/-/iban-0.0.32.tgz 0ms (cache hit)
1767 http cache @types/http-proxy@https://pkgs.dev.azure.com/krossk/_packaging/Kros.Npm/npm/registry/@types/http-proxy/-/http-proxy-1.17.15.tgz 0ms (cache hit)
1768 http cache @types/http-errors@https://pkgs.dev.azure.com/krossk/_packaging/Kros.Npm/npm/registry/@types/http-errors/-/http-errors-2.0.4.tgz 0ms (cache hit)
1769 http cache @types/glob@https://pkgs.dev.azure.com/krossk/_packaging/Kros.Npm/npm/registry/@types/glob/-/glob-7.2.0.tgz 0ms (cache hit)
1770 http cache @types/graceful-fs@https://pkgs.dev.azure.com/krossk/_packaging/Kros.Npm/npm/registry/@types/graceful-fs/-/graceful-fs-4.1.9.tgz 0ms (cache hit)
1771 http cache @types/http-cache-semantics@https://pkgs.dev.azure.com/krossk/_packaging/Kros.Npm/npm/registry/@types/http-cache-semantics/-/http-cache-semantics-4.0.4.tgz 0ms (cache hit)
1772 http cache @types/fs-extra@https://pkgs.dev.azure.com/krossk/_packaging/Kros.Npm/npm/registry/@types/fs-extra/-/fs-extra-8.1.5.tgz 0ms (cache hit)
1773 http cache @types/file-saver@https://pkgs.dev.azure.com/krossk/_packaging/Kros.Npm/npm/registry/@types/file-saver/-/file-saver-2.0.7.tgz 0ms (cache hit)
1774 http cache @types/express-serve-static-core@https://pkgs.dev.azure.com/krossk/_packaging/Kros.Npm/npm/registry/@types/express-serve-static-core/-/express-serve-static-core-5.0.6.tgz 0ms (cache hit)
1775 http cache @types/esquery@https://pkgs.dev.azure.com/krossk/_packaging/Kros.Npm/npm/registry/@types/esquery/-/esquery-1.5.4.tgz 0ms (cache hit)
1776 http cache @types/estree@https://pkgs.dev.azure.com/krossk/_packaging/Kros.Npm/npm/registry/@types/estree/-/estree-1.0.6.tgz 1ms (cache hit)
1777 http cache @types/express@https://pkgs.dev.azure.com/krossk/_packaging/Kros.Npm/npm/registry/@types/express/-/express-4.17.21.tgz 0ms (cache hit)
1778 http cache @types/eslint-scope@https://pkgs.dev.azure.com/krossk/_packaging/Kros.Npm/npm/registry/@types/eslint-scope/-/eslint-scope-3.7.7.tgz 0ms (cache hit)
1779 http cache @types/eslint@https://pkgs.dev.azure.com/krossk/_packaging/Kros.Npm/npm/registry/@types/eslint/-/eslint-9.6.1.tgz 0ms (cache hit)
1780 http cache @types/debug@https://pkgs.dev.azure.com/krossk/_packaging/Kros.Npm/npm/registry/@types/debug/-/debug-4.1.12.tgz 0ms (cache hit)
1781 http cache @types/connect@https://pkgs.dev.azure.com/krossk/_packaging/Kros.Npm/npm/registry/@types/connect/-/connect-3.4.38.tgz 0ms (cache hit)
1782 http cache @types/connect-history-api-fallback@https://pkgs.dev.azure.com/krossk/_packaging/Kros.Npm/npm/registry/@types/connect-history-api-fallback/-/connect-history-api-fallback-1.5.4.tgz 0ms (cache hit)
1783 http cache @types/cors@https://pkgs.dev.azure.com/krossk/_packaging/Kros.Npm/npm/registry/@types/cors/-/cors-2.8.17.tgz 0ms (cache hit)
1784 http cache @types/bonjour@https://pkgs.dev.azure.com/krossk/_packaging/Kros.Npm/npm/registry/@types/bonjour/-/bonjour-3.5.13.tgz 0ms (cache hit)
1785 http cache @types/body-parser@https://pkgs.dev.azure.com/krossk/_packaging/Kros.Npm/npm/registry/@types/body-parser/-/body-parser-1.19.5.tgz 0ms (cache hit)
1786 http cache @types/babel__traverse@https://pkgs.dev.azure.com/krossk/_packaging/Kros.Npm/npm/registry/@types/babel__traverse/-/babel__traverse-7.20.6.tgz 0ms (cache hit)
1787 http cache @types/babel__core@https://pkgs.dev.azure.com/krossk/_packaging/Kros.Npm/npm/registry/@types/babel__core/-/babel__core-7.20.5.tgz 0ms (cache hit)
1788 http cache @types/babel__generator@https://pkgs.dev.azure.com/krossk/_packaging/Kros.Npm/npm/registry/@types/babel__generator/-/babel__generator-7.6.8.tgz 0ms (cache hit)
1789 http cache @types/babel__template@https://pkgs.dev.azure.com/krossk/_packaging/Kros.Npm/npm/registry/@types/babel__template/-/babel__template-7.4.4.tgz 0ms (cache hit)
1790 http cache @types/archy@https://pkgs.dev.azure.com/krossk/_packaging/Kros.Npm/npm/registry/@types/archy/-/archy-0.0.31.tgz 0ms (cache hit)
1791 http cache @types/annyang@https://pkgs.dev.azure.com/krossk/_packaging/Kros.Npm/npm/registry/@types/annyang/-/annyang-2.6.5.tgz 0ms (cache hit)
1792 http cache @tufjs/models@https://pkgs.dev.azure.com/krossk/_packaging/Kros.Npm/npm/registry/@tufjs/models/-/models-3.0.1.tgz 0ms (cache hit)
1793 http cache @tufjs/canonical-json@https://pkgs.dev.azure.com/krossk/_packaging/Kros.Npm/npm/registry/@tufjs/canonical-json/-/canonical-json-2.0.0.tgz 0ms (cache hit)
1794 http cache @tsconfig/node14@https://pkgs.dev.azure.com/krossk/_packaging/Kros.Npm/npm/registry/@tsconfig/node14/-/node14-1.0.3.tgz 0ms (cache hit)
1795 http cache @tsconfig/node16@https://pkgs.dev.azure.com/krossk/_packaging/Kros.Npm/npm/registry/@tsconfig/node16/-/node16-1.0.4.tgz 0ms (cache hit)
1796 http cache @tybys/wasm-util@https://pkgs.dev.azure.com/krossk/_packaging/Kros.Npm/npm/registry/@tybys/wasm-util/-/wasm-util-0.9.0.tgz 0ms (cache hit)
1797 http cache @tsconfig/node12@https://pkgs.dev.azure.com/krossk/_packaging/Kros.Npm/npm/registry/@tsconfig/node12/-/node12-1.0.11.tgz 0ms (cache hit)
1798 http cache @tsconfig/node10@https://pkgs.dev.azure.com/krossk/_packaging/Kros.Npm/npm/registry/@tsconfig/node10/-/node10-1.0.11.tgz 0ms (cache hit)
1799 http cache @trysound/sax@https://pkgs.dev.azure.com/krossk/_packaging/Kros.Npm/npm/registry/@trysound/sax/-/sax-0.2.0.tgz 0ms (cache hit)
1800 http cache @tootallnate/once@https://pkgs.dev.azure.com/krossk/_packaging/Kros.Npm/npm/registry/@tootallnate/once/-/once-2.0.0.tgz 0ms (cache hit)
1801 http cache @teppeis/multimaps@https://pkgs.dev.azure.com/krossk/_packaging/Kros.Npm/npm/registry/@teppeis/multimaps/-/multimaps-3.0.0.tgz 0ms (cache hit)
1802 http cache @swimlane/ngx-charts@https://pkgs.dev.azure.com/krossk/_packaging/Kros.Npm/npm/registry/@swimlane/ngx-charts/-/ngx-charts-22.0.0-alpha.0.tgz 1ms (cache hit)
1803 http cache @szmarczak/http-timer@https://pkgs.dev.azure.com/krossk/_packaging/Kros.Npm/npm/registry/@szmarczak/http-timer/-/http-timer-5.0.1.tgz 0ms (cache hit)
1804 http cache @tokenizer/token@https://pkgs.dev.azure.com/krossk/_packaging/Kros.Npm/npm/registry/@tokenizer/token/-/token-0.3.0.tgz 0ms (cache hit)
1805 http cache @swc/helpers@https://pkgs.dev.azure.com/krossk/_packaging/Kros.Npm/npm/registry/@swc/helpers/-/helpers-0.5.13.tgz 0ms (cache hit)
1806 http cache @swc/types@https://pkgs.dev.azure.com/krossk/_packaging/Kros.Npm/npm/registry/@swc/types/-/types-0.1.17.tgz 0ms (cache hit)
1807 http cache @swc/counter@https://pkgs.dev.azure.com/krossk/_packaging/Kros.Npm/npm/registry/@swc/counter/-/counter-0.1.3.tgz 0ms (cache hit)
1808 http cache @swc/core-linux-x64-gnu@https://pkgs.dev.azure.com/krossk/_packaging/Kros.Npm/npm/registry/@swc/core-linux-x64-gnu/-/core-linux-x64-gnu-1.10.14.tgz 0ms (cache hit)
1809 http cache @swc/core-linux-x64-musl@https://pkgs.dev.azure.com/krossk/_packaging/Kros.Npm/npm/registry/@swc/core-linux-x64-musl/-/core-linux-x64-musl-1.10.14.tgz 0ms (cache hit)
1810 http cache @swc/core@https://pkgs.dev.azure.com/krossk/_packaging/Kros.Npm/npm/registry/@swc/core/-/core-1.10.14.tgz 0ms (cache hit)
1811 http cache @swc/cli@https://pkgs.dev.azure.com/krossk/_packaging/Kros.Npm/npm/registry/@swc/cli/-/cli-0.6.0.tgz 0ms (cache hit)
1812 http cache @swc-node/sourcemap-support@https://pkgs.dev.azure.com/krossk/_packaging/Kros.Npm/npm/registry/@swc-node/sourcemap-support/-/sourcemap-support-0.5.1.tgz 0ms (cache hit)
1813 http cache @swc-node/core@https://pkgs.dev.azure.com/krossk/_packaging/Kros.Npm/npm/registry/@swc-node/core/-/core-1.13.3.tgz 0ms (cache hit)
1814 http cache @socket.io/component-emitter@https://pkgs.dev.azure.com/krossk/_packaging/Kros.Npm/npm/registry/@socket.io/component-emitter/-/component-emitter-3.1.2.tgz 0ms (cache hit)
1815 http cache @sinonjs/fake-timers@https://pkgs.dev.azure.com/krossk/_packaging/Kros.Npm/npm/registry/@sinonjs/fake-timers/-/fake-timers-10.3.0.tgz 0ms (cache hit)
1816 http cache @swc-node/register@https://pkgs.dev.azure.com/krossk/_packaging/Kros.Npm/npm/registry/@swc-node/register/-/register-1.9.2.tgz 0ms (cache hit)
1817 http cache @sinonjs/commons@https://pkgs.dev.azure.com/krossk/_packaging/Kros.Npm/npm/registry/@sinonjs/commons/-/commons-3.0.1.tgz 0ms (cache hit)
1818 http cache @sindresorhus/is@https://pkgs.dev.azure.com/krossk/_packaging/Kros.Npm/npm/registry/@sindresorhus/is/-/is-5.6.0.tgz 0ms (cache hit)
1819 http cache @sindresorhus/merge-streams@https://pkgs.dev.azure.com/krossk/_packaging/Kros.Npm/npm/registry/@sindresorhus/merge-streams/-/merge-streams-2.3.0.tgz 0ms (cache hit)
1820 http cache @sigstore/verify@https://pkgs.dev.azure.com/krossk/_packaging/Kros.Npm/npm/registry/@sigstore/verify/-/verify-2.1.0.tgz 0ms (cache hit)
1821 http cache @sigstore/tuf@https://pkgs.dev.azure.com/krossk/_packaging/Kros.Npm/npm/registry/@sigstore/tuf/-/tuf-3.1.0.tgz 0ms (cache hit)
1822 http cache @sinclair/typebox@https://pkgs.dev.azure.com/krossk/_packaging/Kros.Npm/npm/registry/@sinclair/typebox/-/typebox-0.27.8.tgz 0ms (cache hit)
1823 http cache @sigstore/sign@https://pkgs.dev.azure.com/krossk/_packaging/Kros.Npm/npm/registry/@sigstore/sign/-/sign-3.1.0.tgz 0ms (cache hit)
1824 http cache @sigstore/core@https://pkgs.dev.azure.com/krossk/_packaging/Kros.Npm/npm/registry/@sigstore/core/-/core-2.0.0.tgz 0ms (cache hit)
1825 http cache @sigstore/protobuf-specs@https://pkgs.dev.azure.com/krossk/_packaging/Kros.Npm/npm/registry/@sigstore/protobuf-specs/-/protobuf-specs-0.4.0.tgz 0ms (cache hit)
1826 http cache @sec-ant/readable-stream@https://pkgs.dev.azure.com/krossk/_packaging/Kros.Npm/npm/registry/@sec-ant/readable-stream/-/readable-stream-0.4.1.tgz 0ms (cache hit)
1827 http cache @schematics/angular@https://pkgs.dev.azure.com/krossk/_packaging/Kros.Npm/npm/registry/@schematics/angular/-/angular-19.2.3.tgz 0ms (cache hit)
1828 http cache @sigstore/bundle@https://pkgs.dev.azure.com/krossk/_packaging/Kros.Npm/npm/registry/@sigstore/bundle/-/bundle-3.1.0.tgz 0ms (cache hit)
1829 http cache @sascom/jsclient@https://npm.bim.works/@sascom/jsclient/-/jsclient-1.3.11-b201g.tgz 0ms (cache hit)
1830 http cache @sascom/commonjs@https://npm.bim.works/@sascom/commonjs/-/commonjs-1.3.11-b201g.tgz 0ms (cache hit)
1831 http cache @rspack/plugin-react-refresh@https://pkgs.dev.azure.com/krossk/_packaging/Kros.Npm/npm/registry/@rspack/plugin-react-refresh/-/plugin-react-refresh-1.4.3.tgz 0ms (cache hit)
1832 http cache @rspack/dev-server@https://pkgs.dev.azure.com/krossk/_packaging/Kros.Npm/npm/registry/@rspack/dev-server/-/dev-server-1.1.2.tgz 0ms (cache hit)
1833 http cache @rspack/lite-tapable@https://pkgs.dev.azure.com/krossk/_packaging/Kros.Npm/npm/registry/@rspack/lite-tapable/-/lite-tapable-1.0.1.tgz 0ms (cache hit)
1834 http cache @rspack/binding-linux-x64-musl@https://pkgs.dev.azure.com/krossk/_packaging/Kros.Npm/npm/registry/@rspack/binding-linux-x64-musl/-/binding-linux-x64-musl-1.2.8.tgz 0ms (cache hit)
1835 http cache @rspack/core@https://pkgs.dev.azure.com/krossk/_packaging/Kros.Npm/npm/registry/@rspack/core/-/core-1.2.8.tgz 0ms (cache hit)
1836 http cache @rspack/binding-linux-x64-gnu@https://pkgs.dev.azure.com/krossk/_packaging/Kros.Npm/npm/registry/@rspack/binding-linux-x64-gnu/-/binding-linux-x64-gnu-1.2.8.tgz 0ms (cache hit)
1837 http cache @rollup/wasm-node@https://pkgs.dev.azure.com/krossk/_packaging/Kros.Npm/npm/registry/@rollup/wasm-node/-/wasm-node-4.34.4.tgz 0ms (cache hit)
1838 http cache @rspack/binding@https://pkgs.dev.azure.com/krossk/_packaging/Kros.Npm/npm/registry/@rspack/binding/-/binding-1.2.8.tgz 0ms (cache hit)
1839 http cache @rollup/rollup-linux-x64-musl@https://pkgs.dev.azure.com/krossk/_packaging/Kros.Npm/npm/registry/@rollup/rollup-linux-x64-musl/-/rollup-linux-x64-musl-4.34.8.tgz 0ms (cache hit)
1840 http cache @rollup/rollup-linux-x64-gnu@https://pkgs.dev.azure.com/krossk/_packaging/Kros.Npm/npm/registry/@rollup/rollup-linux-x64-gnu/-/rollup-linux-x64-gnu-4.34.8.tgz 0ms (cache hit)
1841 http cache @rollup/pluginutils@https://pkgs.dev.azure.com/krossk/_packaging/Kros.Npm/npm/registry/@rollup/pluginutils/-/pluginutils-5.1.4.tgz 0ms (cache hit)
1842 http cache @rc-component/trigger@https://pkgs.dev.azure.com/krossk/_packaging/Kros.Npm/npm/registry/@rc-component/trigger/-/trigger-2.2.6.tgz 0ms (cache hit)
1843 http cache @rollup/plugin-json@https://pkgs.dev.azure.com/krossk/_packaging/Kros.Npm/npm/registry/@rollup/plugin-json/-/plugin-json-6.1.0.tgz 0ms (cache hit)
1844 http cache @rc-component/portal@https://pkgs.dev.azure.com/krossk/_packaging/Kros.Npm/npm/registry/@rc-component/portal/-/portal-1.1.2.tgz 0ms (cache hit)
1845 http cache @radix-ui/rect@https://pkgs.dev.azure.com/krossk/_packaging/Kros.Npm/npm/registry/@radix-ui/rect/-/rect-1.1.1.tgz 0ms (cache hit)
1846 http cache @radix-ui/react-visually-hidden@https://pkgs.dev.azure.com/krossk/_packaging/Kros.Npm/npm/registry/@radix-ui/react-visually-hidden/-/react-visually-hidden-1.2.3.tgz 0ms (cache hit)
1847 http cache @radix-ui/react-use-layout-effect@https://pkgs.dev.azure.com/krossk/_packaging/Kros.Npm/npm/registry/@radix-ui/react-use-layout-effect/-/react-use-layout-effect-1.1.1.tgz 0ms (cache hit)
1848 http cache @radix-ui/react-use-rect@https://pkgs.dev.azure.com/krossk/_packaging/Kros.Npm/npm/registry/@radix-ui/react-use-rect/-/react-use-rect-1.1.1.tgz 0ms (cache hit)
1849 http cache @radix-ui/react-use-size@https://pkgs.dev.azure.com/krossk/_packaging/Kros.Npm/npm/registry/@radix-ui/react-use-size/-/react-use-size-1.1.1.tgz 0ms (cache hit)
1850 http cache @radix-ui/react-use-effect-event@https://pkgs.dev.azure.com/krossk/_packaging/Kros.Npm/npm/registry/@radix-ui/react-use-effect-event/-/react-use-effect-event-0.0.2.tgz 0ms (cache hit)
1851 http cache @radix-ui/react-use-escape-keydown@https://pkgs.dev.azure.com/krossk/_packaging/Kros.Npm/npm/registry/@radix-ui/react-use-escape-keydown/-/react-use-escape-keydown-1.1.1.tgz 0ms (cache hit)
1852 http cache @radix-ui/react-use-controllable-state@https://pkgs.dev.azure.com/krossk/_packaging/Kros.Npm/npm/registry/@radix-ui/react-use-controllable-state/-/react-use-controllable-state-1.2.2.tgz 0ms (cache hit)
1853 http cache @radix-ui/react-tooltip@https://pkgs.dev.azure.com/krossk/_packaging/Kros.Npm/npm/registry/@radix-ui/react-tooltip/-/react-tooltip-1.2.7.tgz 0ms (cache hit)
1854 http cache @radix-ui/react-use-callback-ref@https://pkgs.dev.azure.com/krossk/_packaging/Kros.Npm/npm/registry/@radix-ui/react-use-callback-ref/-/react-use-callback-ref-1.1.1.tgz 0ms (cache hit)
1855 http cache @radix-ui/react-slot@https://pkgs.dev.azure.com/krossk/_packaging/Kros.Npm/npm/registry/@radix-ui/react-slot/-/react-slot-1.2.3.tgz 0ms (cache hit)
1856 http cache @radix-ui/react-separator@https://pkgs.dev.azure.com/krossk/_packaging/Kros.Npm/npm/registry/@radix-ui/react-separator/-/react-separator-1.1.7.tgz 0ms (cache hit)
1857 http cache @radix-ui/react-roving-focus@https://pkgs.dev.azure.com/krossk/_packaging/Kros.Npm/npm/registry/@radix-ui/react-roving-focus/-/react-roving-focus-1.1.10.tgz 0ms (cache hit)
1858 http cache @radix-ui/react-presence@https://pkgs.dev.azure.com/krossk/_packaging/Kros.Npm/npm/registry/@radix-ui/react-presence/-/react-presence-1.1.4.tgz 0ms (cache hit)
1859 http cache @radix-ui/react-primitive@https://pkgs.dev.azure.com/krossk/_packaging/Kros.Npm/npm/registry/@radix-ui/react-primitive/-/react-primitive-2.1.3.tgz 0ms (cache hit)
1860 http cache @radix-ui/react-portal@https://pkgs.dev.azure.com/krossk/_packaging/Kros.Npm/npm/registry/@radix-ui/react-portal/-/react-portal-1.1.9.tgz 0ms (cache hit)
1861 http cache @radix-ui/react-popper@https://pkgs.dev.azure.com/krossk/_packaging/Kros.Npm/npm/registry/@radix-ui/react-popper/-/react-popper-1.2.7.tgz 0ms (cache hit)
1862 http cache @radix-ui/react-popover@https://pkgs.dev.azure.com/krossk/_packaging/Kros.Npm/npm/registry/@radix-ui/react-popover/-/react-popover-1.1.14.tgz 0ms (cache hit)
1863 http cache @radix-ui/react-focus-scope@https://pkgs.dev.azure.com/krossk/_packaging/Kros.Npm/npm/registry/@radix-ui/react-focus-scope/-/react-focus-scope-1.1.7.tgz 0ms (cache hit)
1864 http cache @radix-ui/react-id@https://pkgs.dev.azure.com/krossk/_packaging/Kros.Npm/npm/registry/@radix-ui/react-id/-/react-id-1.1.1.tgz 0ms (cache hit)
1865 http cache @radix-ui/react-menu@https://pkgs.dev.azure.com/krossk/_packaging/Kros.Npm/npm/registry/@radix-ui/react-menu/-/react-menu-2.1.15.tgz 0ms (cache hit)
1866 http cache @radix-ui/react-focus-guards@https://pkgs.dev.azure.com/krossk/_packaging/Kros.Npm/npm/registry/@radix-ui/react-focus-guards/-/react-focus-guards-1.1.2.tgz 0ms (cache hit)
1867 http cache @radix-ui/react-dropdown-menu@https://pkgs.dev.azure.com/krossk/_packaging/Kros.Npm/npm/registry/@radix-ui/react-dropdown-menu/-/react-dropdown-menu-2.1.15.tgz 0ms (cache hit)
1868 http cache @radix-ui/react-dismissable-layer@https://pkgs.dev.azure.com/krossk/_packaging/Kros.Npm/npm/registry/@radix-ui/react-dismissable-layer/-/react-dismissable-layer-1.1.10.tgz 0ms (cache hit)
1869 http cache @radix-ui/react-context@https://pkgs.dev.azure.com/krossk/_packaging/Kros.Npm/npm/registry/@radix-ui/react-context/-/react-context-1.1.2.tgz 0ms (cache hit)
1870 http cache @radix-ui/react-dialog@https://pkgs.dev.azure.com/krossk/_packaging/Kros.Npm/npm/registry/@radix-ui/react-dialog/-/react-dialog-1.1.14.tgz 0ms (cache hit)
1871 http cache @radix-ui/react-direction@https://pkgs.dev.azure.com/krossk/_packaging/Kros.Npm/npm/registry/@radix-ui/react-direction/-/react-direction-1.1.1.tgz 0ms (cache hit)
1872 http cache @radix-ui/react-compose-refs@https://pkgs.dev.azure.com/krossk/_packaging/Kros.Npm/npm/registry/@radix-ui/react-compose-refs/-/react-compose-refs-1.1.2.tgz 0ms (cache hit)
1873 http cache @radix-ui/react-collection@https://pkgs.dev.azure.com/krossk/_packaging/Kros.Npm/npm/registry/@radix-ui/react-collection/-/react-collection-1.1.7.tgz 0ms (cache hit)
1874 http cache @protobufjs/pool@https://pkgs.dev.azure.com/krossk/_packaging/Kros.Npm/npm/registry/@protobufjs/pool/-/pool-1.1.0.tgz 0ms (cache hit)
1875 http cache @protobufjs/path@https://pkgs.dev.azure.com/krossk/_packaging/Kros.Npm/npm/registry/@protobufjs/path/-/path-1.1.2.tgz 0ms (cache hit)
1876 http cache @protobufjs/utf8@https://pkgs.dev.azure.com/krossk/_packaging/Kros.Npm/npm/registry/@protobufjs/utf8/-/utf8-1.1.0.tgz 0ms (cache hit)
1877 http cache @radix-ui/react-arrow@https://pkgs.dev.azure.com/krossk/_packaging/Kros.Npm/npm/registry/@radix-ui/react-arrow/-/react-arrow-1.1.7.tgz 0ms (cache hit)
1878 http cache @protobufjs/inquire@https://pkgs.dev.azure.com/krossk/_packaging/Kros.Npm/npm/registry/@protobufjs/inquire/-/inquire-1.1.0.tgz 0ms (cache hit)
1879 http cache @radix-ui/primitive@https://pkgs.dev.azure.com/krossk/_packaging/Kros.Npm/npm/registry/@radix-ui/primitive/-/primitive-1.1.2.tgz 0ms (cache hit)
1880 http cache @protobufjs/float@https://pkgs.dev.azure.com/krossk/_packaging/Kros.Npm/npm/registry/@protobufjs/float/-/float-1.0.2.tgz 0ms (cache hit)
1881 http cache @protobufjs/fetch@https://pkgs.dev.azure.com/krossk/_packaging/Kros.Npm/npm/registry/@protobufjs/fetch/-/fetch-1.1.0.tgz 0ms (cache hit)
1882 http cache @protobufjs/eventemitter@https://pkgs.dev.azure.com/krossk/_packaging/Kros.Npm/npm/registry/@protobufjs/eventemitter/-/eventemitter-1.1.0.tgz 0ms (cache hit)
1883 http cache @protobufjs/base64@https://pkgs.dev.azure.com/krossk/_packaging/Kros.Npm/npm/registry/@protobufjs/base64/-/base64-1.1.2.tgz 0ms (cache hit)
1884 http cache @playwright/test@https://pkgs.dev.azure.com/krossk/_packaging/Kros.Npm/npm/registry/@playwright/test/-/test-1.52.0.tgz 0ms (cache hit)
1885 http cache @protobufjs/aspromise@https://pkgs.dev.azure.com/krossk/_packaging/Kros.Npm/npm/registry/@protobufjs/aspromise/-/aspromise-1.1.2.tgz 0ms (cache hit)
1886 http cache @protobufjs/codegen@https://pkgs.dev.azure.com/krossk/_packaging/Kros.Npm/npm/registry/@protobufjs/codegen/-/codegen-2.0.4.tgz 0ms (cache hit)
1887 http cache @pkgjs/parseargs@https://pkgs.dev.azure.com/krossk/_packaging/Kros.Npm/npm/registry/@pkgjs/parseargs/-/parseargs-0.11.0.tgz 0ms (cache hit)
1888 http cache @phenomnomnominal/tsquery@https://pkgs.dev.azure.com/krossk/_packaging/Kros.Npm/npm/registry/@phenomnomnominal/tsquery/-/tsquery-5.0.1.tgz 0ms (cache hit)
1889 http cache @parcel/watcher-linux-x64-musl@https://pkgs.dev.azure.com/krossk/_packaging/Kros.Npm/npm/registry/@parcel/watcher-linux-x64-musl/-/watcher-linux-x64-musl-2.5.1.tgz 0ms (cache hit)
1890 http cache @nx/workspace@https://pkgs.dev.azure.com/krossk/_packaging/Kros.Npm/npm/registry/@nx/workspace/-/workspace-20.8.2.tgz 0ms (cache hit)
1891 http cache @parcel/watcher-linux-x64-glibc@https://pkgs.dev.azure.com/krossk/_packaging/Kros.Npm/npm/registry/@parcel/watcher-linux-x64-glibc/-/watcher-linux-x64-glibc-2.5.1.tgz 0ms (cache hit)
1892 http cache @parcel/watcher@https://pkgs.dev.azure.com/krossk/_packaging/Kros.Npm/npm/registry/@parcel/watcher/-/watcher-2.5.1.tgz 0ms (cache hit)
1893 http cache @nx/webpack@https://pkgs.dev.azure.com/krossk/_packaging/Kros.Npm/npm/registry/@nx/webpack/-/webpack-20.8.2.tgz 0ms (cache hit)
1894 http cache @nx/web@https://pkgs.dev.azure.com/krossk/_packaging/Kros.Npm/npm/registry/@nx/web/-/web-20.8.2.tgz 0ms (cache hit)
1895 http cache @nx/plugin@https://pkgs.dev.azure.com/krossk/_packaging/Kros.Npm/npm/registry/@nx/plugin/-/plugin-20.8.2.tgz 0ms (cache hit)
1896 http cache @nx/playwright@https://pkgs.dev.azure.com/krossk/_packaging/Kros.Npm/npm/registry/@nx/playwright/-/playwright-20.8.2.tgz 0ms (cache hit)
1897 http cache @nx/nx-linux-x64-musl@https://pkgs.dev.azure.com/krossk/_packaging/Kros.Npm/npm/registry/@nx/nx-linux-x64-musl/-/nx-linux-x64-musl-20.8.2.tgz 0ms (cache hit)
1898 http cache @nx/rspack@https://pkgs.dev.azure.com/krossk/_packaging/Kros.Npm/npm/registry/@nx/rspack/-/rspack-20.8.2.tgz 0ms (cache hit)
1899 http cache @nx/key-linux-x64-musl@https://pkgs.dev.azure.com/krossk/_packaging/Kros.Npm/npm/registry/@nx/key-linux-x64-musl/-/key-linux-x64-musl-2.0.3.tgz 0ms (cache hit)
1900 http cache @nx/nx-linux-x64-gnu@https://pkgs.dev.azure.com/krossk/_packaging/Kros.Npm/npm/registry/@nx/nx-linux-x64-gnu/-/nx-linux-x64-gnu-20.8.2.tgz 0ms (cache hit)
1901 http cache @nx/module-federation@https://pkgs.dev.azure.com/krossk/_packaging/Kros.Npm/npm/registry/@nx/module-federation/-/module-federation-20.8.2.tgz 0ms (cache hit)
1902 http cache @nx/key-linux-x64-gnu@https://pkgs.dev.azure.com/krossk/_packaging/Kros.Npm/npm/registry/@nx/key-linux-x64-gnu/-/key-linux-x64-gnu-2.0.3.tgz 0ms (cache hit)
1903 http cache @nx/key@https://pkgs.dev.azure.com/krossk/_packaging/Kros.Npm/npm/registry/@nx/key/-/key-2.0.3.tgz 0ms (cache hit)
1904 http cache @nx/js@https://pkgs.dev.azure.com/krossk/_packaging/Kros.Npm/npm/registry/@nx/js/-/js-20.8.2.tgz 0ms (cache hit)
1905 http cache @nx/jest@https://pkgs.dev.azure.com/krossk/_packaging/Kros.Npm/npm/registry/@nx/jest/-/jest-20.8.2.tgz 0ms (cache hit)
1906 http cache @nx/eslint@https://pkgs.dev.azure.com/krossk/_packaging/Kros.Npm/npm/registry/@nx/eslint/-/eslint-20.8.2.tgz 0ms (cache hit)
1907 http cache @nx/devkit@https://pkgs.dev.azure.com/krossk/_packaging/Kros.Npm/npm/registry/@nx/devkit/-/devkit-20.8.2.tgz 0ms (cache hit)
1908 http cache @nx/eslint-plugin@https://pkgs.dev.azure.com/krossk/_packaging/Kros.Npm/npm/registry/@nx/eslint-plugin/-/eslint-plugin-20.8.2.tgz 0ms (cache hit)
1909 http cache @nx/cypress@https://pkgs.dev.azure.com/krossk/_packaging/Kros.Npm/npm/registry/@nx/cypress/-/cypress-20.8.2.tgz 0ms (cache hit)
1910 http cache @nx/azure-cache@https://pkgs.dev.azure.com/krossk/_packaging/Kros.Npm/npm/registry/@nx/azure-cache/-/azure-cache-2.0.3.tgz 0ms (cache hit)
1911 http cache @nx/angular@https://pkgs.dev.azure.com/krossk/_packaging/Kros.Npm/npm/registry/@nx/angular/-/angular-20.8.2.tgz 0ms (cache hit)
1912 http cache @npmcli/redact@https://pkgs.dev.azure.com/krossk/_packaging/Kros.Npm/npm/registry/@npmcli/redact/-/redact-3.1.1.tgz 0ms (cache hit)
1913 http cache @npmcli/promise-spawn@https://pkgs.dev.azure.com/krossk/_packaging/Kros.Npm/npm/registry/@npmcli/promise-spawn/-/promise-spawn-8.0.2.tgz 0ms (cache hit)
1914 http cache @npmcli/run-script@https://pkgs.dev.azure.com/krossk/_packaging/Kros.Npm/npm/registry/@npmcli/run-script/-/run-script-9.0.2.tgz 0ms (cache hit)
1915 http cache @npmcli/package-json@https://pkgs.dev.azure.com/krossk/_packaging/Kros.Npm/npm/registry/@npmcli/package-json/-/package-json-6.1.1.tgz 0ms (cache hit)
1916 http cache @npmcli/installed-package-contents@https://pkgs.dev.azure.com/krossk/_packaging/Kros.Npm/npm/registry/@npmcli/installed-package-contents/-/installed-package-contents-3.0.0.tgz 0ms (cache hit)
1917 http cache @npmcli/node-gyp@https://pkgs.dev.azure.com/krossk/_packaging/Kros.Npm/npm/registry/@npmcli/node-gyp/-/node-gyp-4.0.0.tgz 0ms (cache hit)
1918 http cache @npmcli/fs@https://pkgs.dev.azure.com/krossk/_packaging/Kros.Npm/npm/registry/@npmcli/fs/-/fs-4.0.0.tgz 0ms (cache hit)
1919 http cache @npmcli/git@https://pkgs.dev.azure.com/krossk/_packaging/Kros.Npm/npm/registry/@npmcli/git/-/git-6.0.1.tgz 0ms (cache hit)
1920 http cache @npmcli/agent@https://pkgs.dev.azure.com/krossk/_packaging/Kros.Npm/npm/registry/@npmcli/agent/-/agent-3.0.0.tgz 0ms (cache hit)
1921 http cache @nodelib/fs.walk@https://pkgs.dev.azure.com/krossk/_packaging/Kros.Npm/npm/registry/@nodelib/fs.walk/-/fs.walk-1.2.8.tgz 0ms (cache hit)
1922 http cache @nodelib/fs.stat@https://pkgs.dev.azure.com/krossk/_packaging/Kros.Npm/npm/registry/@nodelib/fs.stat/-/fs.stat-2.0.5.tgz 0ms (cache hit)
1923 http cache @noble/hashes@https://pkgs.dev.azure.com/krossk/_packaging/Kros.Npm/npm/registry/@noble/hashes/-/hashes-1.7.1.tgz 0ms (cache hit)
1924 http cache @noble/ed25519@https://pkgs.dev.azure.com/krossk/_packaging/Kros.Npm/npm/registry/@noble/ed25519/-/ed25519-2.2.3.tgz 0ms (cache hit)
1925 http cache @nodelib/fs.scandir@https://pkgs.dev.azure.com/krossk/_packaging/Kros.Npm/npm/registry/@nodelib/fs.scandir/-/fs.scandir-2.1.5.tgz 0ms (cache hit)
1926 http cache @ngx-translate/http-loader@https://pkgs.dev.azure.com/krossk/_packaging/Kros.Npm/npm/registry/@ngx-translate/http-loader/-/http-loader-16.0.1.tgz 0ms (cache hit)
1927 http cache @ngx-translate/core@https://pkgs.dev.azure.com/krossk/_packaging/Kros.Npm/npm/registry/@ngx-translate/core/-/core-16.0.4.tgz 0ms (cache hit)
1928 http cache @ngtools/webpack@https://pkgs.dev.azure.com/krossk/_packaging/Kros.Npm/npm/registry/@ngtools/webpack/-/webpack-19.2.3.tgz 0ms (cache hit)
1929 http cache @ngrx/store@https://pkgs.dev.azure.com/krossk/_packaging/Kros.Npm/npm/registry/@ngrx/store/-/store-19.0.1.tgz 0ms (cache hit)
1930 http cache @ngrx/signals@https://pkgs.dev.azure.com/krossk/_packaging/Kros.Npm/npm/registry/@ngrx/signals/-/signals-19.0.1.tgz 0ms (cache hit)
1931 http cache @ngrx/store-devtools@https://pkgs.dev.azure.com/krossk/_packaging/Kros.Npm/npm/registry/@ngrx/store-devtools/-/store-devtools-19.0.1.tgz 0ms (cache hit)
1932 http cache @ngrx/schematics@https://pkgs.dev.azure.com/krossk/_packaging/Kros.Npm/npm/registry/@ngrx/schematics/-/schematics-19.0.1.tgz 0ms (cache hit)
1933 http cache @ngrx/operators@https://pkgs.dev.azure.com/krossk/_packaging/Kros.Npm/npm/registry/@ngrx/operators/-/operators-19.0.1.tgz 0ms (cache hit)
1934 http cache @ngrx/router-store@https://pkgs.dev.azure.com/krossk/_packaging/Kros.Npm/npm/registry/@ngrx/router-store/-/router-store-19.0.1.tgz 0ms (cache hit)
1935 http cache @ngrx/entity@https://pkgs.dev.azure.com/krossk/_packaging/Kros.Npm/npm/registry/@ngrx/entity/-/entity-19.0.1.tgz 0ms (cache hit)
1936 http cache @ngrx/effects@https://pkgs.dev.azure.com/krossk/_packaging/Kros.Npm/npm/registry/@ngrx/effects/-/effects-19.0.1.tgz 0ms (cache hit)
1937 http cache @ngrx/eslint-plugin@https://pkgs.dev.azure.com/krossk/_packaging/Kros.Npm/npm/registry/@ngrx/eslint-plugin/-/eslint-plugin-19.0.1.tgz 0ms (cache hit)
1938 http cache @ngrx/component@https://pkgs.dev.azure.com/krossk/_packaging/Kros.Npm/npm/registry/@ngrx/component/-/component-19.0.1.tgz 0ms (cache hit)
1939 http cache @nevware21/ts-utils@https://pkgs.dev.azure.com/krossk/_packaging/Kros.Npm/npm/registry/@nevware21/ts-utils/-/ts-utils-0.11.6.tgz 0ms (cache hit)
1940 http cache @ng-bootstrap/ng-bootstrap@https://pkgs.dev.azure.com/krossk/_packaging/Kros.Npm/npm/registry/@ng-bootstrap/ng-bootstrap/-/ng-bootstrap-11.0.1.tgz 0ms (cache hit)
1941 http cache @napi-rs/wasm-runtime@https://pkgs.dev.azure.com/krossk/_packaging/Kros.Npm/npm/registry/@napi-rs/wasm-runtime/-/wasm-runtime-0.2.4.tgz 0ms (cache hit)
1942 http cache @nevware21/ts-async@https://pkgs.dev.azure.com/krossk/_packaging/Kros.Npm/npm/registry/@nevware21/ts-async/-/ts-async-0.5.4.tgz 0ms (cache hit)
1943 http cache @napi-rs/nice-linux-x64-musl@https://pkgs.dev.azure.com/krossk/_packaging/Kros.Npm/npm/registry/@napi-rs/nice-linux-x64-musl/-/nice-linux-x64-musl-1.0.1.tgz 0ms (cache hit)
1944 http cache @napi-rs/nice-linux-x64-gnu@https://pkgs.dev.azure.com/krossk/_packaging/Kros.Npm/npm/registry/@napi-rs/nice-linux-x64-gnu/-/nice-linux-x64-gnu-1.0.1.tgz 0ms (cache hit)
1945 http cache @napi-rs/nice@https://pkgs.dev.azure.com/krossk/_packaging/Kros.Npm/npm/registry/@napi-rs/nice/-/nice-1.0.1.tgz 0ms (cache hit)
1946 http cache @napi-rs/canvas-linux-x64-gnu@https://pkgs.dev.azure.com/krossk/_packaging/Kros.Npm/npm/registry/@napi-rs/canvas-linux-x64-gnu/-/canvas-linux-x64-gnu-0.1.66.tgz 0ms (cache hit)
1947 http cache @napi-rs/canvas@https://pkgs.dev.azure.com/krossk/_packaging/Kros.Npm/npm/registry/@napi-rs/canvas/-/canvas-0.1.66.tgz 0ms (cache hit)
1948 http cache @msgpackr-extract/msgpackr-extract-linux-x64@https://pkgs.dev.azure.com/krossk/_packaging/Kros.Npm/npm/registry/@msgpackr-extract/msgpackr-extract-linux-x64/-/msgpackr-extract-linux-x64-3.0.3.tgz 0ms (cache hit)
1949 http cache @napi-rs/canvas-linux-x64-musl@https://pkgs.dev.azure.com/krossk/_packaging/Kros.Npm/npm/registry/@napi-rs/canvas-linux-x64-musl/-/canvas-linux-x64-musl-0.1.66.tgz 0ms (cache hit)
1950 http cache @module-federation/webpack-bundler-runtime@https://pkgs.dev.azure.com/krossk/_packaging/Kros.Npm/npm/registry/@module-federation/webpack-bundler-runtime/-/webpack-bundler-runtime-0.9.1.tgz 0ms (cache hit)
1951 http cache @module-federation/third-party-dts-extractor@https://pkgs.dev.azure.com/krossk/_packaging/Kros.Npm/npm/registry/@module-federation/third-party-dts-extractor/-/third-party-dts-extractor-0.9.1.tgz 0ms (cache hit)
1952 http cache @module-federation/sdk@https://pkgs.dev.azure.com/krossk/_packaging/Kros.Npm/npm/registry/@module-federation/sdk/-/sdk-0.9.1.tgz 0ms (cache hit)
1953 http cache @module-federation/runtime-core@https://pkgs.dev.azure.com/krossk/_packaging/Kros.Npm/npm/registry/@module-federation/runtime-core/-/runtime-core-0.9.1.tgz 0ms (cache hit)
1954 http cache @module-federation/runtime-tools@https://pkgs.dev.azure.com/krossk/_packaging/Kros.Npm/npm/registry/@module-federation/runtime-tools/-/runtime-tools-0.9.1.tgz 0ms (cache hit)
1955 http cache @module-federation/node@https://pkgs.dev.azure.com/krossk/_packaging/Kros.Npm/npm/registry/@module-federation/node/-/node-2.7.3.tgz 0ms (cache hit)
1956 http cache @module-federation/runtime@https://pkgs.dev.azure.com/krossk/_packaging/Kros.Npm/npm/registry/@module-federation/runtime/-/runtime-0.9.1.tgz 0ms (cache hit)
1957 http cache @module-federation/rspack@https://pkgs.dev.azure.com/krossk/_packaging/Kros.Npm/npm/registry/@module-federation/rspack/-/rspack-0.9.1.tgz 0ms (cache hit)
1958 http cache @module-federation/managers@https://pkgs.dev.azure.com/krossk/_packaging/Kros.Npm/npm/registry/@module-federation/managers/-/managers-0.9.1.tgz 0ms (cache hit)
1959 http cache @module-federation/inject-external-runtime-core-plugin@https://pkgs.dev.azure.com/krossk/_packaging/Kros.Npm/npm/registry/@module-federation/inject-external-runtime-core-plugin/-/inject-external-runtime-core-plugin-0.9.1.tgz 0ms (cache hit)
1960 http cache @module-federation/error-codes@https://pkgs.dev.azure.com/krossk/_packaging/Kros.Npm/npm/registry/@module-federation/error-codes/-/error-codes-0.9.1.tgz 0ms (cache hit)
1961 http cache @module-federation/manifest@https://pkgs.dev.azure.com/krossk/_packaging/Kros.Npm/npm/registry/@module-federation/manifest/-/manifest-0.9.1.tgz 0ms (cache hit)
1962 http cache @module-federation/enhanced@https://pkgs.dev.azure.com/krossk/_packaging/Kros.Npm/npm/registry/@module-federation/enhanced/-/enhanced-0.9.1.tgz 0ms (cache hit)
1963 http cache @module-federation/dts-plugin@https://pkgs.dev.azure.com/krossk/_packaging/Kros.Npm/npm/registry/@module-federation/dts-plugin/-/dts-plugin-0.9.1.tgz 0ms (cache hit)
1964 http cache @module-federation/data-prefetch@https://pkgs.dev.azure.com/krossk/_packaging/Kros.Npm/npm/registry/@module-federation/data-prefetch/-/data-prefetch-0.9.1.tgz 0ms (cache hit)
1965 http cache @module-federation/bridge-react-webpack-plugin@https://pkgs.dev.azure.com/krossk/_packaging/Kros.Npm/npm/registry/@module-federation/bridge-react-webpack-plugin/-/bridge-react-webpack-plugin-0.9.1.tgz 0ms (cache hit)
1966 http cache @module-federation/cli@https://pkgs.dev.azure.com/krossk/_packaging/Kros.Npm/npm/registry/@module-federation/cli/-/cli-0.14.0.tgz 0ms (cache hit)
1967 http cache @modern-js/utils@https://pkgs.dev.azure.com/krossk/_packaging/Kros.Npm/npm/registry/@modern-js/utils/-/utils-2.65.1.tgz 0ms (cache hit)
1968 http cache @modern-js/node-bundle-require@https://pkgs.dev.azure.com/krossk/_packaging/Kros.Npm/npm/registry/@modern-js/node-bundle-require/-/node-bundle-require-2.65.1.tgz 0ms (cache hit)
1969 http cache @microsoft/signalr@https://pkgs.dev.azure.com/krossk/_packaging/Kros.Npm/npm/registry/@microsoft/signalr/-/signalr-8.0.7.tgz 0ms (cache hit)
1970 http cache @microsoft/applicationinsights-properties-js@https://pkgs.dev.azure.com/krossk/_packaging/Kros.Npm/npm/registry/@microsoft/applicationinsights-properties-js/-/applicationinsights-properties-js-3.3.5.tgz 0ms (cache hit)
1971 http cache @microsoft/applicationinsights-web@https://pkgs.dev.azure.com/krossk/_packaging/Kros.Npm/npm/registry/@microsoft/applicationinsights-web/-/applicationinsights-web-3.3.5.tgz 0ms (cache hit)
1972 http cache @microsoft/applicationinsights-shims@https://pkgs.dev.azure.com/krossk/_packaging/Kros.Npm/npm/registry/@microsoft/applicationinsights-shims/-/applicationinsights-shims-3.0.1.tgz 0ms (cache hit)
1973 http cache @microsoft/dynamicproto-js@https://pkgs.dev.azure.com/krossk/_packaging/Kros.Npm/npm/registry/@microsoft/dynamicproto-js/-/dynamicproto-js-2.0.3.tgz 0ms (cache hit)
1974 http cache @microsoft/applicationinsights-dependencies-js@https://pkgs.dev.azure.com/krossk/_packaging/Kros.Npm/npm/registry/@microsoft/applicationinsights-dependencies-js/-/applicationinsights-dependencies-js-3.3.5.tgz 0ms (cache hit)
1975 http cache @microsoft/applicationinsights-core-js@https://pkgs.dev.azure.com/krossk/_packaging/Kros.Npm/npm/registry/@microsoft/applicationinsights-core-js/-/applicationinsights-core-js-3.3.5.tgz 0ms (cache hit)
1976 http cache @microsoft/applicationinsights-common@https://pkgs.dev.azure.com/krossk/_packaging/Kros.Npm/npm/registry/@microsoft/applicationinsights-common/-/applicationinsights-common-3.3.5.tgz 0ms (cache hit)
1977 http cache @microsoft/applicationinsights-cfgsync-js@https://pkgs.dev.azure.com/krossk/_packaging/Kros.Npm/npm/registry/@microsoft/applicationinsights-cfgsync-js/-/applicationinsights-cfgsync-js-3.3.5.tgz 0ms (cache hit)
1978 http cache @microsoft/applicationinsights-channel-js@https://pkgs.dev.azure.com/krossk/_packaging/Kros.Npm/npm/registry/@microsoft/applicationinsights-channel-js/-/applicationinsights-channel-js-3.3.5.tgz 0ms (cache hit)
1979 http cache @messageformat/runtime@https://pkgs.dev.azure.com/krossk/_packaging/Kros.Npm/npm/registry/@messageformat/runtime/-/runtime-3.0.1.tgz 0ms (cache hit)
1980 http cache @messageformat/parser@https://pkgs.dev.azure.com/krossk/_packaging/Kros.Npm/npm/registry/@messageformat/parser/-/parser-5.1.1.tgz 0ms (cache hit)
1981 http cache @microsoft/applicationinsights-analytics-js@https://pkgs.dev.azure.com/krossk/_packaging/Kros.Npm/npm/registry/@microsoft/applicationinsights-analytics-js/-/applicationinsights-analytics-js-3.3.5.tgz 0ms (cache hit)
1982 http cache @messageformat/date-skeleton@https://pkgs.dev.azure.com/krossk/_packaging/Kros.Npm/npm/registry/@messageformat/date-skeleton/-/date-skeleton-1.1.0.tgz 0ms (cache hit)
1983 http cache @messageformat/number-skeleton@https://pkgs.dev.azure.com/krossk/_packaging/Kros.Npm/npm/registry/@messageformat/number-skeleton/-/number-skeleton-1.2.0.tgz 0ms (cache hit)
1984 http cache @messageformat/core@https://pkgs.dev.azure.com/krossk/_packaging/Kros.Npm/npm/registry/@messageformat/core/-/core-3.4.0.tgz 0ms (cache hit)
1985 http cache @lmdb/lmdb-linux-x64@https://pkgs.dev.azure.com/krossk/_packaging/Kros.Npm/npm/registry/@lmdb/lmdb-linux-x64/-/lmdb-linux-x64-3.2.6.tgz 0ms (cache hit)
1986 http cache @listr2/prompt-adapter-inquirer@https://pkgs.dev.azure.com/krossk/_packaging/Kros.Npm/npm/registry/@listr2/prompt-adapter-inquirer/-/prompt-adapter-inquirer-2.0.18.tgz 0ms (cache hit)
1987 http cache @kros-sk/luckysheet@https://pkgs.dev.azure.com/krossk/_packaging/Kros.Npm/npm/registry/@kros-sk/luckysheet/-/luckysheet-2.1.40.tgz 0ms (cache hit)
1988 http cache @jsonjoy.com/util@https://pkgs.dev.azure.com/krossk/_packaging/Kros.Npm/npm/registry/@jsonjoy.com/util/-/util-1.5.0.tgz 0ms (cache hit)
1989 http cache @jsonjoy.com/json-pack@https://pkgs.dev.azure.com/krossk/_packaging/Kros.Npm/npm/registry/@jsonjoy.com/json-pack/-/json-pack-1.1.1.tgz 0ms (cache hit)
1990 http cache @leichtgewicht/ip-codec@https://pkgs.dev.azure.com/krossk/_packaging/Kros.Npm/npm/registry/@leichtgewicht/ip-codec/-/ip-codec-2.0.5.tgz 0ms (cache hit)
1991 http cache @jsonjoy.com/base64@https://pkgs.dev.azure.com/krossk/_packaging/Kros.Npm/npm/registry/@jsonjoy.com/base64/-/base64-1.1.2.tgz 0ms (cache hit)
1992 http cache @jridgewell/trace-mapping@https://pkgs.dev.azure.com/krossk/_packaging/Kros.Npm/npm/registry/@jridgewell/trace-mapping/-/trace-mapping-0.3.25.tgz 0ms (cache hit)
1993 http cache @js-sdsl/ordered-map@https://pkgs.dev.azure.com/krossk/_packaging/Kros.Npm/npm/registry/@js-sdsl/ordered-map/-/ordered-map-4.4.2.tgz 0ms (cache hit)
1994 http cache @jridgewell/sourcemap-codec@https://pkgs.dev.azure.com/krossk/_packaging/Kros.Npm/npm/registry/@jridgewell/sourcemap-codec/-/sourcemap-codec-1.5.0.tgz 0ms (cache hit)
1995 http cache @jridgewell/set-array@https://pkgs.dev.azure.com/krossk/_packaging/Kros.Npm/npm/registry/@jridgewell/set-array/-/set-array-1.2.1.tgz 0ms (cache hit)
1996 http cache @jridgewell/source-map@https://pkgs.dev.azure.com/krossk/_packaging/Kros.Npm/npm/registry/@jridgewell/source-map/-/source-map-0.3.6.tgz 0ms (cache hit)
1997 http cache @jridgewell/resolve-uri@https://pkgs.dev.azure.com/krossk/_packaging/Kros.Npm/npm/registry/@jridgewell/resolve-uri/-/resolve-uri-3.1.2.tgz 0ms (cache hit)
1998 http cache @jest/types@https://pkgs.dev.azure.com/krossk/_packaging/Kros.Npm/npm/registry/@jest/types/-/types-29.6.3.tgz 0ms (cache hit)
1999 http cache @jest/transform@https://pkgs.dev.azure.com/krossk/_packaging/Kros.Npm/npm/registry/@jest/transform/-/transform-29.7.0.tgz 0ms (cache hit)
2000 http cache @jest/test-sequencer@https://pkgs.dev.azure.com/krossk/_packaging/Kros.Npm/npm/registry/@jest/test-sequencer/-/test-sequencer-29.7.0.tgz 0ms (cache hit)
2001 http cache @jridgewell/gen-mapping@https://pkgs.dev.azure.com/krossk/_packaging/Kros.Npm/npm/registry/@jridgewell/gen-mapping/-/gen-mapping-0.3.8.tgz 0ms (cache hit)
2002 http cache @jest/test-result@https://pkgs.dev.azure.com/krossk/_packaging/Kros.Npm/npm/registry/@jest/test-result/-/test-result-29.7.0.tgz 0ms (cache hit)
2003 http cache @jest/source-map@https://pkgs.dev.azure.com/krossk/_packaging/Kros.Npm/npm/registry/@jest/source-map/-/source-map-29.6.3.tgz 0ms (cache hit)
2004 http cache @jest/schemas@https://pkgs.dev.azure.com/krossk/_packaging/Kros.Npm/npm/registry/@jest/schemas/-/schemas-29.6.3.tgz 0ms (cache hit)
2005 http cache @jest/globals@https://pkgs.dev.azure.com/krossk/_packaging/Kros.Npm/npm/registry/@jest/globals/-/globals-29.7.0.tgz 0ms (cache hit)
2006 http cache @jest/reporters@https://pkgs.dev.azure.com/krossk/_packaging/Kros.Npm/npm/registry/@jest/reporters/-/reporters-29.7.0.tgz 0ms (cache hit)
2007 http cache @jest/fake-timers@https://pkgs.dev.azure.com/krossk/_packaging/Kros.Npm/npm/registry/@jest/fake-timers/-/fake-timers-29.7.0.tgz 0ms (cache hit)
2008 http cache @jest/expect@https://pkgs.dev.azure.com/krossk/_packaging/Kros.Npm/npm/registry/@jest/expect/-/expect-29.7.0.tgz 0ms (cache hit)
2009 http cache @jest/expect-utils@https://pkgs.dev.azure.com/krossk/_packaging/Kros.Npm/npm/registry/@jest/expect-utils/-/expect-utils-29.7.0.tgz 0ms (cache hit)
2010 http cache @jest/console@https://pkgs.dev.azure.com/krossk/_packaging/Kros.Npm/npm/registry/@jest/console/-/console-29.7.0.tgz 0ms (cache hit)
2011 http cache @jest/core@https://pkgs.dev.azure.com/krossk/_packaging/Kros.Npm/npm/registry/@jest/core/-/core-29.7.0.tgz 0ms (cache hit)
2012 http cache @istanbuljs/schema@https://pkgs.dev.azure.com/krossk/_packaging/Kros.Npm/npm/registry/@istanbuljs/schema/-/schema-0.1.3.tgz 0ms (cache hit)
2013 http cache @jest/environment@https://pkgs.dev.azure.com/krossk/_packaging/Kros.Npm/npm/registry/@jest/environment/-/environment-29.7.0.tgz 0ms (cache hit)
2014 http cache @istanbuljs/load-nyc-config@https://pkgs.dev.azure.com/krossk/_packaging/Kros.Npm/npm/registry/@istanbuljs/load-nyc-config/-/load-nyc-config-1.1.0.tgz 0ms (cache hit)
2015 http cache @isaacs/fs-minipass@https://pkgs.dev.azure.com/krossk/_packaging/Kros.Npm/npm/registry/@isaacs/fs-minipass/-/fs-minipass-4.0.1.tgz 0ms (cache hit)
2016 http cache @isaacs/cliui@https://pkgs.dev.azure.com/krossk/_packaging/Kros.Npm/npm/registry/@isaacs/cliui/-/cliui-8.0.2.tgz 0ms (cache hit)
2017 http cache @inquirer/select@https://pkgs.dev.azure.com/krossk/_packaging/Kros.Npm/npm/registry/@inquirer/select/-/select-4.1.0.tgz 0ms (cache hit)
2018 http cache @inquirer/type@https://pkgs.dev.azure.com/krossk/_packaging/Kros.Npm/npm/registry/@inquirer/type/-/type-3.0.5.tgz 0ms (cache hit)
2019 http cache @inquirer/search@https://pkgs.dev.azure.com/krossk/_packaging/Kros.Npm/npm/registry/@inquirer/search/-/search-3.0.11.tgz 0ms (cache hit)
2020 http cache @inquirer/rawlist@https://pkgs.dev.azure.com/krossk/_packaging/Kros.Npm/npm/registry/@inquirer/rawlist/-/rawlist-4.0.11.tgz 0ms (cache hit)
2021 http cache @inquirer/prompts@https://pkgs.dev.azure.com/krossk/_packaging/Kros.Npm/npm/registry/@inquirer/prompts/-/prompts-7.3.2.tgz 0ms (cache hit)
2022 http cache @inquirer/input@https://pkgs.dev.azure.com/krossk/_packaging/Kros.Npm/npm/registry/@inquirer/input/-/input-4.1.8.tgz 0ms (cache hit)
2023 http cache @inquirer/number@https://pkgs.dev.azure.com/krossk/_packaging/Kros.Npm/npm/registry/@inquirer/number/-/number-3.0.11.tgz 0ms (cache hit)
2024 http cache @inquirer/figures@https://pkgs.dev.azure.com/krossk/_packaging/Kros.Npm/npm/registry/@inquirer/figures/-/figures-1.0.11.tgz 0ms (cache hit)
2025 http cache @inquirer/password@https://pkgs.dev.azure.com/krossk/_packaging/Kros.Npm/npm/registry/@inquirer/password/-/password-4.0.11.tgz 0ms (cache hit)
2026 http cache @inquirer/core@https://pkgs.dev.azure.com/krossk/_packaging/Kros.Npm/npm/registry/@inquirer/core/-/core-10.1.9.tgz 0ms (cache hit)
2027 http cache @inquirer/expand@https://pkgs.dev.azure.com/krossk/_packaging/Kros.Npm/npm/registry/@inquirer/expand/-/expand-4.0.11.tgz 0ms (cache hit)
2028 http cache @inquirer/editor@https://pkgs.dev.azure.com/krossk/_packaging/Kros.Npm/npm/registry/@inquirer/editor/-/editor-4.2.9.tgz 0ms (cache hit)
2029 http cache @inquirer/confirm@https://pkgs.dev.azure.com/krossk/_packaging/Kros.Npm/npm/registry/@inquirer/confirm/-/confirm-5.1.6.tgz 0ms (cache hit)
2030 http cache @inquirer/checkbox@https://pkgs.dev.azure.com/krossk/_packaging/Kros.Npm/npm/registry/@inquirer/checkbox/-/checkbox-4.1.4.tgz 0ms (cache hit)
2031 http cache @humanwhocodes/retry@https://pkgs.dev.azure.com/krossk/_packaging/Kros.Npm/npm/registry/@humanwhocodes/retry/-/retry-0.4.1.tgz 0ms (cache hit)
2032 http cache @humanwhocodes/module-importer@https://pkgs.dev.azure.com/krossk/_packaging/Kros.Npm/npm/registry/@humanwhocodes/module-importer/-/module-importer-1.0.1.tgz 0ms (cache hit)
2033 http cache @humanfs/core@https://pkgs.dev.azure.com/krossk/_packaging/Kros.Npm/npm/registry/@humanfs/core/-/core-0.19.1.tgz 0ms (cache hit)
2034 http cache @humanfs/node@https://pkgs.dev.azure.com/krossk/_packaging/Kros.Npm/npm/registry/@humanfs/node/-/node-0.16.6.tgz 0ms (cache hit)
2035 http cache @grpc/grpc-js@https://pkgs.dev.azure.com/krossk/_packaging/Kros.Npm/npm/registry/@grpc/grpc-js/-/grpc-js-1.13.4.tgz 0ms (cache hit)
2036 http cache @grpc/proto-loader@https://pkgs.dev.azure.com/krossk/_packaging/Kros.Npm/npm/registry/@grpc/proto-loader/-/proto-loader-0.7.15.tgz 0ms (cache hit)
2037 http cache @floating-ui/utils@https://pkgs.dev.azure.com/krossk/_packaging/Kros.Npm/npm/registry/@floating-ui/utils/-/utils-0.2.9.tgz 0ms (cache hit)
2038 http cache @floating-ui/dom@https://pkgs.dev.azure.com/krossk/_packaging/Kros.Npm/npm/registry/@floating-ui/dom/-/dom-1.6.13.tgz 0ms (cache hit)
2039 http cache @floating-ui/core@https://pkgs.dev.azure.com/krossk/_packaging/Kros.Npm/npm/registry/@floating-ui/core/-/core-1.6.9.tgz 0ms (cache hit)
2040 http cache @flatten-js/interval-tree@https://pkgs.dev.azure.com/krossk/_packaging/Kros.Npm/npm/registry/@flatten-js/interval-tree/-/interval-tree-1.1.3.tgz 0ms (cache hit)
2041 http cache @floating-ui/react-dom@https://pkgs.dev.azure.com/krossk/_packaging/Kros.Npm/npm/registry/@floating-ui/react-dom/-/react-dom-2.1.2.tgz 0ms (cache hit)
2042 http cache @fast-csv/parse@https://pkgs.dev.azure.com/krossk/_packaging/Kros.Npm/npm/registry/@fast-csv/parse/-/parse-4.3.6.tgz 0ms (cache hit)
2043 http cache @fast-csv/format@https://pkgs.dev.azure.com/krossk/_packaging/Kros.Npm/npm/registry/@fast-csv/format/-/format-4.3.5.tgz 0ms (cache hit)
2044 http cache @eslint/plugin-kit@https://pkgs.dev.azure.com/krossk/_packaging/Kros.Npm/npm/registry/@eslint/plugin-kit/-/plugin-kit-0.2.5.tgz 0ms (cache hit)
2045 http cache @eslint/object-schema@https://pkgs.dev.azure.com/krossk/_packaging/Kros.Npm/npm/registry/@eslint/object-schema/-/object-schema-2.1.6.tgz 0ms (cache hit)
2046 http cache @eslint/js@https://pkgs.dev.azure.com/krossk/_packaging/Kros.Npm/npm/registry/@eslint/js/-/js-9.17.0.tgz 0ms (cache hit)
2047 http cache @eslint/core@https://pkgs.dev.azure.com/krossk/_packaging/Kros.Npm/npm/registry/@eslint/core/-/core-0.10.0.tgz 0ms (cache hit)
2048 http cache @eslint/eslintrc@https://pkgs.dev.azure.com/krossk/_packaging/Kros.Npm/npm/registry/@eslint/eslintrc/-/eslintrc-3.2.0.tgz 0ms (cache hit)
2049 http cache @eslint-community/eslint-utils@https://pkgs.dev.azure.com/krossk/_packaging/Kros.Npm/npm/registry/@eslint-community/eslint-utils/-/eslint-utils-4.4.1.tgz 0ms (cache hit)
2050 http cache @eslint-community/regexpp@https://pkgs.dev.azure.com/krossk/_packaging/Kros.Npm/npm/registry/@eslint-community/regexpp/-/regexpp-4.12.1.tgz 0ms (cache hit)
2051 http cache @eslint/config-array@https://pkgs.dev.azure.com/krossk/_packaging/Kros.Npm/npm/registry/@eslint/config-array/-/config-array-0.19.2.tgz 0ms (cache hit)
2052 http cache @esbuild/linux-x64@https://pkgs.dev.azure.com/krossk/_packaging/Kros.Npm/npm/registry/@esbuild/linux-x64/-/linux-x64-0.25.1.tgz 0ms (cache hit)
2053 http cache @emnapi/wasi-threads@https://pkgs.dev.azure.com/krossk/_packaging/Kros.Npm/npm/registry/@emnapi/wasi-threads/-/wasi-threads-1.0.1.tgz 0ms (cache hit)
2054 http cache @emnapi/runtime@https://pkgs.dev.azure.com/krossk/_packaging/Kros.Npm/npm/registry/@emnapi/runtime/-/runtime-1.3.1.tgz 0ms (cache hit)
2055 http cache @discoveryjs/json-ext@https://pkgs.dev.azure.com/krossk/_packaging/Kros.Npm/npm/registry/@discoveryjs/json-ext/-/json-ext-0.6.3.tgz 0ms (cache hit)
2056 http cache @devextreme/runtime@https://pkgs.dev.azure.com/krossk/_packaging/Kros.Npm/npm/registry/@devextreme/runtime/-/runtime-3.0.13.tgz 0ms (cache hit)
2057 http cache @devexpress/utils@https://pkgs.dev.azure.com/krossk/_packaging/Kros.Npm/npm/registry/@devexpress/utils/-/utils-1.4.3.tgz 0ms (cache hit)
2058 http cache @emnapi/core@https://pkgs.dev.azure.com/krossk/_packaging/Kros.Npm/npm/registry/@emnapi/core/-/core-1.3.1.tgz 0ms (cache hit)
2059 http cache @cypress/xvfb@https://pkgs.dev.azure.com/krossk/_packaging/Kros.Npm/npm/registry/@cypress/xvfb/-/xvfb-1.2.4.tgz 0ms (cache hit)
2060 http cache @devexpress/analytics-core@https://pkgs.dev.azure.com/krossk/_packaging/Kros.Npm/npm/registry/@devexpress/analytics-core/-/analytics-core-24.2.7.tgz 0ms (cache hit)
2061 http cache @cypress/request@https://pkgs.dev.azure.com/krossk/_packaging/Kros.Npm/npm/registry/@cypress/request/-/request-3.0.8.tgz 0ms (cache hit)
2062 http cache @cucumber/messages@https://pkgs.dev.azure.com/krossk/_packaging/Kros.Npm/npm/registry/@cucumber/messages/-/messages-27.0.2.tgz 0ms (cache hit)
2063 http cache @cucumber/message-streams@https://pkgs.dev.azure.com/krossk/_packaging/Kros.Npm/npm/registry/@cucumber/message-streams/-/message-streams-4.0.1.tgz 0ms (cache hit)
2064 http cache @cucumber/tag-expressions@https://pkgs.dev.azure.com/krossk/_packaging/Kros.Npm/npm/registry/@cucumber/tag-expressions/-/tag-expressions-6.1.1.tgz 0ms (cache hit)
2065 http cache @cucumber/gherkin-utils@https://pkgs.dev.azure.com/krossk/_packaging/Kros.Npm/npm/registry/@cucumber/gherkin-utils/-/gherkin-utils-9.2.0.tgz 0ms (cache hit)
2066 http cache @cucumber/html-formatter@https://pkgs.dev.azure.com/krossk/_packaging/Kros.Npm/npm/registry/@cucumber/html-formatter/-/html-formatter-21.10.1.tgz 0ms (cache hit)
2067 http cache @cucumber/gherkin-streams@https://pkgs.dev.azure.com/krossk/_packaging/Kros.Npm/npm/registry/@cucumber/gherkin-streams/-/gherkin-streams-5.0.1.tgz 0ms (cache hit)
2068 http cache @cucumber/cucumber-expressions@https://pkgs.dev.azure.com/krossk/_packaging/Kros.Npm/npm/registry/@cucumber/cucumber-expressions/-/cucumber-expressions-18.0.1.tgz 0ms (cache hit)
2069 http cache @cucumber/gherkin@https://pkgs.dev.azure.com/krossk/_packaging/Kros.Npm/npm/registry/@cucumber/gherkin/-/gherkin-30.0.4.tgz 0ms (cache hit)
2070 http cache @csstools/selector-specificity@https://pkgs.dev.azure.com/krossk/_packaging/Kros.Npm/npm/registry/@csstools/selector-specificity/-/selector-specificity-2.2.0.tgz 0ms (cache hit)
2071 http cache @csstools/postcss-unset-value@https://pkgs.dev.azure.com/krossk/_packaging/Kros.Npm/npm/registry/@csstools/postcss-unset-value/-/postcss-unset-value-1.0.2.tgz 0ms (cache hit)
2072 http cache @csstools/postcss-stepped-value-functions@https://pkgs.dev.azure.com/krossk/_packaging/Kros.Npm/npm/registry/@csstools/postcss-stepped-value-functions/-/postcss-stepped-value-functions-1.0.1.tgz 0ms (cache hit)
2073 http cache @csstools/postcss-oklab-function@https://pkgs.dev.azure.com/krossk/_packaging/Kros.Npm/npm/registry/@csstools/postcss-oklab-function/-/postcss-oklab-function-1.1.1.tgz 0ms (cache hit)
2074 http cache @csstools/postcss-is-pseudo-class@https://pkgs.dev.azure.com/krossk/_packaging/Kros.Npm/npm/registry/@csstools/postcss-is-pseudo-class/-/postcss-is-pseudo-class-2.0.7.tgz 0ms (cache hit)
2075 http cache @csstools/postcss-normalize-display-values@https://pkgs.dev.azure.com/krossk/_packaging/Kros.Npm/npm/registry/@csstools/postcss-normalize-display-values/-/postcss-normalize-display-values-1.0.1.tgz 0ms (cache hit)
2076 http cache @csstools/postcss-progressive-custom-properties@https://pkgs.dev.azure.com/krossk/_packaging/Kros.Npm/npm/registry/@csstools/postcss-progressive-custom-properties/-/postcss-progressive-custom-properties-1.3.0.tgz 0ms (cache hit)
2077 http cache @csstools/postcss-ic-unit@https://pkgs.dev.azure.com/krossk/_packaging/Kros.Npm/npm/registry/@csstools/postcss-ic-unit/-/postcss-ic-unit-1.0.1.tgz 0ms (cache hit)
2078 http cache @csstools/postcss-hwb-function@https://pkgs.dev.azure.com/krossk/_packaging/Kros.Npm/npm/registry/@csstools/postcss-hwb-function/-/postcss-hwb-function-1.0.2.tgz 0ms (cache hit)
2079 http cache @csstools/postcss-font-format-keywords@https://pkgs.dev.azure.com/krossk/_packaging/Kros.Npm/npm/registry/@csstools/postcss-font-format-keywords/-/postcss-font-format-keywords-1.0.1.tgz 0ms (cache hit)
2080 http cache @colors/colors@https://pkgs.dev.azure.com/krossk/_packaging/Kros.Npm/npm/registry/@colors/colors/-/colors-1.5.0.tgz 0ms (cache hit)
2081 http cache @csstools/postcss-color-function@https://pkgs.dev.azure.com/krossk/_packaging/Kros.Npm/npm/registry/@csstools/postcss-color-function/-/postcss-color-function-1.1.1.tgz 0ms (cache hit)
2082 http cache @cspotcode/source-map-support@https://pkgs.dev.azure.com/krossk/_packaging/Kros.Npm/npm/registry/@cspotcode/source-map-support/-/source-map-support-0.8.1.tgz 0ms (cache hit)
2083 http cache @bufbuild/protobuf@https://pkgs.dev.azure.com/krossk/_packaging/Kros.Npm/npm/registry/@bufbuild/protobuf/-/protobuf-2.2.4.tgz 0ms (cache hit)
2084 http cache @bimworks/viewercommon@https://npm.bim.works/@bimworks/viewercommon/-/viewercommon-1.3.11-b201g.tgz 0ms (cache hit)
2085 http cache @bimworks/viewer2d@https://npm.bim.works/@bimworks/viewer2d/-/viewer2d-1.3.11-b201g.tgz 0ms (cache hit)
2086 http cache @bimworks/jssdk@https://npm.bim.works/@bimworks/jssdk/-/jssdk-1.3.11-b201g.tgz 0ms (cache hit)
2087 http cache @bcoe/v8-coverage@https://pkgs.dev.azure.com/krossk/_packaging/Kros.Npm/npm/registry/@bcoe/v8-coverage/-/v8-coverage-0.2.3.tgz 0ms (cache hit)
2088 http cache @bimworks/viewer3d@https://npm.bim.works/@bimworks/viewer3d/-/viewer3d-1.3.11-b201g.tgz 0ms (cache hit)
2089 http cache @babel/types@https://pkgs.dev.azure.com/krossk/_packaging/Kros.Npm/npm/registry/@babel/types/-/types-7.27.1.tgz 0ms (cache hit)
2090 http cache @babel/traverse@https://pkgs.dev.azure.com/krossk/_packaging/Kros.Npm/npm/registry/@babel/traverse/-/traverse-7.26.10.tgz 0ms (cache hit)
2091 http cache @babel/template@https://pkgs.dev.azure.com/krossk/_packaging/Kros.Npm/npm/registry/@babel/template/-/template-7.26.9.tgz 0ms (cache hit)
2092 http cache @babel/runtime@https://pkgs.dev.azure.com/krossk/_packaging/Kros.Npm/npm/registry/@babel/runtime/-/runtime-7.26.10.tgz 0ms (cache hit)
2093 http cache @babel/preset-modules@https://pkgs.dev.azure.com/krossk/_packaging/Kros.Npm/npm/registry/@babel/preset-modules/-/preset-modules-0.1.6-no-external-plugins.tgz 0ms (cache hit)
2094 http cache @babel/preset-typescript@https://pkgs.dev.azure.com/krossk/_packaging/Kros.Npm/npm/registry/@babel/preset-typescript/-/preset-typescript-7.26.0.tgz 0ms (cache hit)
2095 http cache @babel/preset-env@https://pkgs.dev.azure.com/krossk/_packaging/Kros.Npm/npm/registry/@babel/preset-env/-/preset-env-7.26.9.tgz 0ms (cache hit)
2096 http cache @babel/plugin-transform-unicode-regex@https://pkgs.dev.azure.com/krossk/_packaging/Kros.Npm/npm/registry/@babel/plugin-transform-unicode-regex/-/plugin-transform-unicode-regex-7.25.9.tgz 0ms (cache hit)
2097 http cache @babel/plugin-transform-unicode-property-regex@https://pkgs.dev.azure.com/krossk/_packaging/Kros.Npm/npm/registry/@babel/plugin-transform-unicode-property-regex/-/plugin-transform-unicode-property-regex-7.25.9.tgz 0ms (cache hit)
2098 http cache @babel/plugin-transform-unicode-sets-regex@https://pkgs.dev.azure.com/krossk/_packaging/Kros.Npm/npm/registry/@babel/plugin-transform-unicode-sets-regex/-/plugin-transform-unicode-sets-regex-7.25.9.tgz 0ms (cache hit)
2099 http cache @babel/plugin-transform-unicode-escapes@https://pkgs.dev.azure.com/krossk/_packaging/Kros.Npm/npm/registry/@babel/plugin-transform-unicode-escapes/-/plugin-transform-unicode-escapes-7.25.9.tgz 0ms (cache hit)
2100 http cache @babel/plugin-transform-typescript@https://pkgs.dev.azure.com/krossk/_packaging/Kros.Npm/npm/registry/@babel/plugin-transform-typescript/-/plugin-transform-typescript-7.26.7.tgz 0ms (cache hit)
2101 http cache @babel/plugin-transform-typeof-symbol@https://pkgs.dev.azure.com/krossk/_packaging/Kros.Npm/npm/registry/@babel/plugin-transform-typeof-symbol/-/plugin-transform-typeof-symbol-7.26.7.tgz 0ms (cache hit)
2102 http cache @babel/plugin-transform-spread@https://pkgs.dev.azure.com/krossk/_packaging/Kros.Npm/npm/registry/@babel/plugin-transform-spread/-/plugin-transform-spread-7.25.9.tgz 0ms (cache hit)
2103 http cache @babel/plugin-transform-sticky-regex@https://pkgs.dev.azure.com/krossk/_packaging/Kros.Npm/npm/registry/@babel/plugin-transform-sticky-regex/-/plugin-transform-sticky-regex-7.25.9.tgz 0ms (cache hit)
2104 http cache @babel/plugin-transform-template-literals@https://pkgs.dev.azure.com/krossk/_packaging/Kros.Npm/npm/registry/@babel/plugin-transform-template-literals/-/plugin-transform-template-literals-7.26.8.tgz 0ms (cache hit)
2105 http cache @babel/plugin-transform-shorthand-properties@https://pkgs.dev.azure.com/krossk/_packaging/Kros.Npm/npm/registry/@babel/plugin-transform-shorthand-properties/-/plugin-transform-shorthand-properties-7.25.9.tgz 0ms (cache hit)
2106 http cache @babel/plugin-transform-runtime@https://pkgs.dev.azure.com/krossk/_packaging/Kros.Npm/npm/registry/@babel/plugin-transform-runtime/-/plugin-transform-runtime-7.26.10.tgz 0ms (cache hit)
2107 http cache @babel/plugin-transform-reserved-words@https://pkgs.dev.azure.com/krossk/_packaging/Kros.Npm/npm/registry/@babel/plugin-transform-reserved-words/-/plugin-transform-reserved-words-7.25.9.tgz 0ms (cache hit)
2108 http cache @babel/plugin-transform-property-literals@https://pkgs.dev.azure.com/krossk/_packaging/Kros.Npm/npm/registry/@babel/plugin-transform-property-literals/-/plugin-transform-property-literals-7.25.9.tgz 0ms (cache hit)
2109 http cache @babel/plugin-transform-regenerator@https://pkgs.dev.azure.com/krossk/_packaging/Kros.Npm/npm/registry/@babel/plugin-transform-regenerator/-/plugin-transform-regenerator-7.25.9.tgz 0ms (cache hit)
2110 http cache @babel/plugin-transform-regexp-modifiers@https://pkgs.dev.azure.com/krossk/_packaging/Kros.Npm/npm/registry/@babel/plugin-transform-regexp-modifiers/-/plugin-transform-regexp-modifiers-7.26.0.tgz 0ms (cache hit)
2111 http cache @babel/plugin-transform-private-property-in-object@https://pkgs.dev.azure.com/krossk/_packaging/Kros.Npm/npm/registry/@babel/plugin-transform-private-property-in-object/-/plugin-transform-private-property-in-object-7.25.9.tgz 0ms (cache hit)
2112 http cache @babel/plugin-transform-private-methods@https://pkgs.dev.azure.com/krossk/_packaging/Kros.Npm/npm/registry/@babel/plugin-transform-private-methods/-/plugin-transform-private-methods-7.25.9.tgz 0ms (cache hit)
2113 http cache @babel/plugin-transform-parameters@https://pkgs.dev.azure.com/krossk/_packaging/Kros.Npm/npm/registry/@babel/plugin-transform-parameters/-/plugin-transform-parameters-7.25.9.tgz 0ms (cache hit)
2114 http cache @babel/plugin-transform-optional-catch-binding@https://pkgs.dev.azure.com/krossk/_packaging/Kros.Npm/npm/registry/@babel/plugin-transform-optional-catch-binding/-/plugin-transform-optional-catch-binding-7.25.9.tgz 0ms (cache hit)
2115 http cache @babel/plugin-transform-object-super@https://pkgs.dev.azure.com/krossk/_packaging/Kros.Npm/npm/registry/@babel/plugin-transform-object-super/-/plugin-transform-object-super-7.25.9.tgz 0ms (cache hit)
2116 http cache @babel/plugin-transform-optional-chaining@https://pkgs.dev.azure.com/krossk/_packaging/Kros.Npm/npm/registry/@babel/plugin-transform-optional-chaining/-/plugin-transform-optional-chaining-7.25.9.tgz 0ms (cache hit)
2117 http cache @babel/plugin-transform-object-rest-spread@https://pkgs.dev.azure.com/krossk/_packaging/Kros.Npm/npm/registry/@babel/plugin-transform-object-rest-spread/-/plugin-transform-object-rest-spread-7.25.9.tgz 0ms (cache hit)
2118 http cache @babel/plugin-transform-numeric-separator@https://pkgs.dev.azure.com/krossk/_packaging/Kros.Npm/npm/registry/@babel/plugin-transform-numeric-separator/-/plugin-transform-numeric-separator-7.25.9.tgz 0ms (cache hit)
2119 http cache @babel/plugin-transform-nullish-coalescing-operator@https://pkgs.dev.azure.com/krossk/_packaging/Kros.Npm/npm/registry/@babel/plugin-transform-nullish-coalescing-operator/-/plugin-transform-nullish-coalescing-operator-7.26.6.tgz 0ms (cache hit)
2120 http cache @babel/plugin-transform-named-capturing-groups-regex@https://pkgs.dev.azure.com/krossk/_packaging/Kros.Npm/npm/registry/@babel/plugin-transform-named-capturing-groups-regex/-/plugin-transform-named-capturing-groups-regex-7.25.9.tgz 0ms (cache hit)
2121 http cache @babel/plugin-transform-modules-systemjs@https://pkgs.dev.azure.com/krossk/_packaging/Kros.Npm/npm/registry/@babel/plugin-transform-modules-systemjs/-/plugin-transform-modules-systemjs-7.25.9.tgz 0ms (cache hit)
2122 http cache @babel/plugin-transform-new-target@https://pkgs.dev.azure.com/krossk/_packaging/Kros.Npm/npm/registry/@babel/plugin-transform-new-target/-/plugin-transform-new-target-7.25.9.tgz 0ms (cache hit)
2123 http cache @babel/plugin-transform-modules-umd@https://pkgs.dev.azure.com/krossk/_packaging/Kros.Npm/npm/registry/@babel/plugin-transform-modules-umd/-/plugin-transform-modules-umd-7.25.9.tgz 0ms (cache hit)
2124 http cache @babel/plugin-transform-modules-amd@https://pkgs.dev.azure.com/krossk/_packaging/Kros.Npm/npm/registry/@babel/plugin-transform-modules-amd/-/plugin-transform-modules-amd-7.25.9.tgz 0ms (cache hit)
2125 http cache @babel/plugin-transform-modules-commonjs@https://pkgs.dev.azure.com/krossk/_packaging/Kros.Npm/npm/registry/@babel/plugin-transform-modules-commonjs/-/plugin-transform-modules-commonjs-7.26.3.tgz 0ms (cache hit)
2126 http cache @babel/plugin-transform-logical-assignment-operators@https://pkgs.dev.azure.com/krossk/_packaging/Kros.Npm/npm/registry/@babel/plugin-transform-logical-assignment-operators/-/plugin-transform-logical-assignment-operators-7.25.9.tgz 0ms (cache hit)
2127 http cache @babel/plugin-transform-literals@https://pkgs.dev.azure.com/krossk/_packaging/Kros.Npm/npm/registry/@babel/plugin-transform-literals/-/plugin-transform-literals-7.25.9.tgz 0ms (cache hit)
2128 http cache @babel/plugin-transform-member-expression-literals@https://pkgs.dev.azure.com/krossk/_packaging/Kros.Npm/npm/registry/@babel/plugin-transform-member-expression-literals/-/plugin-transform-member-expression-literals-7.25.9.tgz 0ms (cache hit)
2129 http cache @babel/plugin-transform-json-strings@https://pkgs.dev.azure.com/krossk/_packaging/Kros.Npm/npm/registry/@babel/plugin-transform-json-strings/-/plugin-transform-json-strings-7.25.9.tgz 0ms (cache hit)
2130 http cache @babel/plugin-transform-function-name@https://pkgs.dev.azure.com/krossk/_packaging/Kros.Npm/npm/registry/@babel/plugin-transform-function-name/-/plugin-transform-function-name-7.25.9.tgz 0ms (cache hit)
2131 http cache @babel/plugin-transform-for-of@https://pkgs.dev.azure.com/krossk/_packaging/Kros.Npm/npm/registry/@babel/plugin-transform-for-of/-/plugin-transform-for-of-7.26.9.tgz 0ms (cache hit)
2132 http cache @babel/plugin-transform-exponentiation-operator@https://pkgs.dev.azure.com/krossk/_packaging/Kros.Npm/npm/registry/@babel/plugin-transform-exponentiation-operator/-/plugin-transform-exponentiation-operator-7.26.3.tgz 0ms (cache hit)
2133 http cache @babel/plugin-transform-duplicate-named-capturing-groups-regex@https://pkgs.dev.azure.com/krossk/_packaging/Kros.Npm/npm/registry/@babel/plugin-transform-duplicate-named-capturing-groups-regex/-/plugin-transform-duplicate-named-capturing-groups-regex-7.25.9.tgz 0ms (cache hit)
2134 http cache @babel/plugin-transform-export-namespace-from@https://pkgs.dev.azure.com/krossk/_packaging/Kros.Npm/npm/registry/@babel/plugin-transform-export-namespace-from/-/plugin-transform-export-namespace-from-7.25.9.tgz 0ms (cache hit)
2135 http cache @babel/plugin-transform-dynamic-import@https://pkgs.dev.azure.com/krossk/_packaging/Kros.Npm/npm/registry/@babel/plugin-transform-dynamic-import/-/plugin-transform-dynamic-import-7.25.9.tgz 0ms (cache hit)
2136 http cache @babel/plugin-transform-dotall-regex@https://pkgs.dev.azure.com/krossk/_packaging/Kros.Npm/npm/registry/@babel/plugin-transform-dotall-regex/-/plugin-transform-dotall-regex-7.25.9.tgz 0ms (cache hit)
2137 http cache @babel/plugin-transform-duplicate-keys@https://pkgs.dev.azure.com/krossk/_packaging/Kros.Npm/npm/registry/@babel/plugin-transform-duplicate-keys/-/plugin-transform-duplicate-keys-7.25.9.tgz 0ms (cache hit)
2138 http cache @babel/plugin-transform-computed-properties@https://pkgs.dev.azure.com/krossk/_packaging/Kros.Npm/npm/registry/@babel/plugin-transform-computed-properties/-/plugin-transform-computed-properties-7.25.9.tgz 0ms (cache hit)
2139 http cache @babel/plugin-transform-classes@https://pkgs.dev.azure.com/krossk/_packaging/Kros.Npm/npm/registry/@babel/plugin-transform-classes/-/plugin-transform-classes-7.25.9.tgz 0ms (cache hit)
2140 http cache @babel/plugin-transform-destructuring@https://pkgs.dev.azure.com/krossk/_packaging/Kros.Npm/npm/registry/@babel/plugin-transform-destructuring/-/plugin-transform-destructuring-7.25.9.tgz 0ms (cache hit)
2141 http cache @babel/plugin-transform-class-static-block@https://pkgs.dev.azure.com/krossk/_packaging/Kros.Npm/npm/registry/@babel/plugin-transform-class-static-block/-/plugin-transform-class-static-block-7.26.0.tgz 0ms (cache hit)
2142 http cache @babel/plugin-transform-class-properties@https://pkgs.dev.azure.com/krossk/_packaging/Kros.Npm/npm/registry/@babel/plugin-transform-class-properties/-/plugin-transform-class-properties-7.25.9.tgz 0ms (cache hit)
2143 http cache @babel/plugin-transform-block-scoping@https://pkgs.dev.azure.com/krossk/_packaging/Kros.Npm/npm/registry/@babel/plugin-transform-block-scoping/-/plugin-transform-block-scoping-7.25.9.tgz 0ms (cache hit)
2144 http cache @babel/plugin-transform-async-to-generator@https://pkgs.dev.azure.com/krossk/_packaging/Kros.Npm/npm/registry/@babel/plugin-transform-async-to-generator/-/plugin-transform-async-to-generator-7.25.9.tgz 0ms (cache hit)
2145 http cache @babel/plugin-transform-block-scoped-functions@https://pkgs.dev.azure.com/krossk/_packaging/Kros.Npm/npm/registry/@babel/plugin-transform-block-scoped-functions/-/plugin-transform-block-scoped-functions-7.26.5.tgz 0ms (cache hit)
2146 http cache @babel/plugin-transform-arrow-functions@https://pkgs.dev.azure.com/krossk/_packaging/Kros.Npm/npm/registry/@babel/plugin-transform-arrow-functions/-/plugin-transform-arrow-functions-7.25.9.tgz 0ms (cache hit)
2147 http cache @babel/plugin-transform-async-generator-functions@https://pkgs.dev.azure.com/krossk/_packaging/Kros.Npm/npm/registry/@babel/plugin-transform-async-generator-functions/-/plugin-transform-async-generator-functions-7.26.8.tgz 0ms (cache hit)
2148 http cache @babel/plugin-syntax-unicode-sets-regex@https://pkgs.dev.azure.com/krossk/_packaging/Kros.Npm/npm/registry/@babel/plugin-syntax-unicode-sets-regex/-/plugin-syntax-unicode-sets-regex-7.18.6.tgz 0ms (cache hit)
2149 http cache @babel/plugin-syntax-top-level-await@https://pkgs.dev.azure.com/krossk/_packaging/Kros.Npm/npm/registry/@babel/plugin-syntax-top-level-await/-/plugin-syntax-top-level-await-7.14.5.tgz 0ms (cache hit)
2150 http cache @babel/plugin-syntax-private-property-in-object@https://pkgs.dev.azure.com/krossk/_packaging/Kros.Npm/npm/registry/@babel/plugin-syntax-private-property-in-object/-/plugin-syntax-private-property-in-object-7.14.5.tgz 0ms (cache hit)
2151 http cache @babel/plugin-syntax-typescript@https://pkgs.dev.azure.com/krossk/_packaging/Kros.Npm/npm/registry/@babel/plugin-syntax-typescript/-/plugin-syntax-typescript-7.25.9.tgz 0ms (cache hit)
2152 http cache @babel/plugin-syntax-optional-catch-binding@https://pkgs.dev.azure.com/krossk/_packaging/Kros.Npm/npm/registry/@babel/plugin-syntax-optional-catch-binding/-/plugin-syntax-optional-catch-binding-7.8.3.tgz 0ms (cache hit)
2153 http cache @babel/plugin-syntax-optional-chaining@https://pkgs.dev.azure.com/krossk/_packaging/Kros.Npm/npm/registry/@babel/plugin-syntax-optional-chaining/-/plugin-syntax-optional-chaining-7.8.3.tgz 0ms (cache hit)
2154 http cache @babel/plugin-syntax-object-rest-spread@https://pkgs.dev.azure.com/krossk/_packaging/Kros.Npm/npm/registry/@babel/plugin-syntax-object-rest-spread/-/plugin-syntax-object-rest-spread-7.8.3.tgz 0ms (cache hit)
2155 http cache @babel/plugin-syntax-nullish-coalescing-operator@https://pkgs.dev.azure.com/krossk/_packaging/Kros.Npm/npm/registry/@babel/plugin-syntax-nullish-coalescing-operator/-/plugin-syntax-nullish-coalescing-operator-7.8.3.tgz 0ms (cache hit)
2156 http cache @babel/plugin-syntax-logical-assignment-operators@https://pkgs.dev.azure.com/krossk/_packaging/Kros.Npm/npm/registry/@babel/plugin-syntax-logical-assignment-operators/-/plugin-syntax-logical-assignment-operators-7.10.4.tgz 0ms (cache hit)
2157 http cache @babel/plugin-syntax-numeric-separator@https://pkgs.dev.azure.com/krossk/_packaging/Kros.Npm/npm/registry/@babel/plugin-syntax-numeric-separator/-/plugin-syntax-numeric-separator-7.10.4.tgz 0ms (cache hit)
2158 http cache @babel/plugin-syntax-jsx@https://pkgs.dev.azure.com/krossk/_packaging/Kros.Npm/npm/registry/@babel/plugin-syntax-jsx/-/plugin-syntax-jsx-7.25.9.tgz 0ms (cache hit)
2159 http cache @babel/plugin-syntax-json-strings@https://pkgs.dev.azure.com/krossk/_packaging/Kros.Npm/npm/registry/@babel/plugin-syntax-json-strings/-/plugin-syntax-json-strings-7.8.3.tgz 0ms (cache hit)
2160 http cache @babel/plugin-syntax-import-meta@https://pkgs.dev.azure.com/krossk/_packaging/Kros.Npm/npm/registry/@babel/plugin-syntax-import-meta/-/plugin-syntax-import-meta-7.10.4.tgz 0ms (cache hit)
2161 http cache @babel/plugin-syntax-decorators@https://pkgs.dev.azure.com/krossk/_packaging/Kros.Npm/npm/registry/@babel/plugin-syntax-decorators/-/plugin-syntax-decorators-7.25.9.tgz 0ms (cache hit)
2162 http cache @babel/plugin-syntax-import-assertions@https://pkgs.dev.azure.com/krossk/_packaging/Kros.Npm/npm/registry/@babel/plugin-syntax-import-assertions/-/plugin-syntax-import-assertions-7.26.0.tgz 0ms (cache hit)
2163 http cache @babel/plugin-syntax-import-attributes@https://pkgs.dev.azure.com/krossk/_packaging/Kros.Npm/npm/registry/@babel/plugin-syntax-import-attributes/-/plugin-syntax-import-attributes-7.26.0.tgz 0ms (cache hit)
2164 http cache @babel/plugin-syntax-class-static-block@https://pkgs.dev.azure.com/krossk/_packaging/Kros.Npm/npm/registry/@babel/plugin-syntax-class-static-block/-/plugin-syntax-class-static-block-7.14.5.tgz 0ms (cache hit)
2165 http cache @babel/plugin-syntax-class-properties@https://pkgs.dev.azure.com/krossk/_packaging/Kros.Npm/npm/registry/@babel/plugin-syntax-class-properties/-/plugin-syntax-class-properties-7.12.13.tgz 0ms (cache hit)
2166 http cache @babel/plugin-syntax-bigint@https://pkgs.dev.azure.com/krossk/_packaging/Kros.Npm/npm/registry/@babel/plugin-syntax-bigint/-/plugin-syntax-bigint-7.8.3.tgz 0ms (cache hit)
2167 http cache @babel/plugin-proposal-decorators@https://pkgs.dev.azure.com/krossk/_packaging/Kros.Npm/npm/registry/@babel/plugin-proposal-decorators/-/plugin-proposal-decorators-7.25.9.tgz 0ms (cache hit)
2168 http cache @babel/plugin-proposal-private-property-in-object@https://pkgs.dev.azure.com/krossk/_packaging/Kros.Npm/npm/registry/@babel/plugin-proposal-private-property-in-object/-/plugin-proposal-private-property-in-object-7.21.0-placeholder-for-preset-env.2.tgz 0ms (cache hit)
2169 http cache @babel/plugin-syntax-async-generators@https://pkgs.dev.azure.com/krossk/_packaging/Kros.Npm/npm/registry/@babel/plugin-syntax-async-generators/-/plugin-syntax-async-generators-7.8.4.tgz 0ms (cache hit)
2170 http cache @babel/plugin-bugfix-v8-static-class-fields-redefine-readonly@https://pkgs.dev.azure.com/krossk/_packaging/Kros.Npm/npm/registry/@babel/plugin-bugfix-v8-static-class-fields-redefine-readonly/-/plugin-bugfix-v8-static-class-fields-redefine-readonly-7.25.9.tgz 0ms (cache hit)
2171 http cache @babel/plugin-bugfix-v8-spread-parameters-in-optional-chaining@https://pkgs.dev.azure.com/krossk/_packaging/Kros.Npm/npm/registry/@babel/plugin-bugfix-v8-spread-parameters-in-optional-chaining/-/plugin-bugfix-v8-spread-parameters-in-optional-chaining-7.25.9.tgz 0ms (cache hit)
2172 http cache @babel/plugin-bugfix-safari-id-destructuring-collision-in-function-expression@https://pkgs.dev.azure.com/krossk/_packaging/Kros.Npm/npm/registry/@babel/plugin-bugfix-safari-id-destructuring-collision-in-function-expression/-/plugin-bugfix-safari-id-destructuring-collision-in-function-expression-7.25.9.tgz 0ms (cache hit)
2173 http cache @babel/parser@https://pkgs.dev.azure.com/krossk/_packaging/Kros.Npm/npm/registry/@babel/parser/-/parser-7.27.2.tgz 0ms (cache hit)
2174 http cache @babel/plugin-bugfix-firefox-class-in-computed-class-key@https://pkgs.dev.azure.com/krossk/_packaging/Kros.Npm/npm/registry/@babel/plugin-bugfix-firefox-class-in-computed-class-key/-/plugin-bugfix-firefox-class-in-computed-class-key-7.25.9.tgz 0ms (cache hit)
2175 http cache @babel/plugin-bugfix-safari-class-field-initializer-scope@https://pkgs.dev.azure.com/krossk/_packaging/Kros.Npm/npm/registry/@babel/plugin-bugfix-safari-class-field-initializer-scope/-/plugin-bugfix-safari-class-field-initializer-scope-7.25.9.tgz 0ms (cache hit)
2176 http cache @babel/helpers@https://pkgs.dev.azure.com/krossk/_packaging/Kros.Npm/npm/registry/@babel/helpers/-/helpers-7.26.10.tgz 0ms (cache hit)
2177 http cache @babel/helper-wrap-function@https://pkgs.dev.azure.com/krossk/_packaging/Kros.Npm/npm/registry/@babel/helper-wrap-function/-/helper-wrap-function-7.25.9.tgz 0ms (cache hit)
2178 http cache @babel/helper-validator-option@https://pkgs.dev.azure.com/krossk/_packaging/Kros.Npm/npm/registry/@babel/helper-validator-option/-/helper-validator-option-7.25.9.tgz 0ms (cache hit)
2179 http cache @babel/helper-string-parser@https://pkgs.dev.azure.com/krossk/_packaging/Kros.Npm/npm/registry/@babel/helper-string-parser/-/helper-string-parser-7.27.1.tgz 0ms (cache hit)
2180 http cache @babel/helper-validator-identifier@https://pkgs.dev.azure.com/krossk/_packaging/Kros.Npm/npm/registry/@babel/helper-validator-identifier/-/helper-validator-identifier-7.27.1.tgz 0ms (cache hit)
2181 http cache @babel/helper-split-export-declaration@https://pkgs.dev.azure.com/krossk/_packaging/Kros.Npm/npm/registry/@babel/helper-split-export-declaration/-/helper-split-export-declaration-7.24.7.tgz 0ms (cache hit)
2182 http cache @babel/helper-skip-transparent-expression-wrappers@https://pkgs.dev.azure.com/krossk/_packaging/Kros.Npm/npm/registry/@babel/helper-skip-transparent-expression-wrappers/-/helper-skip-transparent-expression-wrappers-7.25.9.tgz 0ms (cache hit)
2183 http cache @babel/helper-replace-supers@https://pkgs.dev.azure.com/krossk/_packaging/Kros.Npm/npm/registry/@babel/helper-replace-supers/-/helper-replace-supers-7.26.5.tgz 0ms (cache hit)
2184 http cache @babel/helper-plugin-utils@https://pkgs.dev.azure.com/krossk/_packaging/Kros.Npm/npm/registry/@babel/helper-plugin-utils/-/helper-plugin-utils-7.26.5.tgz 0ms (cache hit)
2185 http cache @babel/helper-optimise-call-expression@https://pkgs.dev.azure.com/krossk/_packaging/Kros.Npm/npm/registry/@babel/helper-optimise-call-expression/-/helper-optimise-call-expression-7.25.9.tgz 0ms (cache hit)
2186 http cache @babel/helper-remap-async-to-generator@https://pkgs.dev.azure.com/krossk/_packaging/Kros.Npm/npm/registry/@babel/helper-remap-async-to-generator/-/helper-remap-async-to-generator-7.25.9.tgz 0ms (cache hit)
2187 http cache @babel/helper-module-imports@https://pkgs.dev.azure.com/krossk/_packaging/Kros.Npm/npm/registry/@babel/helper-module-imports/-/helper-module-imports-7.25.9.tgz 0ms (cache hit)
2188 http cache @babel/helper-module-transforms@https://pkgs.dev.azure.com/krossk/_packaging/Kros.Npm/npm/registry/@babel/helper-module-transforms/-/helper-module-transforms-7.26.0.tgz 0ms (cache hit)
2189 http cache @babel/helper-member-expression-to-functions@https://pkgs.dev.azure.com/krossk/_packaging/Kros.Npm/npm/registry/@babel/helper-member-expression-to-functions/-/helper-member-expression-to-functions-7.25.9.tgz 0ms (cache hit)
2190 http cache @babel/helper-create-regexp-features-plugin@https://pkgs.dev.azure.com/krossk/_packaging/Kros.Npm/npm/registry/@babel/helper-create-regexp-features-plugin/-/helper-create-regexp-features-plugin-7.26.3.tgz 0ms (cache hit)
2191 http cache @babel/helper-create-class-features-plugin@https://pkgs.dev.azure.com/krossk/_packaging/Kros.Npm/npm/registry/@babel/helper-create-class-features-plugin/-/helper-create-class-features-plugin-7.25.9.tgz 0ms (cache hit)
2192 http cache @babel/helper-define-polyfill-provider@https://pkgs.dev.azure.com/krossk/_packaging/Kros.Npm/npm/registry/@babel/helper-define-polyfill-provider/-/helper-define-polyfill-provider-0.6.3.tgz 0ms (cache hit)
2193 http cache @babel/helper-annotate-as-pure@https://pkgs.dev.azure.com/krossk/_packaging/Kros.Npm/npm/registry/@babel/helper-annotate-as-pure/-/helper-annotate-as-pure-7.25.9.tgz 0ms (cache hit)
2194 http cache @babel/helper-compilation-targets@https://pkgs.dev.azure.com/krossk/_packaging/Kros.Npm/npm/registry/@babel/helper-compilation-targets/-/helper-compilation-targets-7.26.5.tgz 0ms (cache hit)
2195 http cache @babel/generator@https://pkgs.dev.azure.com/krossk/_packaging/Kros.Npm/npm/registry/@babel/generator/-/generator-7.26.10.tgz 0ms (cache hit)
2196 http cache @babel/compat-data@https://pkgs.dev.azure.com/krossk/_packaging/Kros.Npm/npm/registry/@babel/compat-data/-/compat-data-7.26.8.tgz 0ms (cache hit)
2197 http cache @babel/core@https://pkgs.dev.azure.com/krossk/_packaging/Kros.Npm/npm/registry/@babel/core/-/core-7.26.9.tgz 0ms (cache hit)
2198 http cache @babel/code-frame@https://pkgs.dev.azure.com/krossk/_packaging/Kros.Npm/npm/registry/@babel/code-frame/-/code-frame-7.26.2.tgz 0ms (cache hit)
2199 http cache @azure/storage-blob@https://pkgs.dev.azure.com/krossk/_packaging/Kros.Npm/npm/registry/@azure/storage-blob/-/storage-blob-12.26.0.tgz 0ms (cache hit)
2200 http cache @azure/msal-node@https://pkgs.dev.azure.com/krossk/_packaging/Kros.Npm/npm/registry/@azure/msal-node/-/msal-node-2.16.2.tgz 0ms (cache hit)
2201 http cache @azure/msal-browser@https://pkgs.dev.azure.com/krossk/_packaging/Kros.Npm/npm/registry/@azure/msal-browser/-/msal-browser-3.28.1.tgz 0ms (cache hit)
2202 http cache @azure/identity@https://pkgs.dev.azure.com/krossk/_packaging/Kros.Npm/npm/registry/@azure/identity/-/identity-4.5.0.tgz 0ms (cache hit)
2203 http cache @azure/logger@https://pkgs.dev.azure.com/krossk/_packaging/Kros.Npm/npm/registry/@azure/logger/-/logger-1.1.4.tgz 0ms (cache hit)
2204 http cache @azure/msal-common@https://pkgs.dev.azure.com/krossk/_packaging/Kros.Npm/npm/registry/@azure/msal-common/-/msal-common-14.16.0.tgz 0ms (cache hit)
2205 http cache @azure/core-util@https://pkgs.dev.azure.com/krossk/_packaging/Kros.Npm/npm/registry/@azure/core-util/-/core-util-1.11.0.tgz 0ms (cache hit)
2206 http cache @azure/core-xml@https://pkgs.dev.azure.com/krossk/_packaging/Kros.Npm/npm/registry/@azure/core-xml/-/core-xml-1.4.4.tgz 0ms (cache hit)
2207 http cache @azure/core-tracing@https://pkgs.dev.azure.com/krossk/_packaging/Kros.Npm/npm/registry/@azure/core-tracing/-/core-tracing-1.2.0.tgz 0ms (cache hit)
2208 http cache @azure/core-paging@https://pkgs.dev.azure.com/krossk/_packaging/Kros.Npm/npm/registry/@azure/core-paging/-/core-paging-1.6.2.tgz 0ms (cache hit)
2209 http cache @azure/core-rest-pipeline@https://pkgs.dev.azure.com/krossk/_packaging/Kros.Npm/npm/registry/@azure/core-rest-pipeline/-/core-rest-pipeline-1.18.2.tgz 0ms (cache hit)
2210 http cache @azure/core-lro@https://pkgs.dev.azure.com/krossk/_packaging/Kros.Npm/npm/registry/@azure/core-lro/-/core-lro-2.7.2.tgz 0ms (cache hit)
2211 http cache @azure/core-http-compat@https://pkgs.dev.azure.com/krossk/_packaging/Kros.Npm/npm/registry/@azure/core-http-compat/-/core-http-compat-2.1.2.tgz 0ms (cache hit)
2212 http cache @azure/core-client@https://pkgs.dev.azure.com/krossk/_packaging/Kros.Npm/npm/registry/@azure/core-client/-/core-client-1.9.2.tgz 0ms (cache hit)
2213 http cache @angular/service-worker@https://pkgs.dev.azure.com/krossk/_packaging/Kros.Npm/npm/registry/@angular/service-worker/-/service-worker-19.2.2.tgz 0ms (cache hit)
2214 http cache @azure/abort-controller@https://pkgs.dev.azure.com/krossk/_packaging/Kros.Npm/npm/registry/@azure/abort-controller/-/abort-controller-2.1.2.tgz 0ms (cache hit)
2215 http cache @angular/router@https://pkgs.dev.azure.com/krossk/_packaging/Kros.Npm/npm/registry/@angular/router/-/router-19.2.2.tgz 0ms (cache hit)
2216 http cache @azure/core-auth@https://pkgs.dev.azure.com/krossk/_packaging/Kros.Npm/npm/registry/@azure/core-auth/-/core-auth-1.9.0.tgz 0ms (cache hit)
2217 http cache @angular/platform-browser@https://pkgs.dev.azure.com/krossk/_packaging/Kros.Npm/npm/registry/@angular/platform-browser/-/platform-browser-19.2.2.tgz 0ms (cache hit)
2218 http cache @angular/platform-browser-dynamic@https://pkgs.dev.azure.com/krossk/_packaging/Kros.Npm/npm/registry/@angular/platform-browser-dynamic/-/platform-browser-dynamic-19.2.2.tgz 0ms (cache hit)
2219 http cache @angular/pwa@https://pkgs.dev.azure.com/krossk/_packaging/Kros.Npm/npm/registry/@angular/pwa/-/pwa-19.2.3.tgz 0ms (cache hit)
2220 http cache @angular/material@https://pkgs.dev.azure.com/krossk/_packaging/Kros.Npm/npm/registry/@angular/material/-/material-19.2.3.tgz 0ms (cache hit)
2221 http cache @angular/localize@https://pkgs.dev.azure.com/krossk/_packaging/Kros.Npm/npm/registry/@angular/localize/-/localize-19.2.2.tgz 0ms (cache hit)
2222 http cache @angular/language-service@https://pkgs.dev.azure.com/krossk/_packaging/Kros.Npm/npm/registry/@angular/language-service/-/language-service-19.2.2.tgz 0ms (cache hit)
2223 http cache @angular/forms@https://pkgs.dev.azure.com/krossk/_packaging/Kros.Npm/npm/registry/@angular/forms/-/forms-19.2.2.tgz 0ms (cache hit)
2224 http cache @angular/core@https://pkgs.dev.azure.com/krossk/_packaging/Kros.Npm/npm/registry/@angular/core/-/core-19.2.2.tgz 0ms (cache hit)
2225 http cache @angular/elements@https://pkgs.dev.azure.com/krossk/_packaging/Kros.Npm/npm/registry/@angular/elements/-/elements-19.2.2.tgz 0ms (cache hit)
2226 http cache @angular/compiler-cli@https://pkgs.dev.azure.com/krossk/_packaging/Kros.Npm/npm/registry/@angular/compiler-cli/-/compiler-cli-19.2.2.tgz 0ms (cache hit)
2227 http cache @angular/common@https://pkgs.dev.azure.com/krossk/_packaging/Kros.Npm/npm/registry/@angular/common/-/common-19.2.2.tgz 0ms (cache hit)
2228 http cache @angular/compiler@https://pkgs.dev.azure.com/krossk/_packaging/Kros.Npm/npm/registry/@angular/compiler/-/compiler-19.2.2.tgz 0ms (cache hit)
2229 http cache @angular/build@https://pkgs.dev.azure.com/krossk/_packaging/Kros.Npm/npm/registry/@angular/build/-/build-19.2.3.tgz 0ms (cache hit)
2230 http cache @angular/cdk@https://pkgs.dev.azure.com/krossk/_packaging/Kros.Npm/npm/registry/@angular/cdk/-/cdk-19.2.3.tgz 0ms (cache hit)
2231 http cache @angular/cli@https://pkgs.dev.azure.com/krossk/_packaging/Kros.Npm/npm/registry/@angular/cli/-/cli-19.2.3.tgz 0ms (cache hit)
2232 http cache @angular/animations@https://pkgs.dev.azure.com/krossk/_packaging/Kros.Npm/npm/registry/@angular/animations/-/animations-19.2.2.tgz 0ms (cache hit)
2233 http cache @angular-eslint/utils@https://pkgs.dev.azure.com/krossk/_packaging/Kros.Npm/npm/registry/@angular-eslint/utils/-/utils-19.2.1.tgz 0ms (cache hit)
2234 http cache @angular-eslint/template-parser@https://pkgs.dev.azure.com/krossk/_packaging/Kros.Npm/npm/registry/@angular-eslint/template-parser/-/template-parser-19.2.1.tgz 0ms (cache hit)
2235 http cache @angular-eslint/eslint-plugin-template@https://pkgs.dev.azure.com/krossk/_packaging/Kros.Npm/npm/registry/@angular-eslint/eslint-plugin-template/-/eslint-plugin-template-19.2.1.tgz 0ms (cache hit)
2236 http cache @angular-eslint/schematics@https://pkgs.dev.azure.com/krossk/_packaging/Kros.Npm/npm/registry/@angular-eslint/schematics/-/schematics-19.2.1.tgz 0ms (cache hit)
2237 http cache @angular-eslint/eslint-plugin@https://pkgs.dev.azure.com/krossk/_packaging/Kros.Npm/npm/registry/@angular-eslint/eslint-plugin/-/eslint-plugin-19.2.1.tgz 0ms (cache hit)
2238 http cache @angular-eslint/bundled-angular-compiler@https://pkgs.dev.azure.com/krossk/_packaging/Kros.Npm/npm/registry/@angular-eslint/bundled-angular-compiler/-/bundled-angular-compiler-19.2.1.tgz 0ms (cache hit)
2239 http cache @angular-eslint/builder@https://pkgs.dev.azure.com/krossk/_packaging/Kros.Npm/npm/registry/@angular-eslint/builder/-/builder-19.2.1.tgz 0ms (cache hit)
2240 http cache @angular-devkit/core@https://pkgs.dev.azure.com/krossk/_packaging/Kros.Npm/npm/registry/@angular-devkit/core/-/core-19.2.3.tgz 0ms (cache hit)
2241 http cache @angular-devkit/build-webpack@https://pkgs.dev.azure.com/krossk/_packaging/Kros.Npm/npm/registry/@angular-devkit/build-webpack/-/build-webpack-0.1902.3.tgz 0ms (cache hit)
2242 http cache @angular-devkit/build-angular@https://pkgs.dev.azure.com/krossk/_packaging/Kros.Npm/npm/registry/@angular-devkit/build-angular/-/build-angular-19.2.3.tgz 0ms (cache hit)
2243 http cache @angular-devkit/architect@https://pkgs.dev.azure.com/krossk/_packaging/Kros.Npm/npm/registry/@angular-devkit/architect/-/architect-0.1902.3.tgz 0ms (cache hit)
2244 http cache @angular-devkit/schematics@https://pkgs.dev.azure.com/krossk/_packaging/Kros.Npm/npm/registry/@angular-devkit/schematics/-/schematics-19.2.3.tgz 0ms (cache hit)
2245 http cache @ampproject/remapping@https://pkgs.dev.azure.com/krossk/_packaging/Kros.Npm/npm/registry/@ampproject/remapping/-/remapping-2.3.0.tgz 0ms (cache hit)
2246 http cache @angular-architects/ngrx-toolkit@https://pkgs.dev.azure.com/krossk/_packaging/Kros.Npm/npm/registry/@angular-architects/ngrx-toolkit/-/ngrx-toolkit-19.0.2.tgz 0ms (cache hit)
2247 http cache @adobe/css-tools@https://pkgs.dev.azure.com/krossk/_packaging/Kros.Npm/npm/registry/@adobe/css-tools/-/css-tools-4.3.3.tgz 0ms (cache hit)
2248 http cache archiver-utils@https://pkgs.dev.azure.com/krossk/_packaging/Kros.Npm/npm/registry/archiver-utils/-/archiver-utils-3.0.4.tgz 0ms (cache hit)
2249 http cache flat@https://pkgs.dev.azure.com/krossk/_packaging/Kros.Npm/npm/registry/flat/-/flat-5.0.2.tgz 0ms (cache hit)
2250 http cache signal-exit@https://pkgs.dev.azure.com/krossk/_packaging/Kros.Npm/npm/registry/signal-exit/-/signal-exit-3.0.7.tgz 0ms (cache hit)
2251 http cache readdirp@https://pkgs.dev.azure.com/krossk/_packaging/Kros.Npm/npm/registry/readdirp/-/readdirp-3.6.0.tgz 0ms (cache hit)
2252 http cache xmlbuilder@https://pkgs.dev.azure.com/krossk/_packaging/Kros.Npm/npm/registry/xmlbuilder/-/xmlbuilder-11.0.1.tgz 0ms (cache hit)
2253 http cache ws@https://pkgs.dev.azure.com/krossk/_packaging/Kros.Npm/npm/registry/ws/-/ws-8.18.0.tgz 0ms (cache hit)
2254 http cache is-plain-obj@https://pkgs.dev.azure.com/krossk/_packaging/Kros.Npm/npm/registry/is-plain-obj/-/is-plain-obj-3.0.0.tgz 0ms (cache hit)
2255 http cache picomatch@https://pkgs.dev.azure.com/krossk/_packaging/Kros.Npm/npm/registry/picomatch/-/picomatch-2.3.1.tgz 0ms (cache hit)
2256 http cache ipaddr.js@https://pkgs.dev.azure.com/krossk/_packaging/Kros.Npm/npm/registry/ipaddr.js/-/ipaddr.js-2.2.0.tgz 0ms (cache hit)
2257 http cache glob-parent@https://pkgs.dev.azure.com/krossk/_packaging/Kros.Npm/npm/registry/glob-parent/-/glob-parent-5.1.2.tgz 0ms (cache hit)
2258 http cache http-proxy-middleware@https://pkgs.dev.azure.com/krossk/_packaging/Kros.Npm/npm/registry/http-proxy-middleware/-/http-proxy-middleware-2.0.7.tgz 0ms (cache hit)
2259 http cache chokidar@https://pkgs.dev.azure.com/krossk/_packaging/Kros.Npm/npm/registry/chokidar/-/chokidar-3.6.0.tgz 0ms (cache hit)
2260 http cache estraverse@https://pkgs.dev.azure.com/krossk/_packaging/Kros.Npm/npm/registry/estraverse/-/estraverse-4.3.0.tgz 0ms (cache hit)
2261 http cache memfs@https://pkgs.dev.azure.com/krossk/_packaging/Kros.Npm/npm/registry/memfs/-/memfs-4.17.0.tgz 0ms (cache hit)
2262 http cache json-parse-even-better-errors@https://pkgs.dev.azure.com/krossk/_packaging/Kros.Npm/npm/registry/json-parse-even-better-errors/-/json-parse-even-better-errors-2.3.1.tgz 0ms (cache hit)
2263 http cache enhanced-resolve@https://pkgs.dev.azure.com/krossk/_packaging/Kros.Npm/npm/registry/enhanced-resolve/-/enhanced-resolve-5.18.1.tgz 0ms (cache hit)
2264 http cache eslint-scope@https://pkgs.dev.azure.com/krossk/_packaging/Kros.Npm/npm/registry/eslint-scope/-/eslint-scope-5.1.1.tgz 0ms (cache hit)
2265 http cache supports-color@https://pkgs.dev.azure.com/krossk/_packaging/Kros.Npm/npm/registry/supports-color/-/supports-color-2.0.0.tgz 0ms (cache hit)
2266 http cache semver@https://pkgs.dev.azure.com/krossk/_packaging/Kros.Npm/npm/registry/semver/-/semver-5.7.2.tgz 0ms (cache hit)
2267 http cache strip-ansi@https://pkgs.dev.azure.com/krossk/_packaging/Kros.Npm/npm/registry/strip-ansi/-/strip-ansi-3.0.1.tgz 0ms (cache hit)
2268 http cache rimraf@https://pkgs.dev.azure.com/krossk/_packaging/Kros.Npm/npm/registry/rimraf/-/rimraf-2.7.1.tgz 0ms (cache hit)
2269 http cache ini@https://pkgs.dev.azure.com/krossk/_packaging/Kros.Npm/npm/registry/ini/-/ini-1.3.8.tgz 0ms (cache hit)
2270 http cache escape-string-regexp@https://pkgs.dev.azure.com/krossk/_packaging/Kros.Npm/npm/registry/escape-string-regexp/-/escape-string-regexp-1.0.5.tgz 0ms (cache hit)
2271 http cache chalk@https://pkgs.dev.azure.com/krossk/_packaging/Kros.Npm/npm/registry/chalk/-/chalk-1.1.3.tgz 0ms (cache hit)
2272 http cache ansi-styles@https://pkgs.dev.azure.com/krossk/_packaging/Kros.Npm/npm/registry/ansi-styles/-/ansi-styles-2.2.1.tgz 0ms (cache hit)
2273 http cache defaults@https://pkgs.dev.azure.com/krossk/_packaging/Kros.Npm/npm/registry/defaults/-/defaults-1.0.4.tgz 0ms (cache hit)
2274 http cache ansi-regex@https://pkgs.dev.azure.com/krossk/_packaging/Kros.Npm/npm/registry/ansi-regex/-/ansi-regex-2.1.1.tgz 0ms (cache hit)
2275 http cache postcss@https://pkgs.dev.azure.com/krossk/_packaging/Kros.Npm/npm/registry/postcss/-/postcss-8.5.3.tgz 0ms (cache hit)
2276 http cache nanoid@https://pkgs.dev.azure.com/krossk/_packaging/Kros.Npm/npm/registry/nanoid/-/nanoid-3.3.10.tgz 0ms (cache hit)
2277 http cache convert-source-map@https://pkgs.dev.azure.com/krossk/_packaging/Kros.Npm/npm/registry/convert-source-map/-/convert-source-map-2.0.0.tgz 0ms (cache hit)
2278 http cache punycode@https://pkgs.dev.azure.com/krossk/_packaging/Kros.Npm/npm/registry/punycode/-/punycode-2.3.1.tgz 0ms (cache hit)
2279 http cache string_decoder@https://pkgs.dev.azure.com/krossk/_packaging/Kros.Npm/npm/registry/string_decoder/-/string_decoder-1.1.1.tgz 0ms (cache hit)
2280 http cache safe-buffer@https://pkgs.dev.azure.com/krossk/_packaging/Kros.Npm/npm/registry/safe-buffer/-/safe-buffer-5.1.2.tgz 0ms (cache hit)
2281 http cache readable-stream@https://pkgs.dev.azure.com/krossk/_packaging/Kros.Npm/npm/registry/readable-stream/-/readable-stream-2.3.8.tgz 0ms (cache hit)
2282 http cache isarray@https://pkgs.dev.azure.com/krossk/_packaging/Kros.Npm/npm/registry/isarray/-/isarray-1.0.0.tgz 0ms (cache hit)
2283 http cache bluebird@https://pkgs.dev.azure.com/krossk/_packaging/Kros.Npm/npm/registry/bluebird/-/bluebird-3.4.7.tgz 0ms (cache hit)
2284 http cache strip-bom@https://pkgs.dev.azure.com/krossk/_packaging/Kros.Npm/npm/registry/strip-bom/-/strip-bom-3.0.0.tgz 0ms (cache hit)
2285 http cache enhanced-resolve@https://pkgs.dev.azure.com/krossk/_packaging/Kros.Npm/npm/registry/enhanced-resolve/-/enhanced-resolve-5.18.1.tgz 0ms (cache hit)
2286 http cache supports-color@https://pkgs.dev.azure.com/krossk/_packaging/Kros.Npm/npm/registry/supports-color/-/supports-color-5.5.0.tgz 0ms (cache hit)
2287 http cache strip-bom@https://pkgs.dev.azure.com/krossk/_packaging/Kros.Npm/npm/registry/strip-bom/-/strip-bom-3.0.0.tgz 0ms (cache hit)
2288 http cache strip-json-comments@https://pkgs.dev.azure.com/krossk/_packaging/Kros.Npm/npm/registry/strip-json-comments/-/strip-json-comments-2.0.1.tgz 0ms (cache hit)
2289 http cache loader-utils@https://pkgs.dev.azure.com/krossk/_packaging/Kros.Npm/npm/registry/loader-utils/-/loader-utils-1.4.2.tgz 0ms (cache hit)
2290 http cache semver@https://pkgs.dev.azure.com/krossk/_packaging/Kros.Npm/npm/registry/semver/-/semver-6.3.1.tgz 0ms (cache hit)
2291 http cache json5@https://pkgs.dev.azure.com/krossk/_packaging/Kros.Npm/npm/registry/json5/-/json5-1.0.2.tgz 0ms (cache hit)
2292 http cache escape-string-regexp@https://pkgs.dev.azure.com/krossk/_packaging/Kros.Npm/npm/registry/escape-string-regexp/-/escape-string-regexp-1.0.5.tgz 0ms (cache hit)
2293 http cache color-name@https://pkgs.dev.azure.com/krossk/_packaging/Kros.Npm/npm/registry/color-name/-/color-name-1.1.3.tgz 0ms (cache hit)
2294 http cache has-flag@https://pkgs.dev.azure.com/krossk/_packaging/Kros.Npm/npm/registry/has-flag/-/has-flag-3.0.0.tgz 0ms (cache hit)
2295 http cache color-convert@https://pkgs.dev.azure.com/krossk/_packaging/Kros.Npm/npm/registry/color-convert/-/color-convert-1.9.3.tgz 0ms (cache hit)
2296 http cache chalk@https://pkgs.dev.azure.com/krossk/_packaging/Kros.Npm/npm/registry/chalk/-/chalk-2.4.2.tgz 0ms (cache hit)
2297 http cache readdirp@https://pkgs.dev.azure.com/krossk/_packaging/Kros.Npm/npm/registry/readdirp/-/readdirp-3.6.0.tgz 0ms (cache hit)
2298 http cache ansi-styles@https://pkgs.dev.azure.com/krossk/_packaging/Kros.Npm/npm/registry/ansi-styles/-/ansi-styles-3.2.1.tgz 0ms (cache hit)
2299 http cache picomatch@https://pkgs.dev.azure.com/krossk/_packaging/Kros.Npm/npm/registry/picomatch/-/picomatch-2.3.1.tgz 0ms (cache hit)
2300 http cache minimatch@https://pkgs.dev.azure.com/krossk/_packaging/Kros.Npm/npm/registry/minimatch/-/minimatch-9.0.5.tgz 0ms (cache hit)
2301 http cache memfs@https://pkgs.dev.azure.com/krossk/_packaging/Kros.Npm/npm/registry/memfs/-/memfs-4.17.2.tgz 0ms (cache hit)
2302 http cache chokidar@https://pkgs.dev.azure.com/krossk/_packaging/Kros.Npm/npm/registry/chokidar/-/chokidar-3.6.0.tgz 0ms (cache hit)
2303 http cache glob-parent@https://pkgs.dev.azure.com/krossk/_packaging/Kros.Npm/npm/registry/glob-parent/-/glob-parent-5.1.2.tgz 0ms (cache hit)
2304 http cache punycode@https://pkgs.dev.azure.com/krossk/_packaging/Kros.Npm/npm/registry/punycode/-/punycode-2.3.1.tgz 0ms (cache hit)
2305 http cache minimatch@https://pkgs.dev.azure.com/krossk/_packaging/Kros.Npm/npm/registry/minimatch/-/minimatch-3.1.2.tgz 0ms (cache hit)
2306 http cache brace-expansion@https://pkgs.dev.azure.com/krossk/_packaging/Kros.Npm/npm/registry/brace-expansion/-/brace-expansion-1.1.11.tgz 0ms (cache hit)
2307 http cache supports-color@https://pkgs.dev.azure.com/krossk/_packaging/Kros.Npm/npm/registry/supports-color/-/supports-color-8.1.1.tgz 0ms (cache hit)
2308 http cache tar-stream@https://pkgs.dev.azure.com/krossk/_packaging/Kros.Npm/npm/registry/tar-stream/-/tar-stream-2.2.0.tgz 0ms (cache hit)
2309 http cache commander@https://pkgs.dev.azure.com/krossk/_packaging/Kros.Npm/npm/registry/commander/-/commander-2.20.3.tgz 0ms (cache hit)
2310 http cache jest-worker@https://pkgs.dev.azure.com/krossk/_packaging/Kros.Npm/npm/registry/jest-worker/-/jest-worker-27.5.1.tgz 0ms (cache hit)
2311 http cache yallist@https://pkgs.dev.azure.com/krossk/_packaging/Kros.Npm/npm/registry/yallist/-/yallist-4.0.0.tgz 0ms (cache hit)
2312 http cache chownr@https://pkgs.dev.azure.com/krossk/_packaging/Kros.Npm/npm/registry/chownr/-/chownr-1.1.4.tgz 0ms (cache hit)
2313 http cache minizlib@https://pkgs.dev.azure.com/krossk/_packaging/Kros.Npm/npm/registry/minizlib/-/minizlib-2.1.2.tgz 0ms (cache hit)
2314 http cache minipass@https://pkgs.dev.azure.com/krossk/_packaging/Kros.Npm/npm/registry/minipass/-/minipass-5.0.0.tgz 0ms (cache hit)
2315 http cache minipass@https://pkgs.dev.azure.com/krossk/_packaging/Kros.Npm/npm/registry/minipass/-/minipass-3.3.6.tgz 0ms (cache hit)
2316 http cache fs-minipass@https://pkgs.dev.azure.com/krossk/_packaging/Kros.Npm/npm/registry/fs-minipass/-/fs-minipass-2.1.0.tgz 0ms (cache hit)
2317 http cache minipass@https://pkgs.dev.azure.com/krossk/_packaging/Kros.Npm/npm/registry/minipass/-/minipass-3.3.6.tgz 0ms (cache hit)
2318 http cache commander@https://pkgs.dev.azure.com/krossk/_packaging/Kros.Npm/npm/registry/commander/-/commander-7.2.0.tgz 0ms (cache hit)
2319 http cache minimatch@https://pkgs.dev.azure.com/krossk/_packaging/Kros.Npm/npm/registry/minimatch/-/minimatch-9.0.5.tgz 0ms (cache hit)
2320 http cache glob@https://pkgs.dev.azure.com/krossk/_packaging/Kros.Npm/npm/registry/glob/-/glob-10.4.5.tgz 0ms (cache hit)
2321 http cache is-fullwidth-code-point@https://pkgs.dev.azure.com/krossk/_packaging/Kros.Npm/npm/registry/is-fullwidth-code-point/-/is-fullwidth-code-point-3.0.0.tgz 0ms (cache hit)
2322 http cache is-fullwidth-code-point@https://pkgs.dev.azure.com/krossk/_packaging/Kros.Npm/npm/registry/is-fullwidth-code-point/-/is-fullwidth-code-point-3.0.0.tgz 0ms (cache hit)
2323 http cache universalify@https://pkgs.dev.azure.com/krossk/_packaging/Kros.Npm/npm/registry/universalify/-/universalify-0.1.2.tgz 0ms (cache hit)
2324 http cache jsonfile@https://pkgs.dev.azure.com/krossk/_packaging/Kros.Npm/npm/registry/jsonfile/-/jsonfile-4.0.0.tgz 0ms (cache hit)
2325 http cache fs-extra@https://pkgs.dev.azure.com/krossk/_packaging/Kros.Npm/npm/registry/fs-extra/-/fs-extra-8.1.0.tgz 0ms (cache hit)
2326 http cache jsbn@https://pkgs.dev.azure.com/krossk/_packaging/Kros.Npm/npm/registry/jsbn/-/jsbn-0.1.1.tgz 0ms (cache hit)
2327 http cache escape-string-regexp@https://pkgs.dev.azure.com/krossk/_packaging/Kros.Npm/npm/registry/escape-string-regexp/-/escape-string-regexp-2.0.0.tgz 0ms (cache hit)
2328 http cache uuid@https://pkgs.dev.azure.com/krossk/_packaging/Kros.Npm/npm/registry/uuid/-/uuid-8.3.2.tgz 0ms (cache hit)
2329 http cache source-map@https://pkgs.dev.azure.com/krossk/_packaging/Kros.Npm/npm/registry/source-map/-/source-map-0.6.1.tgz 0ms (cache hit)
2330 http cache debug@https://pkgs.dev.azure.com/krossk/_packaging/Kros.Npm/npm/registry/debug/-/debug-4.3.7.tgz 0ms (cache hit)
2331 http cache ws@https://pkgs.dev.azure.com/krossk/_packaging/Kros.Npm/npm/registry/ws/-/ws-8.17.1.tgz 0ms (cache hit)
2332 http cache debug@https://pkgs.dev.azure.com/krossk/_packaging/Kros.Npm/npm/registry/debug/-/debug-4.3.7.tgz 0ms (cache hit)
2333 http cache debug@https://pkgs.dev.azure.com/krossk/_packaging/Kros.Npm/npm/registry/debug/-/debug-4.3.7.tgz 0ms (cache hit)
2334 http cache ansi-styles@https://pkgs.dev.azure.com/krossk/_packaging/Kros.Npm/npm/registry/ansi-styles/-/ansi-styles-6.2.1.tgz 0ms (cache hit)
2335 http cache setprototypeof@https://pkgs.dev.azure.com/krossk/_packaging/Kros.Npm/npm/registry/setprototypeof/-/setprototypeof-1.1.0.tgz 0ms (cache hit)
2336 http cache statuses@https://pkgs.dev.azure.com/krossk/_packaging/Kros.Npm/npm/registry/statuses/-/statuses-1.5.0.tgz 0ms (cache hit)
2337 http cache ms@https://pkgs.dev.azure.com/krossk/_packaging/Kros.Npm/npm/registry/ms/-/ms-2.0.0.tgz 0ms (cache hit)
2338 http cache http-errors@https://pkgs.dev.azure.com/krossk/_packaging/Kros.Npm/npm/registry/http-errors/-/http-errors-1.6.3.tgz 0ms (cache hit)
2339 http cache inherits@https://pkgs.dev.azure.com/krossk/_packaging/Kros.Npm/npm/registry/inherits/-/inherits-2.0.3.tgz 0ms (cache hit)
2340 http cache depd@https://pkgs.dev.azure.com/krossk/_packaging/Kros.Npm/npm/registry/depd/-/depd-1.1.2.tgz 0ms (cache hit)
2341 http cache debug@https://pkgs.dev.azure.com/krossk/_packaging/Kros.Npm/npm/registry/debug/-/debug-2.6.9.tgz 0ms (cache hit)
2342 http cache encodeurl@https://pkgs.dev.azure.com/krossk/_packaging/Kros.Npm/npm/registry/encodeurl/-/encodeurl-1.0.2.tgz 0ms (cache hit)
2343 http cache debug@https://pkgs.dev.azure.com/krossk/_packaging/Kros.Npm/npm/registry/debug/-/debug-2.6.9.tgz 0ms (cache hit)
2344 http cache ms@https://pkgs.dev.azure.com/krossk/_packaging/Kros.Npm/npm/registry/ms/-/ms-2.0.0.tgz 0ms (cache hit)
2345 http cache tmp@https://pkgs.dev.azure.com/krossk/_packaging/Kros.Npm/npm/registry/tmp/-/tmp-0.0.30.tgz 0ms (cache hit)
2346 http cache rimraf@https://pkgs.dev.azure.com/krossk/_packaging/Kros.Npm/npm/registry/rimraf/-/rimraf-2.7.1.tgz 0ms (cache hit)
2347 http cache commander@https://pkgs.dev.azure.com/krossk/_packaging/Kros.Npm/npm/registry/commander/-/commander-6.2.1.tgz 0ms (cache hit)
2348 http cache universalify@https://pkgs.dev.azure.com/krossk/_packaging/Kros.Npm/npm/registry/universalify/-/universalify-0.1.2.tgz 0ms (cache hit)
2349 http cache tslib@https://pkgs.dev.azure.com/krossk/_packaging/Kros.Npm/npm/registry/tslib/-/tslib-1.14.1.tgz 0ms (cache hit)
2350 http cache readdirp@https://pkgs.dev.azure.com/krossk/_packaging/Kros.Npm/npm/registry/readdirp/-/readdirp-3.6.0.tgz 0ms (cache hit)
2351 http cache jsonfile@https://pkgs.dev.azure.com/krossk/_packaging/Kros.Npm/npm/registry/jsonfile/-/jsonfile-4.0.0.tgz 0ms (cache hit)
2352 http cache glob-parent@https://pkgs.dev.azure.com/krossk/_packaging/Kros.Npm/npm/registry/glob-parent/-/glob-parent-5.1.2.tgz 0ms (cache hit)
2353 http cache picomatch@https://pkgs.dev.azure.com/krossk/_packaging/Kros.Npm/npm/registry/picomatch/-/picomatch-2.3.1.tgz 0ms (cache hit)
2354 http cache fs-extra@https://pkgs.dev.azure.com/krossk/_packaging/Kros.Npm/npm/registry/fs-extra/-/fs-extra-8.1.0.tgz 0ms (cache hit)
2355 http cache commander@https://pkgs.dev.azure.com/krossk/_packaging/Kros.Npm/npm/registry/commander/-/commander-4.1.1.tgz 0ms (cache hit)
2356 http cache chokidar@https://pkgs.dev.azure.com/krossk/_packaging/Kros.Npm/npm/registry/chokidar/-/chokidar-3.6.0.tgz 0ms (cache hit)
2357 http cache ajv-formats@https://pkgs.dev.azure.com/krossk/_packaging/Kros.Npm/npm/registry/ajv-formats/-/ajv-formats-2.1.1.tgz 0ms (cache hit)
2358 http cache chalk@https://pkgs.dev.azure.com/krossk/_packaging/Kros.Npm/npm/registry/chalk/-/chalk-3.0.0.tgz 0ms (cache hit)
2359 http cache https-proxy-agent@https://pkgs.dev.azure.com/krossk/_packaging/Kros.Npm/npm/registry/https-proxy-agent/-/https-proxy-agent-2.2.4.tgz 0ms (cache hit)
2360 http cache debug@https://pkgs.dev.azure.com/krossk/_packaging/Kros.Npm/npm/registry/debug/-/debug-3.2.7.tgz 0ms (cache hit)
2361 http cache agent-base@https://pkgs.dev.azure.com/krossk/_packaging/Kros.Npm/npm/registry/agent-base/-/agent-base-4.3.0.tgz 0ms (cache hit)
2362 http cache supports-color@https://pkgs.dev.azure.com/krossk/_packaging/Kros.Npm/npm/registry/supports-color/-/supports-color-8.1.1.tgz 0ms (cache hit)
2363 http cache signal-exit@https://pkgs.dev.azure.com/krossk/_packaging/Kros.Npm/npm/registry/signal-exit/-/signal-exit-3.0.7.tgz 0ms (cache hit)
2364 http cache source-map@https://pkgs.dev.azure.com/krossk/_packaging/Kros.Npm/npm/registry/source-map/-/source-map-0.6.1.tgz 0ms (cache hit)
2365 http cache loader-utils@https://pkgs.dev.azure.com/krossk/_packaging/Kros.Npm/npm/registry/loader-utils/-/loader-utils-2.0.4.tgz 0ms (cache hit)
2366 http cache uuid@https://pkgs.dev.azure.com/krossk/_packaging/Kros.Npm/npm/registry/uuid/-/uuid-3.4.0.tgz 0ms (cache hit)
2367 http cache tough-cookie@https://pkgs.dev.azure.com/krossk/_packaging/Kros.Npm/npm/registry/tough-cookie/-/tough-cookie-2.5.0.tgz 0ms (cache hit)
2368 http cache qs@https://pkgs.dev.azure.com/krossk/_packaging/Kros.Npm/npm/registry/qs/-/qs-6.5.3.tgz 0ms (cache hit)
2369 http cache punycode@https://pkgs.dev.azure.com/krossk/_packaging/Kros.Npm/npm/registry/punycode/-/punycode-2.3.1.tgz 0ms (cache hit)
2370 http cache jsprim@https://pkgs.dev.azure.com/krossk/_packaging/Kros.Npm/npm/registry/jsprim/-/jsprim-1.4.2.tgz 0ms (cache hit)
2371 http cache http-signature@https://pkgs.dev.azure.com/krossk/_packaging/Kros.Npm/npm/registry/http-signature/-/http-signature-1.2.0.tgz 0ms (cache hit)
2372 http cache form-data@https://pkgs.dev.azure.com/krossk/_packaging/Kros.Npm/npm/registry/form-data/-/form-data-2.3.3.tgz 0ms (cache hit)
2373 http cache minimatch@https://pkgs.dev.azure.com/krossk/_packaging/Kros.Npm/npm/registry/minimatch/-/minimatch-5.1.6.tgz 0ms (cache hit)
2374 http cache jsesc@https://pkgs.dev.azure.com/krossk/_packaging/Kros.Npm/npm/registry/jsesc/-/jsesc-3.0.2.tgz 0ms (cache hit)
2375 http cache pify@https://pkgs.dev.azure.com/krossk/_packaging/Kros.Npm/npm/registry/pify/-/pify-3.0.0.tgz 0ms (cache hit)
2376 http cache path-type@https://pkgs.dev.azure.com/krossk/_packaging/Kros.Npm/npm/registry/path-type/-/path-type-3.0.0.tgz 0ms (cache hit)
2377 http cache clsx@https://pkgs.dev.azure.com/krossk/_packaging/Kros.Npm/npm/registry/clsx/-/clsx-1.2.1.tgz 0ms (cache hit)
2378 http cache strip-json-comments@https://pkgs.dev.azure.com/krossk/_packaging/Kros.Npm/npm/registry/strip-json-comments/-/strip-json-comments-2.0.1.tgz 0ms (cache hit)
2379 http cache iconv-lite@https://pkgs.dev.azure.com/krossk/_packaging/Kros.Npm/npm/registry/iconv-lite/-/iconv-lite-0.4.24.tgz 0ms (cache hit)
2380 http cache parchment@https://pkgs.dev.azure.com/krossk/_packaging/Kros.Npm/npm/registry/parchment/-/parchment-3.0.0.tgz 0ms (cache hit)
2381 http cache ini@https://pkgs.dev.azure.com/krossk/_packaging/Kros.Npm/npm/registry/ini/-/ini-1.3.8.tgz 0ms (cache hit)
2382 http cache eventemitter3@https://pkgs.dev.azure.com/krossk/_packaging/Kros.Npm/npm/registry/eventemitter3/-/eventemitter3-5.0.1.tgz 0ms (cache hit)
2383 http cache y18n@https://pkgs.dev.azure.com/krossk/_packaging/Kros.Npm/npm/registry/y18n/-/y18n-4.0.3.tgz 0ms (cache hit)
2384 http cache yargs@https://pkgs.dev.azure.com/krossk/_packaging/Kros.Npm/npm/registry/yargs/-/yargs-15.4.1.tgz 0ms (cache hit)
2385 http cache yargs-parser@https://pkgs.dev.azure.com/krossk/_packaging/Kros.Npm/npm/registry/yargs-parser/-/yargs-parser-18.1.3.tgz 0ms (cache hit)
2386 http cache punycode@https://pkgs.dev.azure.com/krossk/_packaging/Kros.Npm/npm/registry/punycode/-/punycode-2.3.1.tgz 0ms (cache hit)
2387 http cache supports-color@https://pkgs.dev.azure.com/krossk/_packaging/Kros.Npm/npm/registry/supports-color/-/supports-color-2.0.0.tgz 0ms (cache hit)
2388 http cache strip-ansi@https://pkgs.dev.azure.com/krossk/_packaging/Kros.Npm/npm/registry/strip-ansi/-/strip-ansi-3.0.1.tgz 0ms (cache hit)
2389 http cache escape-string-regexp@https://pkgs.dev.azure.com/krossk/_packaging/Kros.Npm/npm/registry/escape-string-regexp/-/escape-string-regexp-1.0.5.tgz 0ms (cache hit)
2390 http cache source-map-support@https://pkgs.dev.azure.com/krossk/_packaging/Kros.Npm/npm/registry/source-map-support/-/source-map-support-0.4.18.tgz 0ms (cache hit)
2391 http cache source-map@https://pkgs.dev.azure.com/krossk/_packaging/Kros.Npm/npm/registry/source-map/-/source-map-0.5.7.tgz 0ms (cache hit)
2392 http cache cliui@https://pkgs.dev.azure.com/krossk/_packaging/Kros.Npm/npm/registry/cliui/-/cliui-6.0.0.tgz 0ms (cache hit)
2393 http cache strip-ansi@https://pkgs.dev.azure.com/krossk/_packaging/Kros.Npm/npm/registry/strip-ansi/-/strip-ansi-6.0.1.tgz 0ms (cache hit)
2394 http cache chalk@https://pkgs.dev.azure.com/krossk/_packaging/Kros.Npm/npm/registry/chalk/-/chalk-1.1.3.tgz 0ms (cache hit)
2395 http cache ansi-regex@https://pkgs.dev.azure.com/krossk/_packaging/Kros.Npm/npm/registry/ansi-regex/-/ansi-regex-5.0.1.tgz 0ms (cache hit)
2396 http cache ansi-regex@https://pkgs.dev.azure.com/krossk/_packaging/Kros.Npm/npm/registry/ansi-regex/-/ansi-regex-2.1.1.tgz 0ms (cache hit)
2397 http cache ansi-styles@https://pkgs.dev.azure.com/krossk/_packaging/Kros.Npm/npm/registry/ansi-styles/-/ansi-styles-2.2.1.tgz 0ms (cache hit)
2398 http cache react-is@https://pkgs.dev.azure.com/krossk/_packaging/Kros.Npm/npm/registry/react-is/-/react-is-16.13.1.tgz 0ms (cache hit)
2399 http cache uuid@https://pkgs.dev.azure.com/krossk/_packaging/Kros.Npm/npm/registry/uuid/-/uuid-9.0.1.tgz 0ms (cache hit)
2400 http cache ansi-styles@https://pkgs.dev.azure.com/krossk/_packaging/Kros.Npm/npm/registry/ansi-styles/-/ansi-styles-5.2.0.tgz 0ms (cache hit)
2401 http cache @types/uuid@https://pkgs.dev.azure.com/krossk/_packaging/Kros.Npm/npm/registry/@types/uuid/-/uuid-9.0.6.tgz 0ms (cache hit)
2402 http cache reflect-metadata@https://pkgs.dev.azure.com/krossk/_packaging/Kros.Npm/npm/registry/reflect-metadata/-/reflect-metadata-0.1.13.tgz 0ms (cache hit)
2403 http cache @cucumber/gherkin@https://pkgs.dev.azure.com/krossk/_packaging/Kros.Npm/npm/registry/@cucumber/gherkin/-/gherkin-27.0.0.tgz 0ms (cache hit)
2404 http cache @cucumber/messages@https://pkgs.dev.azure.com/krossk/_packaging/Kros.Npm/npm/registry/@cucumber/messages/-/messages-23.0.0.tgz 0ms (cache hit)
2405 http cache uuid@https://pkgs.dev.azure.com/krossk/_packaging/Kros.Npm/npm/registry/uuid/-/uuid-9.0.0.tgz 0ms (cache hit)
2406 http cache @cucumber/messages@https://pkgs.dev.azure.com/krossk/_packaging/Kros.Npm/npm/registry/@cucumber/messages/-/messages-22.0.0.tgz 0ms (cache hit)
2407 http cache @types/uuid@https://pkgs.dev.azure.com/krossk/_packaging/Kros.Npm/npm/registry/@types/uuid/-/uuid-9.0.1.tgz 0ms (cache hit)
2408 http cache simple-get@https://pkgs.dev.azure.com/krossk/_packaging/Kros.Npm/npm/registry/simple-get/-/simple-get-4.0.1.tgz 0ms (cache hit)
2409 http cache semver@https://pkgs.dev.azure.com/krossk/_packaging/Kros.Npm/npm/registry/semver/-/semver-6.3.1.tgz 0ms (cache hit)
2410 http cache minimatch@https://pkgs.dev.azure.com/krossk/_packaging/Kros.Npm/npm/registry/minimatch/-/minimatch-3.0.8.tgz 0ms (cache hit)
2411 http cache mime@https://pkgs.dev.azure.com/krossk/_packaging/Kros.Npm/npm/registry/mime/-/mime-2.5.2.tgz 0ms (cache hit)
2412 http cache make-dir@https://pkgs.dev.azure.com/krossk/_packaging/Kros.Npm/npm/registry/make-dir/-/make-dir-3.1.0.tgz 0ms (cache hit)
2413 http cache brace-expansion@https://pkgs.dev.azure.com/krossk/_packaging/Kros.Npm/npm/registry/brace-expansion/-/brace-expansion-1.1.11.tgz 0ms (cache hit)
2414 http cache postcss-selector-parser@https://pkgs.dev.azure.com/krossk/_packaging/Kros.Npm/npm/registry/postcss-selector-parser/-/postcss-selector-parser-7.0.0.tgz 0ms (cache hit)
2415 http cache postcss-selector-parser@https://pkgs.dev.azure.com/krossk/_packaging/Kros.Npm/npm/registry/postcss-selector-parser/-/postcss-selector-parser-7.0.0.tgz 0ms (cache hit)
2416 http cache cosmiconfig@https://pkgs.dev.azure.com/krossk/_packaging/Kros.Npm/npm/registry/cosmiconfig/-/cosmiconfig-9.0.0.tgz 0ms (cache hit)
2417 http cache js-yaml@https://pkgs.dev.azure.com/krossk/_packaging/Kros.Npm/npm/registry/js-yaml/-/js-yaml-4.1.0.tgz 0ms (cache hit)
2418 http cache nanoid@https://pkgs.dev.azure.com/krossk/_packaging/Kros.Npm/npm/registry/nanoid/-/nanoid-3.3.8.tgz 0ms (cache hit)
2419 http cache mkdirp@https://pkgs.dev.azure.com/krossk/_packaging/Kros.Npm/npm/registry/mkdirp/-/mkdirp-0.5.6.tgz 0ms (cache hit)
2420 http cache debug@https://pkgs.dev.azure.com/krossk/_packaging/Kros.Npm/npm/registry/debug/-/debug-3.2.7.tgz 0ms (cache hit)
2421 http cache async@https://pkgs.dev.azure.com/krossk/_packaging/Kros.Npm/npm/registry/async/-/async-2.6.4.tgz 0ms (cache hit)
2422 http cache xmlbuilder@https://pkgs.dev.azure.com/krossk/_packaging/Kros.Npm/npm/registry/xmlbuilder/-/xmlbuilder-15.1.1.tgz 0ms (cache hit)
2423 http cache commander@https://pkgs.dev.azure.com/krossk/_packaging/Kros.Npm/npm/registry/commander/-/commander-13.1.0.tgz 0ms (cache hit)
2424 http cache yocto-queue@https://pkgs.dev.azure.com/krossk/_packaging/Kros.Npm/npm/registry/yocto-queue/-/yocto-queue-1.1.1.tgz 0ms (cache hit)
2425 http cache path-exists@https://pkgs.dev.azure.com/krossk/_packaging/Kros.Npm/npm/registry/path-exists/-/path-exists-5.0.0.tgz 0ms (cache hit)
2426 http cache locate-path@https://pkgs.dev.azure.com/krossk/_packaging/Kros.Npm/npm/registry/locate-path/-/locate-path-7.2.0.tgz 0ms (cache hit)
2427 http cache p-limit@https://pkgs.dev.azure.com/krossk/_packaging/Kros.Npm/npm/registry/p-limit/-/p-limit-4.0.0.tgz 0ms (cache hit)
2428 http cache p-locate@https://pkgs.dev.azure.com/krossk/_packaging/Kros.Npm/npm/registry/p-locate/-/p-locate-6.0.0.tgz 0ms (cache hit)
2429 http cache find-up@https://pkgs.dev.azure.com/krossk/_packaging/Kros.Npm/npm/registry/find-up/-/find-up-6.3.0.tgz 0ms (cache hit)
2430 http cache lines-and-columns@https://pkgs.dev.azure.com/krossk/_packaging/Kros.Npm/npm/registry/lines-and-columns/-/lines-and-columns-1.2.4.tgz 0ms (cache hit)
2431 http cache lru-cache@https://pkgs.dev.azure.com/krossk/_packaging/Kros.Npm/npm/registry/lru-cache/-/lru-cache-10.4.3.tgz 0ms (cache hit)
2432 http cache json-parse-even-better-errors@https://pkgs.dev.azure.com/krossk/_packaging/Kros.Npm/npm/registry/json-parse-even-better-errors/-/json-parse-even-better-errors-2.3.1.tgz 0ms (cache hit)
2433 http cache retry@https://pkgs.dev.azure.com/krossk/_packaging/Kros.Npm/npm/registry/retry/-/retry-0.13.1.tgz 0ms (cache hit)
2434 http cache p-limit@https://pkgs.dev.azure.com/krossk/_packaging/Kros.Npm/npm/registry/p-limit/-/p-limit-2.3.0.tgz 0ms (cache hit)
2435 http cache tar-stream@https://pkgs.dev.azure.com/krossk/_packaging/Kros.Npm/npm/registry/tar-stream/-/tar-stream-2.2.0.tgz 0ms (cache hit)
2436 http cache ora@https://pkgs.dev.azure.com/krossk/_packaging/Kros.Npm/npm/registry/ora/-/ora-5.3.0.tgz 0ms (cache hit)
2437 http cache jsonc-parser@https://pkgs.dev.azure.com/krossk/_packaging/Kros.Npm/npm/registry/jsonc-parser/-/jsonc-parser-3.2.0.tgz 0ms (cache hit)
2438 http cache open@https://pkgs.dev.azure.com/krossk/_packaging/Kros.Npm/npm/registry/open/-/open-8.4.2.tgz 0ms (cache hit)
2439 http cache is-wsl@https://pkgs.dev.azure.com/krossk/_packaging/Kros.Npm/npm/registry/is-wsl/-/is-wsl-2.2.0.tgz 0ms (cache hit)
2440 http cache is-docker@https://pkgs.dev.azure.com/krossk/_packaging/Kros.Npm/npm/registry/is-docker/-/is-docker-2.2.1.tgz 0ms (cache hit)
2441 http cache ignore@https://pkgs.dev.azure.com/krossk/_packaging/Kros.Npm/npm/registry/ignore/-/ignore-5.3.2.tgz 0ms (cache hit)
2442 http cache flat@https://pkgs.dev.azure.com/krossk/_packaging/Kros.Npm/npm/registry/flat/-/flat-5.0.2.tgz 0ms (cache hit)
2443 http cache supports-color@https://pkgs.dev.azure.com/krossk/_packaging/Kros.Npm/npm/registry/supports-color/-/supports-color-5.5.0.tgz 0ms (cache hit)
2444 http cache define-lazy-prop@https://pkgs.dev.azure.com/krossk/_packaging/Kros.Npm/npm/registry/define-lazy-prop/-/define-lazy-prop-2.0.0.tgz 0ms (cache hit)
2445 http cache which@https://pkgs.dev.azure.com/krossk/_packaging/Kros.Npm/npm/registry/which/-/which-1.3.1.tgz 0ms (cache hit)
2446 http cache shebang-regex@https://pkgs.dev.azure.com/krossk/_packaging/Kros.Npm/npm/registry/shebang-regex/-/shebang-regex-1.0.0.tgz 0ms (cache hit)
2447 http cache shebang-command@https://pkgs.dev.azure.com/krossk/_packaging/Kros.Npm/npm/registry/shebang-command/-/shebang-command-1.2.0.tgz 0ms (cache hit)
2448 http cache path-key@https://pkgs.dev.azure.com/krossk/_packaging/Kros.Npm/npm/registry/path-key/-/path-key-2.0.1.tgz 0ms (cache hit)
2449 http cache semver@https://pkgs.dev.azure.com/krossk/_packaging/Kros.Npm/npm/registry/semver/-/semver-5.7.2.tgz 0ms (cache hit)
2450 http cache has-flag@https://pkgs.dev.azure.com/krossk/_packaging/Kros.Npm/npm/registry/has-flag/-/has-flag-3.0.0.tgz 0ms (cache hit)
2451 http cache minimatch@https://pkgs.dev.azure.com/krossk/_packaging/Kros.Npm/npm/registry/minimatch/-/minimatch-3.1.2.tgz 0ms (cache hit)
2452 http cache escape-string-regexp@https://pkgs.dev.azure.com/krossk/_packaging/Kros.Npm/npm/registry/escape-string-regexp/-/escape-string-regexp-1.0.5.tgz 0ms (cache hit)
2453 http cache cross-spawn@https://pkgs.dev.azure.com/krossk/_packaging/Kros.Npm/npm/registry/cross-spawn/-/cross-spawn-6.0.6.tgz 0ms (cache hit)
2454 http cache color-name@https://pkgs.dev.azure.com/krossk/_packaging/Kros.Npm/npm/registry/color-name/-/color-name-1.1.3.tgz 0ms (cache hit)
2455 http cache color-convert@https://pkgs.dev.azure.com/krossk/_packaging/Kros.Npm/npm/registry/color-convert/-/color-convert-1.9.3.tgz 0ms (cache hit)
2456 http cache brace-expansion@https://pkgs.dev.azure.com/krossk/_packaging/Kros.Npm/npm/registry/brace-expansion/-/brace-expansion-1.1.11.tgz 0ms (cache hit)
2457 http cache ansi-styles@https://pkgs.dev.azure.com/krossk/_packaging/Kros.Npm/npm/registry/ansi-styles/-/ansi-styles-3.2.1.tgz 0ms (cache hit)
2458 http cache chalk@https://pkgs.dev.azure.com/krossk/_packaging/Kros.Npm/npm/registry/chalk/-/chalk-2.4.2.tgz 0ms (cache hit)
2459 http cache semver@https://pkgs.dev.azure.com/krossk/_packaging/Kros.Npm/npm/registry/semver/-/semver-5.7.2.tgz 0ms (cache hit)
2460 http cache hosted-git-info@https://pkgs.dev.azure.com/krossk/_packaging/Kros.Npm/npm/registry/hosted-git-info/-/hosted-git-info-2.8.9.tgz 0ms (cache hit)
2461 http cache yallist@https://pkgs.dev.azure.com/krossk/_packaging/Kros.Npm/npm/registry/yallist/-/yallist-5.0.0.tgz 0ms (cache hit)
2462 http cache which@https://pkgs.dev.azure.com/krossk/_packaging/Kros.Npm/npm/registry/which/-/which-5.0.0.tgz 0ms (cache hit)
2463 http cache tar@https://pkgs.dev.azure.com/krossk/_packaging/Kros.Npm/npm/registry/tar/-/tar-7.4.3.tgz 0ms (cache hit)
2464 http cache minimatch@https://pkgs.dev.azure.com/krossk/_packaging/Kros.Npm/npm/registry/minimatch/-/minimatch-9.0.5.tgz 0ms (cache hit)
2465 http cache mkdirp@https://pkgs.dev.azure.com/krossk/_packaging/Kros.Npm/npm/registry/mkdirp/-/mkdirp-3.0.1.tgz 0ms (cache hit)
2466 http cache isexe@https://pkgs.dev.azure.com/krossk/_packaging/Kros.Npm/npm/registry/isexe/-/isexe-3.1.1.tgz 0ms (cache hit)
2467 http cache glob@https://pkgs.dev.azure.com/krossk/_packaging/Kros.Npm/npm/registry/glob/-/glob-10.4.5.tgz 0ms (cache hit)
2468 http cache chownr@https://pkgs.dev.azure.com/krossk/_packaging/Kros.Npm/npm/registry/chownr/-/chownr-3.0.0.tgz 0ms (cache hit)
2469 http cache whatwg-url@https://pkgs.dev.azure.com/krossk/_packaging/Kros.Npm/npm/registry/whatwg-url/-/whatwg-url-5.0.0.tgz 0ms (cache hit)
2470 http cache webidl-conversions@https://pkgs.dev.azure.com/krossk/_packaging/Kros.Npm/npm/registry/webidl-conversions/-/webidl-conversions-3.0.1.tgz 0ms (cache hit)
2471 http cache tr46@https://pkgs.dev.azure.com/krossk/_packaging/Kros.Npm/npm/registry/tr46/-/tr46-0.0.3.tgz 0ms (cache hit)
2472 http cache pdfjs-dist@https://pkgs.dev.azure.com/krossk/_packaging/Kros.Npm/npm/registry/pdfjs-dist/-/pdfjs-dist-4.8.69.tgz 0ms (cache hit)
2473 http cache node-addon-api@https://pkgs.dev.azure.com/krossk/_packaging/Kros.Npm/npm/registry/node-addon-api/-/node-addon-api-7.1.1.tgz 0ms (cache hit)
2474 http cache semver@https://pkgs.dev.azure.com/krossk/_packaging/Kros.Npm/npm/registry/semver/-/semver-6.3.1.tgz 0ms (cache hit)
2475 http cache canvas@https://pkgs.dev.azure.com/krossk/_packaging/Kros.Npm/npm/registry/canvas/-/canvas-3.1.0.tgz 0ms (cache hit)
2476 http cache pkg-dir@https://pkgs.dev.azure.com/krossk/_packaging/Kros.Npm/npm/registry/pkg-dir/-/pkg-dir-4.2.0.tgz 0ms (cache hit)
2477 http cache make-dir@https://pkgs.dev.azure.com/krossk/_packaging/Kros.Npm/npm/registry/make-dir/-/make-dir-3.1.0.tgz 0ms (cache hit)
2478 http cache find-cache-dir@https://pkgs.dev.azure.com/krossk/_packaging/Kros.Npm/npm/registry/find-cache-dir/-/find-cache-dir-3.3.2.tgz 0ms (cache hit)
2479 http cache convert-source-map@https://pkgs.dev.azure.com/krossk/_packaging/Kros.Npm/npm/registry/convert-source-map/-/convert-source-map-2.0.0.tgz 0ms (cache hit)
2480 http cache commander@https://pkgs.dev.azure.com/krossk/_packaging/Kros.Npm/npm/registry/commander/-/commander-13.1.0.tgz 0ms (cache hit)
2481 http cache minimatch@https://pkgs.dev.azure.com/krossk/_packaging/Kros.Npm/npm/registry/minimatch/-/minimatch-9.0.5.tgz 0ms (cache hit)
2482 http cache rimraf@https://pkgs.dev.azure.com/krossk/_packaging/Kros.Npm/npm/registry/rimraf/-/rimraf-5.0.10.tgz 0ms (cache hit)
2483 http cache glob@https://pkgs.dev.azure.com/krossk/_packaging/Kros.Npm/npm/registry/glob/-/glob-10.4.5.tgz 0ms (cache hit)
2484 http cache yallist@https://pkgs.dev.azure.com/krossk/_packaging/Kros.Npm/npm/registry/yallist/-/yallist-4.0.0.tgz 0ms (cache hit)
2485 http cache minipass@https://pkgs.dev.azure.com/krossk/_packaging/Kros.Npm/npm/registry/minipass/-/minipass-3.3.6.tgz 0ms (cache hit)
2486 http cache yallist@https://pkgs.dev.azure.com/krossk/_packaging/Kros.Npm/npm/registry/yallist/-/yallist-4.0.0.tgz 0ms (cache hit)
2487 http cache minipass@https://pkgs.dev.azure.com/krossk/_packaging/Kros.Npm/npm/registry/minipass/-/minipass-3.3.6.tgz 0ms (cache hit)
2488 http cache yallist@https://pkgs.dev.azure.com/krossk/_packaging/Kros.Npm/npm/registry/yallist/-/yallist-4.0.0.tgz 0ms (cache hit)
2489 http cache minipass@https://pkgs.dev.azure.com/krossk/_packaging/Kros.Npm/npm/registry/minipass/-/minipass-3.3.6.tgz 0ms (cache hit)
2490 http cache mime-db@https://pkgs.dev.azure.com/krossk/_packaging/Kros.Npm/npm/registry/mime-db/-/mime-db-1.52.0.tgz 0ms (cache hit)
2491 http cache picomatch@https://pkgs.dev.azure.com/krossk/_packaging/Kros.Npm/npm/registry/picomatch/-/picomatch-2.3.1.tgz 0ms (cache hit)
2492 http cache string_decoder@https://pkgs.dev.azure.com/krossk/_packaging/Kros.Npm/npm/registry/string_decoder/-/string_decoder-1.1.1.tgz 0ms (cache hit)
2493 http cache safe-buffer@https://pkgs.dev.azure.com/krossk/_packaging/Kros.Npm/npm/registry/safe-buffer/-/safe-buffer-5.1.2.tgz 0ms (cache hit)
2494 http cache readable-stream@https://pkgs.dev.azure.com/krossk/_packaging/Kros.Npm/npm/registry/readable-stream/-/readable-stream-2.3.8.tgz 0ms (cache hit)
2495 http cache isarray@https://pkgs.dev.azure.com/krossk/_packaging/Kros.Npm/npm/registry/isarray/-/isarray-1.0.0.tgz 0ms (cache hit)
2496 http cache negotiator@https://pkgs.dev.azure.com/krossk/_packaging/Kros.Npm/npm/registry/negotiator/-/negotiator-1.0.0.tgz 0ms (cache hit)
2497 http cache wrap-ansi@https://pkgs.dev.azure.com/krossk/_packaging/Kros.Npm/npm/registry/wrap-ansi/-/wrap-ansi-9.0.0.tgz 0ms (cache hit)
2498 http cache strip-ansi@https://pkgs.dev.azure.com/krossk/_packaging/Kros.Npm/npm/registry/strip-ansi/-/strip-ansi-7.1.0.tgz 0ms (cache hit)
2499 http cache restore-cursor@https://pkgs.dev.azure.com/krossk/_packaging/Kros.Npm/npm/registry/restore-cursor/-/restore-cursor-5.1.0.tgz 0ms (cache hit)
2500 http cache string-width@https://pkgs.dev.azure.com/krossk/_packaging/Kros.Npm/npm/registry/string-width/-/string-width-7.2.0.tgz 0ms (cache hit)
2501 http cache slice-ansi@https://pkgs.dev.azure.com/krossk/_packaging/Kros.Npm/npm/registry/slice-ansi/-/slice-ansi-7.1.0.tgz 0ms (cache hit)
2502 http cache onetime@https://pkgs.dev.azure.com/krossk/_packaging/Kros.Npm/npm/registry/onetime/-/onetime-7.0.0.tgz 0ms (cache hit)
2503 http cache is-fullwidth-code-point@https://pkgs.dev.azure.com/krossk/_packaging/Kros.Npm/npm/registry/is-fullwidth-code-point/-/is-fullwidth-code-point-5.0.0.tgz 0ms (cache hit)
2504 http cache emoji-regex@https://pkgs.dev.azure.com/krossk/_packaging/Kros.Npm/npm/registry/emoji-regex/-/emoji-regex-10.4.0.tgz 0ms (cache hit)
2505 http cache cli-cursor@https://pkgs.dev.azure.com/krossk/_packaging/Kros.Npm/npm/registry/cli-cursor/-/cli-cursor-5.0.0.tgz 0ms (cache hit)
2506 http cache ansi-regex@https://pkgs.dev.azure.com/krossk/_packaging/Kros.Npm/npm/registry/ansi-regex/-/ansi-regex-6.1.0.tgz 0ms (cache hit)
2507 http cache ansi-styles@https://pkgs.dev.azure.com/krossk/_packaging/Kros.Npm/npm/registry/ansi-styles/-/ansi-styles-6.2.1.tgz 0ms (cache hit)
2508 http cache ansi-escapes@https://pkgs.dev.azure.com/krossk/_packaging/Kros.Npm/npm/registry/ansi-escapes/-/ansi-escapes-7.0.0.tgz 0ms (cache hit)
2509 http cache strip-bom@https://pkgs.dev.azure.com/krossk/_packaging/Kros.Npm/npm/registry/strip-bom/-/strip-bom-3.0.0.tgz 0ms (cache hit)
2510 http cache lie@https://pkgs.dev.azure.com/krossk/_packaging/Kros.Npm/npm/registry/lie/-/lie-3.1.1.tgz 0ms (cache hit)
2511 http cache pify@https://pkgs.dev.azure.com/krossk/_packaging/Kros.Npm/npm/registry/pify/-/pify-3.0.0.tgz 0ms (cache hit)
2512 http cache parse-json@https://pkgs.dev.azure.com/krossk/_packaging/Kros.Npm/npm/registry/parse-json/-/parse-json-4.0.0.tgz 0ms (cache hit)
2513 http cache wrap-ansi@https://pkgs.dev.azure.com/krossk/_packaging/Kros.Npm/npm/registry/wrap-ansi/-/wrap-ansi-9.0.0.tgz 0ms (cache hit)
2514 http cache strip-ansi@https://pkgs.dev.azure.com/krossk/_packaging/Kros.Npm/npm/registry/strip-ansi/-/strip-ansi-7.1.0.tgz 0ms (cache hit)
2515 http cache string-width@https://pkgs.dev.azure.com/krossk/_packaging/Kros.Npm/npm/registry/string-width/-/string-width-7.2.0.tgz 0ms (cache hit)
2516 http cache emoji-regex@https://pkgs.dev.azure.com/krossk/_packaging/Kros.Npm/npm/registry/emoji-regex/-/emoji-regex-10.4.0.tgz 0ms (cache hit)
2517 http cache eventemitter3@https://pkgs.dev.azure.com/krossk/_packaging/Kros.Npm/npm/registry/eventemitter3/-/eventemitter3-5.0.1.tgz 0ms (cache hit)
2518 http cache ansi-styles@https://pkgs.dev.azure.com/krossk/_packaging/Kros.Npm/npm/registry/ansi-styles/-/ansi-styles-6.2.1.tgz 0ms (cache hit)
2519 http cache ansi-regex@https://pkgs.dev.azure.com/krossk/_packaging/Kros.Npm/npm/registry/ansi-regex/-/ansi-regex-6.1.0.tgz 0ms (cache hit)
2520 http cache source-map@https://pkgs.dev.azure.com/krossk/_packaging/Kros.Npm/npm/registry/source-map/-/source-map-0.6.1.tgz 0ms (cache hit)
2521 http cache semver@https://pkgs.dev.azure.com/krossk/_packaging/Kros.Npm/npm/registry/semver/-/semver-5.7.2.tgz 0ms (cache hit)
2522 http cache pify@https://pkgs.dev.azure.com/krossk/_packaging/Kros.Npm/npm/registry/pify/-/pify-4.0.1.tgz 0ms (cache hit)
2523 http cache string_decoder@https://pkgs.dev.azure.com/krossk/_packaging/Kros.Npm/npm/registry/string_decoder/-/string_decoder-1.1.1.tgz 0ms (cache hit)
2524 http cache make-dir@https://pkgs.dev.azure.com/krossk/_packaging/Kros.Npm/npm/registry/make-dir/-/make-dir-2.1.0.tgz 0ms (cache hit)
2525 http cache safe-buffer@https://pkgs.dev.azure.com/krossk/_packaging/Kros.Npm/npm/registry/safe-buffer/-/safe-buffer-5.1.2.tgz 0ms (cache hit)
2526 http cache isarray@https://pkgs.dev.azure.com/krossk/_packaging/Kros.Npm/npm/registry/isarray/-/isarray-1.0.0.tgz 0ms (cache hit)
2527 http cache readable-stream@https://pkgs.dev.azure.com/krossk/_packaging/Kros.Npm/npm/registry/readable-stream/-/readable-stream-2.3.8.tgz 0ms (cache hit)
2528 http cache statuses@https://pkgs.dev.azure.com/krossk/_packaging/Kros.Npm/npm/registry/statuses/-/statuses-1.5.0.tgz 0ms (cache hit)
2529 http cache http-errors@https://pkgs.dev.azure.com/krossk/_packaging/Kros.Npm/npm/registry/http-errors/-/http-errors-1.8.1.tgz 0ms (cache hit)
2530 http cache depd@https://pkgs.dev.azure.com/krossk/_packaging/Kros.Npm/npm/registry/depd/-/depd-1.1.2.tgz 0ms (cache hit)
2531 http cache encodeurl@https://pkgs.dev.azure.com/krossk/_packaging/Kros.Npm/npm/registry/encodeurl/-/encodeurl-1.0.2.tgz 0ms (cache hit)
2532 http cache source-map@https://pkgs.dev.azure.com/krossk/_packaging/Kros.Npm/npm/registry/source-map/-/source-map-0.6.1.tgz 0ms (cache hit)
2533 http cache semver@https://pkgs.dev.azure.com/krossk/_packaging/Kros.Npm/npm/registry/semver/-/semver-5.7.2.tgz 0ms (cache hit)
2534 http cache rimraf@https://pkgs.dev.azure.com/krossk/_packaging/Kros.Npm/npm/registry/rimraf/-/rimraf-2.7.1.tgz 0ms (cache hit)
2535 http cache pify@https://pkgs.dev.azure.com/krossk/_packaging/Kros.Npm/npm/registry/pify/-/pify-4.0.1.tgz 0ms (cache hit)
2536 http cache minimatch@https://pkgs.dev.azure.com/krossk/_packaging/Kros.Npm/npm/registry/minimatch/-/minimatch-3.1.2.tgz 0ms (cache hit)
2537 http cache istanbul-lib-source-maps@https://pkgs.dev.azure.com/krossk/_packaging/Kros.Npm/npm/registry/istanbul-lib-source-maps/-/istanbul-lib-source-maps-3.0.6.tgz 0ms (cache hit)
2538 http cache make-dir@https://pkgs.dev.azure.com/krossk/_packaging/Kros.Npm/npm/registry/make-dir/-/make-dir-2.1.0.tgz 0ms (cache hit)
2539 http cache istanbul-lib-coverage@https://pkgs.dev.azure.com/krossk/_packaging/Kros.Npm/npm/registry/istanbul-lib-coverage/-/istanbul-lib-coverage-2.0.5.tgz 0ms (cache hit)
2540 http cache brace-expansion@https://pkgs.dev.azure.com/krossk/_packaging/Kros.Npm/npm/registry/brace-expansion/-/brace-expansion-1.1.11.tgz 0ms (cache hit)
2541 http cache which@https://pkgs.dev.azure.com/krossk/_packaging/Kros.Npm/npm/registry/which/-/which-1.3.1.tgz 0ms (cache hit)
2542 http cache yargs-parser@https://pkgs.dev.azure.com/krossk/_packaging/Kros.Npm/npm/registry/yargs-parser/-/yargs-parser-20.2.9.tgz 0ms (cache hit)
2543 http cache yargs@https://pkgs.dev.azure.com/krossk/_packaging/Kros.Npm/npm/registry/yargs/-/yargs-16.2.0.tgz 0ms (cache hit)
2544 http cache wrap-ansi@https://pkgs.dev.azure.com/krossk/_packaging/Kros.Npm/npm/registry/wrap-ansi/-/wrap-ansi-7.0.0.tgz 0ms (cache hit)
2545 http cache source-map@https://pkgs.dev.azure.com/krossk/_packaging/Kros.Npm/npm/registry/source-map/-/source-map-0.6.1.tgz 0ms (cache hit)
2546 http cache readdirp@https://pkgs.dev.azure.com/krossk/_packaging/Kros.Npm/npm/registry/readdirp/-/readdirp-3.6.0.tgz 0ms (cache hit)
2547 http cache mkdirp@https://pkgs.dev.azure.com/krossk/_packaging/Kros.Npm/npm/registry/mkdirp/-/mkdirp-0.5.6.tgz 0ms (cache hit)
2548 http cache picomatch@https://pkgs.dev.azure.com/krossk/_packaging/Kros.Npm/npm/registry/picomatch/-/picomatch-2.3.1.tgz 0ms (cache hit)
2549 http cache minimatch@https://pkgs.dev.azure.com/krossk/_packaging/Kros.Npm/npm/registry/minimatch/-/minimatch-3.1.2.tgz 0ms (cache hit)
2550 http cache mime@https://pkgs.dev.azure.com/krossk/_packaging/Kros.Npm/npm/registry/mime/-/mime-2.6.0.tgz 0ms (cache hit)
2551 http cache glob-parent@https://pkgs.dev.azure.com/krossk/_packaging/Kros.Npm/npm/registry/glob-parent/-/glob-parent-5.1.2.tgz 0ms (cache hit)
2552 http cache cliui@https://pkgs.dev.azure.com/krossk/_packaging/Kros.Npm/npm/registry/cliui/-/cliui-7.0.4.tgz 0ms (cache hit)
2553 http cache chokidar@https://pkgs.dev.azure.com/krossk/_packaging/Kros.Npm/npm/registry/chokidar/-/chokidar-3.6.0.tgz 0ms (cache hit)
2554 http cache string_decoder@https://pkgs.dev.azure.com/krossk/_packaging/Kros.Npm/npm/registry/string_decoder/-/string_decoder-1.1.1.tgz 0ms (cache hit)
2555 http cache brace-expansion@https://pkgs.dev.azure.com/krossk/_packaging/Kros.Npm/npm/registry/brace-expansion/-/brace-expansion-1.1.11.tgz 0ms (cache hit)
2556 http cache safe-buffer@https://pkgs.dev.azure.com/krossk/_packaging/Kros.Npm/npm/registry/safe-buffer/-/safe-buffer-5.1.2.tgz 0ms (cache hit)
2557 http cache isarray@https://pkgs.dev.azure.com/krossk/_packaging/Kros.Npm/npm/registry/isarray/-/isarray-1.0.0.tgz 0ms (cache hit)
2558 http cache readable-stream@https://pkgs.dev.azure.com/krossk/_packaging/Kros.Npm/npm/registry/readable-stream/-/readable-stream-2.3.8.tgz 0ms (cache hit)
2559 http cache jwa@https://pkgs.dev.azure.com/krossk/_packaging/Kros.Npm/npm/registry/jwa/-/jwa-1.4.2.tgz 0ms (cache hit)
2560 http cache jws@https://pkgs.dev.azure.com/krossk/_packaging/Kros.Npm/npm/registry/jws/-/jws-3.2.2.tgz 0ms (cache hit)
2561 http cache espree@https://pkgs.dev.azure.com/krossk/_packaging/Kros.Npm/npm/registry/espree/-/espree-9.6.1.tgz 0ms (cache hit)
2562 http cache eslint-visitor-keys@https://pkgs.dev.azure.com/krossk/_packaging/Kros.Npm/npm/registry/eslint-visitor-keys/-/eslint-visitor-keys-3.4.3.tgz 0ms (cache hit)
2563 http cache ws@https://pkgs.dev.azure.com/krossk/_packaging/Kros.Npm/npm/registry/ws/-/ws-8.18.0.tgz 0ms (cache hit)
2564 http cache tough-cookie@https://pkgs.dev.azure.com/krossk/_packaging/Kros.Npm/npm/registry/tough-cookie/-/tough-cookie-4.1.4.tgz 0ms (cache hit)
2565 http cache universalify@https://pkgs.dev.azure.com/krossk/_packaging/Kros.Npm/npm/registry/universalify/-/universalify-0.2.0.tgz 0ms (cache hit)
2566 http cache saxes@https://pkgs.dev.azure.com/krossk/_packaging/Kros.Npm/npm/registry/saxes/-/saxes-6.0.0.tgz 0ms (cache hit)
2567 http cache punycode@https://pkgs.dev.azure.com/krossk/_packaging/Kros.Npm/npm/registry/punycode/-/punycode-2.3.1.tgz 0ms (cache hit)
2568 http cache https-proxy-agent@https://pkgs.dev.azure.com/krossk/_packaging/Kros.Npm/npm/registry/https-proxy-agent/-/https-proxy-agent-5.0.1.tgz 0ms (cache hit)
2569 http cache http-proxy-agent@https://pkgs.dev.azure.com/krossk/_packaging/Kros.Npm/npm/registry/http-proxy-agent/-/http-proxy-agent-5.0.0.tgz 0ms (cache hit)
2570 http cache agent-base@https://pkgs.dev.azure.com/krossk/_packaging/Kros.Npm/npm/registry/agent-base/-/agent-base-6.0.2.tgz 0ms (cache hit)
2571 http cache sprintf-js@https://pkgs.dev.azure.com/krossk/_packaging/Kros.Npm/npm/registry/sprintf-js/-/sprintf-js-1.0.3.tgz 0ms (cache hit)
2572 http cache argparse@https://pkgs.dev.azure.com/krossk/_packaging/Kros.Npm/npm/registry/argparse/-/argparse-1.0.10.tgz 0ms (cache hit)
2573 http cache supports-color@https://pkgs.dev.azure.com/krossk/_packaging/Kros.Npm/npm/registry/supports-color/-/supports-color-8.1.1.tgz 0ms (cache hit)
2574 http cache camelcase@https://pkgs.dev.azure.com/krossk/_packaging/Kros.Npm/npm/registry/camelcase/-/camelcase-6.3.0.tgz 0ms (cache hit)
2575 http cache source-map-support@https://pkgs.dev.azure.com/krossk/_packaging/Kros.Npm/npm/registry/source-map-support/-/source-map-support-0.5.13.tgz 0ms (cache hit)
2576 http cache picomatch@https://pkgs.dev.azure.com/krossk/_packaging/Kros.Npm/npm/registry/picomatch/-/picomatch-2.3.1.tgz 0ms (cache hit)
2577 http cache source-map@https://pkgs.dev.azure.com/krossk/_packaging/Kros.Npm/npm/registry/source-map/-/source-map-0.6.1.tgz 1ms (cache hit)
2578 http cache jasmine-core@https://pkgs.dev.azure.com/krossk/_packaging/Kros.Npm/npm/registry/jasmine-core/-/jasmine-core-2.8.0.tgz 0ms (cache hit)
2579 http cache uuid@https://pkgs.dev.azure.com/krossk/_packaging/Kros.Npm/npm/registry/uuid/-/uuid-8.3.2.tgz 0ms (cache hit)
2580 http cache minimatch@https://pkgs.dev.azure.com/krossk/_packaging/Kros.Npm/npm/registry/minimatch/-/minimatch-3.1.2.tgz 0ms (cache hit)
2581 http cache brace-expansion@https://pkgs.dev.azure.com/krossk/_packaging/Kros.Npm/npm/registry/brace-expansion/-/brace-expansion-1.1.11.tgz 0ms (cache hit)
2582 http cache source-map@https://pkgs.dev.azure.com/krossk/_packaging/Kros.Npm/npm/registry/source-map/-/source-map-0.6.1.tgz 0ms (cache hit)
2583 http cache is-path-inside@https://pkgs.dev.azure.com/krossk/_packaging/Kros.Npm/npm/registry/is-path-inside/-/is-path-inside-1.0.1.tgz 0ms (cache hit)
2584 http cache pkg-dir@https://pkgs.dev.azure.com/krossk/_packaging/Kros.Npm/npm/registry/pkg-dir/-/pkg-dir-4.2.0.tgz 0ms (cache hit)
2585 http cache statuses@https://pkgs.dev.azure.com/krossk/_packaging/Kros.Npm/npm/registry/statuses/-/statuses-1.5.0.tgz 0ms (cache hit)
2586 http cache resolve-from@https://pkgs.dev.azure.com/krossk/_packaging/Kros.Npm/npm/registry/resolve-from/-/resolve-from-4.0.0.tgz 0ms (cache hit)
2587 http cache http-errors@https://pkgs.dev.azure.com/krossk/_packaging/Kros.Npm/npm/registry/http-errors/-/http-errors-1.8.1.tgz 0ms (cache hit)
2588 http cache depd@https://pkgs.dev.azure.com/krossk/_packaging/Kros.Npm/npm/registry/depd/-/depd-1.1.2.tgz 0ms (cache hit)
2589 http cache string_decoder@https://pkgs.dev.azure.com/krossk/_packaging/Kros.Npm/npm/registry/string_decoder/-/string_decoder-1.1.1.tgz 0ms (cache hit)
2590 http cache safe-buffer@https://pkgs.dev.azure.com/krossk/_packaging/Kros.Npm/npm/registry/safe-buffer/-/safe-buffer-5.1.2.tgz 0ms (cache hit)
2591 http cache readable-stream@https://pkgs.dev.azure.com/krossk/_packaging/Kros.Npm/npm/registry/readable-stream/-/readable-stream-2.3.8.tgz 0ms (cache hit)
2592 http cache lru-cache@https://pkgs.dev.azure.com/krossk/_packaging/Kros.Npm/npm/registry/lru-cache/-/lru-cache-10.4.3.tgz 0ms (cache hit)
2593 http cache isarray@https://pkgs.dev.azure.com/krossk/_packaging/Kros.Npm/npm/registry/isarray/-/isarray-1.0.0.tgz 0ms (cache hit)
2594 http cache ansi-regex@https://pkgs.dev.azure.com/krossk/_packaging/Kros.Npm/npm/registry/ansi-regex/-/ansi-regex-2.1.1.tgz 0ms (cache hit)
2595 http cache json-schema-traverse@https://pkgs.dev.azure.com/krossk/_packaging/Kros.Npm/npm/registry/json-schema-traverse/-/json-schema-traverse-0.4.1.tgz 0ms (cache hit)
2596 http cache ajv@https://pkgs.dev.azure.com/krossk/_packaging/Kros.Npm/npm/registry/ajv/-/ajv-6.12.6.tgz 0ms (cache hit)
2597 http cache slash@https://pkgs.dev.azure.com/krossk/_packaging/Kros.Npm/npm/registry/slash/-/slash-5.1.0.tgz 0ms (cache hit)
2598 http cache path-type@https://pkgs.dev.azure.com/krossk/_packaging/Kros.Npm/npm/registry/path-type/-/path-type-5.0.0.tgz 0ms (cache hit)
2599 http cache which@https://pkgs.dev.azure.com/krossk/_packaging/Kros.Npm/npm/registry/which/-/which-1.3.1.tgz 0ms (cache hit)
2600 http cache ignore@https://pkgs.dev.azure.com/krossk/_packaging/Kros.Npm/npm/registry/ignore/-/ignore-5.3.2.tgz 0ms (cache hit)
2601 http cache ini@https://pkgs.dev.azure.com/krossk/_packaging/Kros.Npm/npm/registry/ini/-/ini-1.3.8.tgz 0ms (cache hit)
2602 http cache ini@https://pkgs.dev.azure.com/krossk/_packaging/Kros.Npm/npm/registry/ini/-/ini-2.0.0.tgz 0ms (cache hit)
2603 http cache minimatch@https://pkgs.dev.azure.com/krossk/_packaging/Kros.Npm/npm/registry/minimatch/-/minimatch-3.1.2.tgz 0ms (cache hit)
2604 http cache brace-expansion@https://pkgs.dev.azure.com/krossk/_packaging/Kros.Npm/npm/registry/brace-expansion/-/brace-expansion-1.1.11.tgz 0ms (cache hit)
2605 http cache rimraf@https://pkgs.dev.azure.com/krossk/_packaging/Kros.Npm/npm/registry/rimraf/-/rimraf-2.7.1.tgz 0ms (cache hit)
2606 http cache schema-utils@https://pkgs.dev.azure.com/krossk/_packaging/Kros.Npm/npm/registry/schema-utils/-/schema-utils-3.3.0.tgz 0ms (cache hit)
2607 http cache mkdirp@https://pkgs.dev.azure.com/krossk/_packaging/Kros.Npm/npm/registry/mkdirp/-/mkdirp-0.5.6.tgz 0ms (cache hit)
2608 http cache readdirp@https://pkgs.dev.azure.com/krossk/_packaging/Kros.Npm/npm/registry/readdirp/-/readdirp-3.6.0.tgz 0ms (cache hit)
2609 http cache minimatch@https://pkgs.dev.azure.com/krossk/_packaging/Kros.Npm/npm/registry/minimatch/-/minimatch-3.1.2.tgz 0ms (cache hit)
2610 http cache picomatch@https://pkgs.dev.azure.com/krossk/_packaging/Kros.Npm/npm/registry/picomatch/-/picomatch-2.3.1.tgz 0ms (cache hit)
2611 http cache json-schema-traverse@https://pkgs.dev.azure.com/krossk/_packaging/Kros.Npm/npm/registry/json-schema-traverse/-/json-schema-traverse-0.4.1.tgz 0ms (cache hit)
2612 http cache glob-parent@https://pkgs.dev.azure.com/krossk/_packaging/Kros.Npm/npm/registry/glob-parent/-/glob-parent-5.1.2.tgz 0ms (cache hit)
2613 http cache fs-extra@https://pkgs.dev.azure.com/krossk/_packaging/Kros.Npm/npm/registry/fs-extra/-/fs-extra-10.1.0.tgz 0ms (cache hit)
2614 http cache chokidar@https://pkgs.dev.azure.com/krossk/_packaging/Kros.Npm/npm/registry/chokidar/-/chokidar-3.6.0.tgz 0ms (cache hit)
2615 http cache brace-expansion@https://pkgs.dev.azure.com/krossk/_packaging/Kros.Npm/npm/registry/brace-expansion/-/brace-expansion-1.1.11.tgz 0ms (cache hit)
2616 http cache ajv@https://pkgs.dev.azure.com/krossk/_packaging/Kros.Npm/npm/registry/ajv/-/ajv-6.12.6.tgz 0ms (cache hit)
2617 http cache ajv-keywords@https://pkgs.dev.azure.com/krossk/_packaging/Kros.Npm/npm/registry/ajv-keywords/-/ajv-keywords-3.5.2.tgz 0ms (cache hit)
2618 http cache ms@https://pkgs.dev.azure.com/krossk/_packaging/Kros.Npm/npm/registry/ms/-/ms-2.0.0.tgz 0ms (cache hit)
2619 http cache minimatch@https://pkgs.dev.azure.com/krossk/_packaging/Kros.Npm/npm/registry/minimatch/-/minimatch-5.1.6.tgz 0ms (cache hit)
2620 http cache debug@https://pkgs.dev.azure.com/krossk/_packaging/Kros.Npm/npm/registry/debug/-/debug-2.6.9.tgz 0ms (cache hit)
2621 http cache is-stream@https://pkgs.dev.azure.com/krossk/_packaging/Kros.Npm/npm/registry/is-stream/-/is-stream-4.0.1.tgz 0ms (cache hit)
2622 http cache get-stream@https://pkgs.dev.azure.com/krossk/_packaging/Kros.Npm/npm/registry/get-stream/-/get-stream-9.0.1.tgz 0ms (cache hit)
2623 http cache escape-string-regexp@https://pkgs.dev.azure.com/krossk/_packaging/Kros.Npm/npm/registry/escape-string-regexp/-/escape-string-regexp-1.0.5.tgz 0ms (cache hit)
2624 http cache universalify@https://pkgs.dev.azure.com/krossk/_packaging/Kros.Npm/npm/registry/universalify/-/universalify-0.2.0.tgz 0ms (cache hit)
2625 http cache tough-cookie@https://pkgs.dev.azure.com/krossk/_packaging/Kros.Npm/npm/registry/tough-cookie/-/tough-cookie-4.1.4.tgz 0ms (cache hit)
2626 http cache glob-parent@https://pkgs.dev.azure.com/krossk/_packaging/Kros.Npm/npm/registry/glob-parent/-/glob-parent-5.1.2.tgz 0ms (cache hit)
2627 http cache punycode@https://pkgs.dev.azure.com/krossk/_packaging/Kros.Npm/npm/registry/punycode/-/punycode-2.3.1.tgz 0ms (cache hit)
2628 http cache yauzl@https://pkgs.dev.azure.com/krossk/_packaging/Kros.Npm/npm/registry/yauzl/-/yauzl-2.10.0.tgz 0ms (cache hit)
2629 http cache get-stream@https://pkgs.dev.azure.com/krossk/_packaging/Kros.Npm/npm/registry/get-stream/-/get-stream-5.2.0.tgz 0ms (cache hit)
2630 http cache tmp@https://pkgs.dev.azure.com/krossk/_packaging/Kros.Npm/npm/registry/tmp/-/tmp-0.0.33.tgz 0ms (cache hit)
2631 http cache iconv-lite@https://pkgs.dev.azure.com/krossk/_packaging/Kros.Npm/npm/registry/iconv-lite/-/iconv-lite-0.4.24.tgz 0ms (cache hit)
2632 http cache qs@https://pkgs.dev.azure.com/krossk/_packaging/Kros.Npm/npm/registry/qs/-/qs-6.13.0.tgz 0ms (cache hit)
2633 http cache ms@https://pkgs.dev.azure.com/krossk/_packaging/Kros.Npm/npm/registry/ms/-/ms-2.0.0.tgz 0ms (cache hit)
2634 http cache debug@https://pkgs.dev.azure.com/krossk/_packaging/Kros.Npm/npm/registry/debug/-/debug-2.6.9.tgz 0ms (cache hit)
2635 http cache signal-exit@https://pkgs.dev.azure.com/krossk/_packaging/Kros.Npm/npm/registry/signal-exit/-/signal-exit-3.0.7.tgz 0ms (cache hit)
2636 http cache uuid@https://pkgs.dev.azure.com/krossk/_packaging/Kros.Npm/npm/registry/uuid/-/uuid-8.3.2.tgz 0ms (cache hit)
2637 http cache globals@https://pkgs.dev.azure.com/krossk/_packaging/Kros.Npm/npm/registry/globals/-/globals-15.14.0.tgz 0ms (cache hit)
2638 http cache p-locate@https://pkgs.dev.azure.com/krossk/_packaging/Kros.Npm/npm/registry/p-locate/-/p-locate-5.0.0.tgz 0ms (cache hit)
2639 http cache minimatch@https://pkgs.dev.azure.com/krossk/_packaging/Kros.Npm/npm/registry/minimatch/-/minimatch-3.1.2.tgz 0ms (cache hit)
2640 http cache json-schema-traverse@https://pkgs.dev.azure.com/krossk/_packaging/Kros.Npm/npm/registry/json-schema-traverse/-/json-schema-traverse-0.4.1.tgz 0ms (cache hit)
2641 http cache locate-path@https://pkgs.dev.azure.com/krossk/_packaging/Kros.Npm/npm/registry/locate-path/-/locate-path-6.0.0.tgz 0ms (cache hit)
2642 http cache ignore@https://pkgs.dev.azure.com/krossk/_packaging/Kros.Npm/npm/registry/ignore/-/ignore-5.3.2.tgz 0ms (cache hit)
2643 http cache find-up@https://pkgs.dev.azure.com/krossk/_packaging/Kros.Npm/npm/registry/find-up/-/find-up-5.0.0.tgz 0ms (cache hit)
2644 http cache brace-expansion@https://pkgs.dev.azure.com/krossk/_packaging/Kros.Npm/npm/registry/brace-expansion/-/brace-expansion-1.1.11.tgz 0ms (cache hit)
2645 http cache ajv@https://pkgs.dev.azure.com/krossk/_packaging/Kros.Npm/npm/registry/ajv/-/ajv-6.12.6.tgz 0ms (cache hit)
2646 http cache @eslint/js@https://pkgs.dev.azure.com/krossk/_packaging/Kros.Npm/npm/registry/@eslint/js/-/js-9.19.0.tgz 0ms (cache hit)
2647 http cache source-map@https://pkgs.dev.azure.com/krossk/_packaging/Kros.Npm/npm/registry/source-map/-/source-map-0.6.1.tgz 0ms (cache hit)
2648 http cache tapable@https://pkgs.dev.azure.com/krossk/_packaging/Kros.Npm/npm/registry/tapable/-/tapable-1.1.3.tgz 0ms (cache hit)
2649 http cache ws@https://pkgs.dev.azure.com/krossk/_packaging/Kros.Npm/npm/registry/ws/-/ws-8.17.1.tgz 0ms (cache hit)
2650 http cache debug@https://pkgs.dev.azure.com/krossk/_packaging/Kros.Npm/npm/registry/debug/-/debug-4.3.7.tgz 0ms (cache hit)
2651 http cache cookie@https://pkgs.dev.azure.com/krossk/_packaging/Kros.Npm/npm/registry/cookie/-/cookie-0.7.2.tgz 0ms (cache hit)
2652 http cache jsbn@https://pkgs.dev.azure.com/krossk/_packaging/Kros.Npm/npm/registry/jsbn/-/jsbn-0.1.1.tgz 0ms (cache hit)
2653 http cache string_decoder@https://pkgs.dev.azure.com/krossk/_packaging/Kros.Npm/npm/registry/string_decoder/-/string_decoder-1.1.1.tgz 0ms (cache hit)
2654 http cache safe-buffer@https://pkgs.dev.azure.com/krossk/_packaging/Kros.Npm/npm/registry/safe-buffer/-/safe-buffer-5.1.2.tgz 0ms (cache hit)
2655 http cache isarray@https://pkgs.dev.azure.com/krossk/_packaging/Kros.Npm/npm/registry/isarray/-/isarray-1.0.0.tgz 0ms (cache hit)
2656 http cache readable-stream@https://pkgs.dev.azure.com/krossk/_packaging/Kros.Npm/npm/registry/readable-stream/-/readable-stream-2.3.8.tgz 0ms (cache hit)
2657 http cache readdirp@https://pkgs.dev.azure.com/krossk/_packaging/Kros.Npm/npm/registry/readdirp/-/readdirp-3.6.0.tgz 0ms (cache hit)
2658 http cache picomatch@https://pkgs.dev.azure.com/krossk/_packaging/Kros.Npm/npm/registry/picomatch/-/picomatch-4.0.1.tgz 0ms (cache hit)
2659 http cache magic-string@https://pkgs.dev.azure.com/krossk/_packaging/Kros.Npm/npm/registry/magic-string/-/magic-string-0.30.8.tgz 0ms (cache hit)
2660 http cache picomatch@https://pkgs.dev.azure.com/krossk/_packaging/Kros.Npm/npm/registry/picomatch/-/picomatch-2.3.1.tgz 0ms (cache hit)
2661 http cache glob-parent@https://pkgs.dev.azure.com/krossk/_packaging/Kros.Npm/npm/registry/glob-parent/-/glob-parent-5.1.2.tgz 0ms (cache hit)
2662 http cache jsonc-parser@https://pkgs.dev.azure.com/krossk/_packaging/Kros.Npm/npm/registry/jsonc-parser/-/jsonc-parser-3.2.1.tgz 0ms (cache hit)
2663 http cache chokidar@https://pkgs.dev.azure.com/krossk/_packaging/Kros.Npm/npm/registry/chokidar/-/chokidar-3.6.0.tgz 0ms (cache hit)
2664 http cache ajv-formats@https://pkgs.dev.azure.com/krossk/_packaging/Kros.Npm/npm/registry/ajv-formats/-/ajv-formats-2.1.1.tgz 0ms (cache hit)
2665 http cache ajv@https://pkgs.dev.azure.com/krossk/_packaging/Kros.Npm/npm/registry/ajv/-/ajv-8.12.0.tgz 0ms (cache hit)
2666 http cache @angular-devkit/schematics@https://pkgs.dev.azure.com/krossk/_packaging/Kros.Npm/npm/registry/@angular-devkit/schematics/-/schematics-17.3.11.tgz 0ms (cache hit)
2667 http cache @schematics/angular@https://pkgs.dev.azure.com/krossk/_packaging/Kros.Npm/npm/registry/@schematics/angular/-/angular-17.3.11.tgz 0ms (cache hit)
2668 http cache @angular-devkit/core@https://pkgs.dev.azure.com/krossk/_packaging/Kros.Npm/npm/registry/@angular-devkit/core/-/core-17.3.11.tgz 0ms (cache hit)
2669 http cache readdirp@https://pkgs.dev.azure.com/krossk/_packaging/Kros.Npm/npm/registry/readdirp/-/readdirp-3.6.0.tgz 0ms (cache hit)
2670 http cache picomatch@https://pkgs.dev.azure.com/krossk/_packaging/Kros.Npm/npm/registry/picomatch/-/picomatch-2.3.1.tgz 0ms (cache hit)
2671 http cache jsonc-parser@https://pkgs.dev.azure.com/krossk/_packaging/Kros.Npm/npm/registry/jsonc-parser/-/jsonc-parser-3.2.1.tgz 0ms (cache hit)
2672 http cache picomatch@https://pkgs.dev.azure.com/krossk/_packaging/Kros.Npm/npm/registry/picomatch/-/picomatch-4.0.1.tgz 0ms (cache hit)
2673 http cache magic-string@https://pkgs.dev.azure.com/krossk/_packaging/Kros.Npm/npm/registry/magic-string/-/magic-string-0.30.8.tgz 0ms (cache hit)
2674 http cache chokidar@https://pkgs.dev.azure.com/krossk/_packaging/Kros.Npm/npm/registry/chokidar/-/chokidar-3.6.0.tgz 0ms (cache hit)
2675 http cache ajv-formats@https://pkgs.dev.azure.com/krossk/_packaging/Kros.Npm/npm/registry/ajv-formats/-/ajv-formats-2.1.1.tgz 0ms (cache hit)
2676 http cache glob-parent@https://pkgs.dev.azure.com/krossk/_packaging/Kros.Npm/npm/registry/glob-parent/-/glob-parent-5.1.2.tgz 0ms (cache hit)
2677 http cache ajv@https://pkgs.dev.azure.com/krossk/_packaging/Kros.Npm/npm/registry/ajv/-/ajv-8.12.0.tgz 0ms (cache hit)
2678 http cache @angular-devkit/core@https://pkgs.dev.azure.com/krossk/_packaging/Kros.Npm/npm/registry/@angular-devkit/core/-/core-17.3.11.tgz 0ms (cache hit)
2679 http cache tslib@https://pkgs.dev.azure.com/krossk/_packaging/Kros.Npm/npm/registry/tslib/-/tslib-2.6.0.tgz 0ms (cache hit)
2680 http cache tslib@https://pkgs.dev.azure.com/krossk/_packaging/Kros.Npm/npm/registry/tslib/-/tslib-2.3.1.tgz 0ms (cache hit)
2681 http cache @angular-devkit/schematics@https://pkgs.dev.azure.com/krossk/_packaging/Kros.Npm/npm/registry/@angular-devkit/schematics/-/schematics-17.3.11.tgz 0ms (cache hit)
2682 http cache globby@https://pkgs.dev.azure.com/krossk/_packaging/Kros.Npm/npm/registry/globby/-/globby-5.0.0.tgz 0ms (cache hit)
2683 http cache array-union@https://pkgs.dev.azure.com/krossk/_packaging/Kros.Npm/npm/registry/array-union/-/array-union-1.0.2.tgz 0ms (cache hit)
2684 http cache rimraf@https://pkgs.dev.azure.com/krossk/_packaging/Kros.Npm/npm/registry/rimraf/-/rimraf-2.7.1.tgz 0ms (cache hit)
2685 http cache internmap@https://pkgs.dev.azure.com/krossk/_packaging/Kros.Npm/npm/registry/internmap/-/internmap-1.0.1.tgz 0ms (cache hit)
2686 http cache mimic-response@https://pkgs.dev.azure.com/krossk/_packaging/Kros.Npm/npm/registry/mimic-response/-/mimic-response-3.1.0.tgz 0ms (cache hit)
2687 http cache d3-shape@https://pkgs.dev.azure.com/krossk/_packaging/Kros.Npm/npm/registry/d3-shape/-/d3-shape-1.3.7.tgz 0ms (cache hit)
2688 http cache yauzl@https://pkgs.dev.azure.com/krossk/_packaging/Kros.Npm/npm/registry/yauzl/-/yauzl-2.10.0.tgz 0ms (cache hit)
2689 http cache d3-array@https://pkgs.dev.azure.com/krossk/_packaging/Kros.Npm/npm/registry/d3-array/-/d3-array-2.12.1.tgz 0ms (cache hit)
2690 http cache d3-path@https://pkgs.dev.azure.com/krossk/_packaging/Kros.Npm/npm/registry/d3-path/-/d3-path-1.0.9.tgz 0ms (cache hit)
2691 http cache slice-ansi@https://pkgs.dev.azure.com/krossk/_packaging/Kros.Npm/npm/registry/slice-ansi/-/slice-ansi-3.0.0.tgz 0ms (cache hit)
2692 http cache supports-color@https://pkgs.dev.azure.com/krossk/_packaging/Kros.Npm/npm/registry/supports-color/-/supports-color-8.1.1.tgz 0ms (cache hit)
2693 http cache signal-exit@https://pkgs.dev.azure.com/krossk/_packaging/Kros.Npm/npm/registry/signal-exit/-/signal-exit-3.0.7.tgz 0ms (cache hit)
2694 http cache semver@https://pkgs.dev.azure.com/krossk/_packaging/Kros.Npm/npm/registry/semver/-/semver-7.7.2.tgz 0ms (cache hit)
2695 http cache proxy-from-env@https://pkgs.dev.azure.com/krossk/_packaging/Kros.Npm/npm/registry/proxy-from-env/-/proxy-from-env-1.0.0.tgz 0ms (cache hit)
2696 http cache p-map@https://pkgs.dev.azure.com/krossk/_packaging/Kros.Npm/npm/registry/p-map/-/p-map-4.0.0.tgz 0ms (cache hit)
2697 http cache log-update@https://pkgs.dev.azure.com/krossk/_packaging/Kros.Npm/npm/registry/log-update/-/log-update-4.0.0.tgz 0ms (cache hit)
2698 http cache slice-ansi@https://pkgs.dev.azure.com/krossk/_packaging/Kros.Npm/npm/registry/slice-ansi/-/slice-ansi-4.0.0.tgz 0ms (cache hit)
2699 http cache listr2@https://pkgs.dev.azure.com/krossk/_packaging/Kros.Npm/npm/registry/listr2/-/listr2-3.14.0.tgz 0ms (cache hit)
2700 http cache wrap-ansi@https://pkgs.dev.azure.com/krossk/_packaging/Kros.Npm/npm/registry/wrap-ansi/-/wrap-ansi-7.0.0.tgz 0ms (cache hit)
2701 http cache is-fullwidth-code-point@https://pkgs.dev.azure.com/krossk/_packaging/Kros.Npm/npm/registry/is-fullwidth-code-point/-/is-fullwidth-code-point-3.0.0.tgz 0ms (cache hit)
2702 http cache execa@https://pkgs.dev.azure.com/krossk/_packaging/Kros.Npm/npm/registry/execa/-/execa-4.1.0.tgz 0ms (cache hit)
2703 http cache human-signals@https://pkgs.dev.azure.com/krossk/_packaging/Kros.Npm/npm/registry/human-signals/-/human-signals-1.1.1.tgz 0ms (cache hit)
2704 http cache get-stream@https://pkgs.dev.azure.com/krossk/_packaging/Kros.Npm/npm/registry/get-stream/-/get-stream-5.2.0.tgz 0ms (cache hit)
2705 http cache cli-truncate@https://pkgs.dev.azure.com/krossk/_packaging/Kros.Npm/npm/registry/cli-truncate/-/cli-truncate-2.1.0.tgz 0ms (cache hit)
2706 http cache commander@https://pkgs.dev.azure.com/krossk/_packaging/Kros.Npm/npm/registry/commander/-/commander-6.2.1.tgz 0ms (cache hit)
2707 http cache ci-info@https://pkgs.dev.azure.com/krossk/_packaging/Kros.Npm/npm/registry/ci-info/-/ci-info-4.2.0.tgz 0ms (cache hit)
2708 http cache arch@https://pkgs.dev.azure.com/krossk/_packaging/Kros.Npm/npm/registry/arch/-/arch-2.2.0.tgz 0ms (cache hit)
2709 http cache cssom@https://pkgs.dev.azure.com/krossk/_packaging/Kros.Npm/npm/registry/cssom/-/cssom-0.3.8.tgz 0ms (cache hit)
2710 http cache mdn-data@https://pkgs.dev.azure.com/krossk/_packaging/Kros.Npm/npm/registry/mdn-data/-/mdn-data-2.0.28.tgz 0ms (cache hit)
2711 http cache css-tree@https://pkgs.dev.azure.com/krossk/_packaging/Kros.Npm/npm/registry/css-tree/-/css-tree-2.2.1.tgz 0ms (cache hit)
2712 http cache on-finished@https://pkgs.dev.azure.com/krossk/_packaging/Kros.Npm/npm/registry/on-finished/-/on-finished-2.3.0.tgz 0ms (cache hit)
2713 http cache yaml@https://pkgs.dev.azure.com/krossk/_packaging/Kros.Npm/npm/registry/yaml/-/yaml-1.10.2.tgz 0ms (cache hit)
2714 http cache statuses@https://pkgs.dev.azure.com/krossk/_packaging/Kros.Npm/npm/registry/statuses/-/statuses-1.5.0.tgz 0ms (cache hit)
2715 http cache ms@https://pkgs.dev.azure.com/krossk/_packaging/Kros.Npm/npm/registry/ms/-/ms-2.0.0.tgz 0ms (cache hit)
2716 http cache finalhandler@https://pkgs.dev.azure.com/krossk/_packaging/Kros.Npm/npm/registry/finalhandler/-/finalhandler-1.1.2.tgz 0ms (cache hit)
2717 http cache encodeurl@https://pkgs.dev.azure.com/krossk/_packaging/Kros.Npm/npm/registry/encodeurl/-/encodeurl-1.0.2.tgz 0ms (cache hit)
2718 http cache debug@https://pkgs.dev.azure.com/krossk/_packaging/Kros.Npm/npm/registry/debug/-/debug-2.6.9.tgz 0ms (cache hit)
2719 http cache yargs-parser@https://pkgs.dev.azure.com/krossk/_packaging/Kros.Npm/npm/registry/yargs-parser/-/yargs-parser-20.2.9.tgz 0ms (cache hit)
2720 http cache yargs@https://pkgs.dev.azure.com/krossk/_packaging/Kros.Npm/npm/registry/yargs/-/yargs-16.2.0.tgz 0ms (cache hit)
2721 http cache wrap-ansi@https://pkgs.dev.azure.com/krossk/_packaging/Kros.Npm/npm/registry/wrap-ansi/-/wrap-ansi-7.0.0.tgz 0ms (cache hit)
2722 http cache supports-color@https://pkgs.dev.azure.com/krossk/_packaging/Kros.Npm/npm/registry/supports-color/-/supports-color-8.1.1.tgz 0ms (cache hit)
2723 http cache rxjs@https://pkgs.dev.azure.com/krossk/_packaging/Kros.Npm/npm/registry/rxjs/-/rxjs-6.6.7.tgz 0ms (cache hit)
2724 http cache tslib@https://pkgs.dev.azure.com/krossk/_packaging/Kros.Npm/npm/registry/tslib/-/tslib-1.14.1.tgz 0ms (cache hit)
2725 http cache cliui@https://pkgs.dev.azure.com/krossk/_packaging/Kros.Npm/npm/registry/cliui/-/cliui-7.0.4.tgz 0ms (cache hit)
2726 http cache negotiator@https://pkgs.dev.azure.com/krossk/_packaging/Kros.Npm/npm/registry/negotiator/-/negotiator-0.6.4.tgz 0ms (cache hit)
2727 http cache ms@https://pkgs.dev.azure.com/krossk/_packaging/Kros.Npm/npm/registry/ms/-/ms-2.0.0.tgz 0ms (cache hit)
2728 http cache debug@https://pkgs.dev.azure.com/krossk/_packaging/Kros.Npm/npm/registry/debug/-/debug-2.6.9.tgz 0ms (cache hit)
2729 http cache strip-ansi@https://pkgs.dev.azure.com/krossk/_packaging/Kros.Npm/npm/registry/strip-ansi/-/strip-ansi-7.1.0.tgz 0ms (cache hit)
2730 http cache wrap-ansi@https://pkgs.dev.azure.com/krossk/_packaging/Kros.Npm/npm/registry/wrap-ansi/-/wrap-ansi-7.0.0.tgz 0ms (cache hit)
2731 http cache is-plain-object@https://pkgs.dev.azure.com/krossk/_packaging/Kros.Npm/npm/registry/is-plain-object/-/is-plain-object-2.0.4.tgz 0ms (cache hit)
2732 http cache string-width@https://pkgs.dev.azure.com/krossk/_packaging/Kros.Npm/npm/registry/string-width/-/string-width-7.2.0.tgz 0ms (cache hit)
2733 http cache emoji-regex@https://pkgs.dev.azure.com/krossk/_packaging/Kros.Npm/npm/registry/emoji-regex/-/emoji-regex-10.4.0.tgz 0ms (cache hit)
2734 http cache ansi-regex@https://pkgs.dev.azure.com/krossk/_packaging/Kros.Npm/npm/registry/ansi-regex/-/ansi-regex-6.1.0.tgz 0ms (cache hit)
2735 http cache tar@https://pkgs.dev.azure.com/krossk/_packaging/Kros.Npm/npm/registry/tar/-/tar-7.4.3.tgz 0ms (cache hit)
2736 http cache yallist@https://pkgs.dev.azure.com/krossk/_packaging/Kros.Npm/npm/registry/yallist/-/yallist-5.0.0.tgz 0ms (cache hit)
2737 http cache mkdirp@https://pkgs.dev.azure.com/krossk/_packaging/Kros.Npm/npm/registry/mkdirp/-/mkdirp-3.0.1.tgz 0ms (cache hit)
2738 http cache lru-cache@https://pkgs.dev.azure.com/krossk/_packaging/Kros.Npm/npm/registry/lru-cache/-/lru-cache-10.4.3.tgz 0ms (cache hit)
2739 http cache minimatch@https://pkgs.dev.azure.com/krossk/_packaging/Kros.Npm/npm/registry/minimatch/-/minimatch-9.0.5.tgz 0ms (cache hit)
2740 http cache chownr@https://pkgs.dev.azure.com/krossk/_packaging/Kros.Npm/npm/registry/chownr/-/chownr-3.0.0.tgz 0ms (cache hit)
2741 http cache glob@https://pkgs.dev.azure.com/krossk/_packaging/Kros.Npm/npm/registry/glob/-/glob-10.4.5.tgz 0ms (cache hit)
2742 http cache https-proxy-agent@https://pkgs.dev.azure.com/krossk/_packaging/Kros.Npm/npm/registry/https-proxy-agent/-/https-proxy-agent-2.2.4.tgz 0ms (cache hit)
2743 http cache agent-base@https://pkgs.dev.azure.com/krossk/_packaging/Kros.Npm/npm/registry/agent-base/-/agent-base-4.3.0.tgz 0ms (cache hit)
2744 http cache debug@https://pkgs.dev.azure.com/krossk/_packaging/Kros.Npm/npm/registry/debug/-/debug-3.2.7.tgz 0ms (cache hit)
2745 http cache qs@https://pkgs.dev.azure.com/krossk/_packaging/Kros.Npm/npm/registry/qs/-/qs-6.13.0.tgz 0ms (cache hit)
2746 http cache iconv-lite@https://pkgs.dev.azure.com/krossk/_packaging/Kros.Npm/npm/registry/iconv-lite/-/iconv-lite-0.4.24.tgz 0ms (cache hit)
2747 http cache ms@https://pkgs.dev.azure.com/krossk/_packaging/Kros.Npm/npm/registry/ms/-/ms-2.0.0.tgz 0ms (cache hit)
2748 http cache debug@https://pkgs.dev.azure.com/krossk/_packaging/Kros.Npm/npm/registry/debug/-/debug-2.6.9.tgz 0ms (cache hit)
2749 http cache safe-buffer@https://pkgs.dev.azure.com/krossk/_packaging/Kros.Npm/npm/registry/safe-buffer/-/safe-buffer-5.1.2.tgz 0ms (cache hit)
2750 http cache regenerator-runtime@https://pkgs.dev.azure.com/krossk/_packaging/Kros.Npm/npm/registry/regenerator-runtime/-/regenerator-runtime-0.11.1.tgz 0ms (cache hit)
2751 http cache core-js@https://pkgs.dev.azure.com/krossk/_packaging/Kros.Npm/npm/registry/core-js/-/core-js-2.6.12.tgz 0ms (cache hit)
2752 http cache regenerator-runtime@https://pkgs.dev.azure.com/krossk/_packaging/Kros.Npm/npm/registry/regenerator-runtime/-/regenerator-runtime-0.10.5.tgz 0ms (cache hit)
2753 http cache core-js@https://pkgs.dev.azure.com/krossk/_packaging/Kros.Npm/npm/registry/core-js/-/core-js-2.6.12.tgz 0ms (cache hit)
2754 http cache semver@https://pkgs.dev.azure.com/krossk/_packaging/Kros.Npm/npm/registry/semver/-/semver-6.3.1.tgz 0ms (cache hit)
2755 http cache istanbul-lib-instrument@https://pkgs.dev.azure.com/krossk/_packaging/Kros.Npm/npm/registry/istanbul-lib-instrument/-/istanbul-lib-instrument-5.2.1.tgz 0ms (cache hit)
2756 http cache semver@https://pkgs.dev.azure.com/krossk/_packaging/Kros.Npm/npm/registry/semver/-/semver-6.3.1.tgz 0ms (cache hit)
2757 http cache string_decoder@https://pkgs.dev.azure.com/krossk/_packaging/Kros.Npm/npm/registry/string_decoder/-/string_decoder-1.1.1.tgz 0ms (cache hit)
2758 http cache safe-buffer@https://pkgs.dev.azure.com/krossk/_packaging/Kros.Npm/npm/registry/safe-buffer/-/safe-buffer-5.1.2.tgz 0ms (cache hit)
2759 http cache readable-stream@https://pkgs.dev.azure.com/krossk/_packaging/Kros.Npm/npm/registry/readable-stream/-/readable-stream-2.3.8.tgz 0ms (cache hit)
2760 http cache isarray@https://pkgs.dev.azure.com/krossk/_packaging/Kros.Npm/npm/registry/isarray/-/isarray-1.0.0.tgz 0ms (cache hit)
2761 http cache picomatch@https://pkgs.dev.azure.com/krossk/_packaging/Kros.Npm/npm/registry/picomatch/-/picomatch-2.3.1.tgz 0ms (cache hit)
2762 http cache tar-stream@https://pkgs.dev.azure.com/krossk/_packaging/Kros.Npm/npm/registry/tar-stream/-/tar-stream-2.2.0.tgz 0ms (cache hit)
2763 http cache loader-utils@https://pkgs.dev.azure.com/krossk/_packaging/Kros.Npm/npm/registry/loader-utils/-/loader-utils-2.0.4.tgz 0ms (cache hit)
2764 http cache postcss@https://pkgs.dev.azure.com/krossk/_packaging/Kros.Npm/npm/registry/postcss/-/postcss-8.5.3.tgz 0ms (cache hit)
2765 http cache nanoid@https://pkgs.dev.azure.com/krossk/_packaging/Kros.Npm/npm/registry/nanoid/-/nanoid-3.3.11.tgz 0ms (cache hit)
2766 http cache minimatch@https://pkgs.dev.azure.com/krossk/_packaging/Kros.Npm/npm/registry/minimatch/-/minimatch-9.0.5.tgz 0ms (cache hit)
2767 http cache glob@https://pkgs.dev.azure.com/krossk/_packaging/Kros.Npm/npm/registry/glob/-/glob-10.4.5.tgz 0ms (cache hit)
2768 http cache @univerjs/protocol@https://pkgs.dev.azure.com/krossk/_packaging/Kros.Npm/npm/registry/@univerjs/protocol/-/protocol-0.1.46.tgz 0ms (cache hit)
2769 http cache @phenomnomnominal/tsquery@https://pkgs.dev.azure.com/krossk/_packaging/Kros.Npm/npm/registry/@phenomnomnominal/tsquery/-/tsquery-6.1.3.tgz 0ms (cache hit)
2770 http cache @univerjs/protocol@https://pkgs.dev.azure.com/krossk/_packaging/Kros.Npm/npm/registry/@univerjs/protocol/-/protocol-0.1.46.tgz 0ms (cache hit)
2771 http cache pako@https://pkgs.dev.azure.com/krossk/_packaging/Kros.Npm/npm/registry/pako/-/pako-2.1.0.tgz 0ms (cache hit)
2772 http cache @univerjs/protocol@https://pkgs.dev.azure.com/krossk/_packaging/Kros.Npm/npm/registry/@univerjs/protocol/-/protocol-0.1.46.tgz 0ms (cache hit)
2773 http cache minimatch@https://pkgs.dev.azure.com/krossk/_packaging/Kros.Npm/npm/registry/minimatch/-/minimatch-9.0.5.tgz 0ms (cache hit)
2774 http cache ignore@https://pkgs.dev.azure.com/krossk/_packaging/Kros.Npm/npm/registry/ignore/-/ignore-5.3.2.tgz 0ms (cache hit)
2775 http cache @types/express-serve-static-core@https://pkgs.dev.azure.com/krossk/_packaging/Kros.Npm/npm/registry/@types/express-serve-static-core/-/express-serve-static-core-4.19.6.tgz 0ms (cache hit)
2776 http cache minimatch@https://pkgs.dev.azure.com/krossk/_packaging/Kros.Npm/npm/registry/minimatch/-/minimatch-9.0.5.tgz 0ms (cache hit)
2777 http cache ws@https://pkgs.dev.azure.com/krossk/_packaging/Kros.Npm/npm/registry/ws/-/ws-8.18.0.tgz 0ms (cache hit)
2778 http cache ws@https://pkgs.dev.azure.com/krossk/_packaging/Kros.Npm/npm/registry/ws/-/ws-8.18.2.tgz 0ms (cache hit)
2779 http cache picomatch@https://pkgs.dev.azure.com/krossk/_packaging/Kros.Npm/npm/registry/picomatch/-/picomatch-2.3.1.tgz 0ms (cache hit)
2780 http cache readdirp@https://pkgs.dev.azure.com/krossk/_packaging/Kros.Npm/npm/registry/readdirp/-/readdirp-3.6.0.tgz 0ms (cache hit)
2781 http cache is-plain-obj@https://pkgs.dev.azure.com/krossk/_packaging/Kros.Npm/npm/registry/is-plain-obj/-/is-plain-obj-3.0.0.tgz 0ms (cache hit)
2782 http cache glob-parent@https://pkgs.dev.azure.com/krossk/_packaging/Kros.Npm/npm/registry/glob-parent/-/glob-parent-5.1.2.tgz 0ms (cache hit)
2783 http cache http-proxy-middleware@https://pkgs.dev.azure.com/krossk/_packaging/Kros.Npm/npm/registry/http-proxy-middleware/-/http-proxy-middleware-2.0.9.tgz 0ms (cache hit)
2784 http cache chokidar@https://pkgs.dev.azure.com/krossk/_packaging/Kros.Npm/npm/registry/chokidar/-/chokidar-3.6.0.tgz 0ms (cache hit)
2785 http cache @module-federation/sdk@https://pkgs.dev.azure.com/krossk/_packaging/Kros.Npm/npm/registry/@module-federation/sdk/-/sdk-0.8.4.tgz 0ms (cache hit)
2786 http cache @module-federation/webpack-bundler-runtime@https://pkgs.dev.azure.com/krossk/_packaging/Kros.Npm/npm/registry/@module-federation/webpack-bundler-runtime/-/webpack-bundler-runtime-0.8.4.tgz 0ms (cache hit)
2787 http cache @module-federation/runtime-tools@https://pkgs.dev.azure.com/krossk/_packaging/Kros.Npm/npm/registry/@module-federation/runtime-tools/-/runtime-tools-0.8.4.tgz 0ms (cache hit)
2788 http cache @module-federation/runtime@https://pkgs.dev.azure.com/krossk/_packaging/Kros.Npm/npm/registry/@module-federation/runtime/-/runtime-0.8.4.tgz 0ms (cache hit)
2789 http cache node-addon-api@https://pkgs.dev.azure.com/krossk/_packaging/Kros.Npm/npm/registry/node-addon-api/-/node-addon-api-7.1.1.tgz 0ms (cache hit)
2790 http cache @module-federation/error-codes@https://pkgs.dev.azure.com/krossk/_packaging/Kros.Npm/npm/registry/@module-federation/error-codes/-/error-codes-0.8.4.tgz 0ms (cache hit)
2791 http cache detect-libc@https://pkgs.dev.azure.com/krossk/_packaging/Kros.Npm/npm/registry/detect-libc/-/detect-libc-1.0.3.tgz 0ms (cache hit)
2792 http cache webpack-dev-server@https://pkgs.dev.azure.com/krossk/_packaging/Kros.Npm/npm/registry/webpack-dev-server/-/webpack-dev-server-5.2.1.tgz 0ms (cache hit)
2793 http cache ws@https://pkgs.dev.azure.com/krossk/_packaging/Kros.Npm/npm/registry/ws/-/ws-8.18.2.tgz 0ms (cache hit)
2794 http cache ts-loader@https://pkgs.dev.azure.com/krossk/_packaging/Kros.Npm/npm/registry/ts-loader/-/ts-loader-9.5.2.tgz 0ms (cache hit)
2795 http cache readdirp@https://pkgs.dev.azure.com/krossk/_packaging/Kros.Npm/npm/registry/readdirp/-/readdirp-3.6.0.tgz 0ms (cache hit)
2796 http cache slash@https://pkgs.dev.azure.com/krossk/_packaging/Kros.Npm/npm/registry/slash/-/slash-4.0.0.tgz 0ms (cache hit)
2797 http cache postcss-loader@https://pkgs.dev.azure.com/krossk/_packaging/Kros.Npm/npm/registry/postcss-loader/-/postcss-loader-6.2.1.tgz 0ms (cache hit)
2798 http cache pify@https://pkgs.dev.azure.com/krossk/_packaging/Kros.Npm/npm/registry/pify/-/pify-4.0.1.tgz 0ms (cache hit)
2799 http cache parse5@https://pkgs.dev.azure.com/krossk/_packaging/Kros.Npm/npm/registry/parse5/-/parse5-4.0.0.tgz 0ms (cache hit)
2800 http cache picomatch@https://pkgs.dev.azure.com/krossk/_packaging/Kros.Npm/npm/registry/picomatch/-/picomatch-2.3.1.tgz 0ms (cache hit)
2801 http cache make-dir@https://pkgs.dev.azure.com/krossk/_packaging/Kros.Npm/npm/registry/make-dir/-/make-dir-2.1.0.tgz 0ms (cache hit)
2802 http cache mini-css-extract-plugin@https://pkgs.dev.azure.com/krossk/_packaging/Kros.Npm/npm/registry/mini-css-extract-plugin/-/mini-css-extract-plugin-2.4.7.tgz 0ms (cache hit)
2803 http cache semver@https://pkgs.dev.azure.com/krossk/_packaging/Kros.Npm/npm/registry/semver/-/semver-5.7.2.tgz 0ms (cache hit)
2804 http cache less-loader@https://pkgs.dev.azure.com/krossk/_packaging/Kros.Npm/npm/registry/less-loader/-/less-loader-11.1.0.tgz 0ms (cache hit)
2805 http cache loader-utils@https://pkgs.dev.azure.com/krossk/_packaging/Kros.Npm/npm/registry/loader-utils/-/loader-utils-2.0.4.tgz 0ms (cache hit)
2806 http cache less@https://pkgs.dev.azure.com/krossk/_packaging/Kros.Npm/npm/registry/less/-/less-4.1.3.tgz 0ms (cache hit)
2807 http cache is-plain-obj@https://pkgs.dev.azure.com/krossk/_packaging/Kros.Npm/npm/registry/is-plain-obj/-/is-plain-obj-3.0.0.tgz 0ms (cache hit)
2808 http cache source-map@https://pkgs.dev.azure.com/krossk/_packaging/Kros.Npm/npm/registry/source-map/-/source-map-0.6.1.tgz 0ms (cache hit)
2809 http cache ipaddr.js@https://pkgs.dev.azure.com/krossk/_packaging/Kros.Npm/npm/registry/ipaddr.js/-/ipaddr.js-2.2.0.tgz 0ms (cache hit)
2810 http cache ignore@https://pkgs.dev.azure.com/krossk/_packaging/Kros.Npm/npm/registry/ignore/-/ignore-5.3.2.tgz 0ms (cache hit)
2811 http cache http-proxy-middleware@https://pkgs.dev.azure.com/krossk/_packaging/Kros.Npm/npm/registry/http-proxy-middleware/-/http-proxy-middleware-2.0.9.tgz 0ms (cache hit)
2812 http cache globby@https://pkgs.dev.azure.com/krossk/_packaging/Kros.Npm/npm/registry/globby/-/globby-12.2.0.tgz 0ms (cache hit)
2813 http cache css-loader@https://pkgs.dev.azure.com/krossk/_packaging/Kros.Npm/npm/registry/css-loader/-/css-loader-6.11.0.tgz 0ms (cache hit)
2814 http cache enhanced-resolve@https://pkgs.dev.azure.com/krossk/_packaging/Kros.Npm/npm/registry/enhanced-resolve/-/enhanced-resolve-5.18.1.tgz 0ms (cache hit)
2815 http cache copy-webpack-plugin@https://pkgs.dev.azure.com/krossk/_packaging/Kros.Npm/npm/registry/copy-webpack-plugin/-/copy-webpack-plugin-10.2.4.tgz 0ms (cache hit)
2816 http cache chokidar@https://pkgs.dev.azure.com/krossk/_packaging/Kros.Npm/npm/registry/chokidar/-/chokidar-3.6.0.tgz 0ms (cache hit)
2817 http cache glob-parent@https://pkgs.dev.azure.com/krossk/_packaging/Kros.Npm/npm/registry/glob-parent/-/glob-parent-5.1.2.tgz 0ms (cache hit)
2818 http cache @types/express-serve-static-core@https://pkgs.dev.azure.com/krossk/_packaging/Kros.Npm/npm/registry/@types/express-serve-static-core/-/express-serve-static-core-4.19.6.tgz 0ms (cache hit)
2819 http cache parse5@https://pkgs.dev.azure.com/krossk/_packaging/Kros.Npm/npm/registry/parse5/-/parse5-4.0.0.tgz 0ms (cache hit)
2820 http cache loader-utils@https://pkgs.dev.azure.com/krossk/_packaging/Kros.Npm/npm/registry/loader-utils/-/loader-utils-2.0.4.tgz 0ms (cache hit)
2821 http cache less-loader@https://pkgs.dev.azure.com/krossk/_packaging/Kros.Npm/npm/registry/less-loader/-/less-loader-11.1.0.tgz 0ms (cache hit)
2822 http cache css-loader@https://pkgs.dev.azure.com/krossk/_packaging/Kros.Npm/npm/registry/css-loader/-/css-loader-6.11.0.tgz 0ms (cache hit)
2823 http cache enquirer@https://pkgs.dev.azure.com/krossk/_packaging/Kros.Npm/npm/registry/enquirer/-/enquirer-2.4.1.tgz 0ms (cache hit)
2824 http cache source-map-support@https://pkgs.dev.azure.com/krossk/_packaging/Kros.Npm/npm/registry/source-map-support/-/source-map-support-0.5.19.tgz 0ms (cache hit)
2825 http cache validate-npm-package-name@https://pkgs.dev.azure.com/krossk/_packaging/Kros.Npm/npm/registry/validate-npm-package-name/-/validate-npm-package-name-5.0.1.tgz 0ms (cache hit)
2826 http cache source-map@https://pkgs.dev.azure.com/krossk/_packaging/Kros.Npm/npm/registry/source-map/-/source-map-0.6.1.tgz 0ms (cache hit)
2827 http cache ora@https://pkgs.dev.azure.com/krossk/_packaging/Kros.Npm/npm/registry/ora/-/ora-5.3.0.tgz 0ms (cache hit)
2828 http cache proc-log@https://pkgs.dev.azure.com/krossk/_packaging/Kros.Npm/npm/registry/proc-log/-/proc-log-3.0.0.tgz 0ms (cache hit)
2829 http cache npm-package-arg@https://pkgs.dev.azure.com/krossk/_packaging/Kros.Npm/npm/registry/npm-package-arg/-/npm-package-arg-11.0.1.tgz 0ms (cache hit)
2830 http cache jsonc-parser@https://pkgs.dev.azure.com/krossk/_packaging/Kros.Npm/npm/registry/jsonc-parser/-/jsonc-parser-3.2.0.tgz 0ms (cache hit)
2831 http cache lru-cache@https://pkgs.dev.azure.com/krossk/_packaging/Kros.Npm/npm/registry/lru-cache/-/lru-cache-10.4.3.tgz 0ms (cache hit)
2832 http cache ignore@https://pkgs.dev.azure.com/krossk/_packaging/Kros.Npm/npm/registry/ignore/-/ignore-5.3.2.tgz 0ms (cache hit)
2833 http cache hosted-git-info@https://pkgs.dev.azure.com/krossk/_packaging/Kros.Npm/npm/registry/hosted-git-info/-/hosted-git-info-7.0.2.tgz 0ms (cache hit)
2834 http cache globals@https://pkgs.dev.azure.com/krossk/_packaging/Kros.Npm/npm/registry/globals/-/globals-15.14.0.tgz 0ms (cache hit)
2835 http cache ignore@https://pkgs.dev.azure.com/krossk/_packaging/Kros.Npm/npm/registry/ignore/-/ignore-5.3.2.tgz 0ms (cache hit)
2836 http cache semver@https://pkgs.dev.azure.com/krossk/_packaging/Kros.Npm/npm/registry/semver/-/semver-7.5.4.tgz 0ms (cache hit)
2837 http cache yallist@https://pkgs.dev.azure.com/krossk/_packaging/Kros.Npm/npm/registry/yallist/-/yallist-4.0.0.tgz 0ms (cache hit)
2838 http cache ora@https://pkgs.dev.azure.com/krossk/_packaging/Kros.Npm/npm/registry/ora/-/ora-5.3.0.tgz 0ms (cache hit)
2839 http cache open@https://pkgs.dev.azure.com/krossk/_packaging/Kros.Npm/npm/registry/open/-/open-8.4.2.tgz 0ms (cache hit)
2840 http cache nx@https://pkgs.dev.azure.com/krossk/_packaging/Kros.Npm/npm/registry/nx/-/nx-21.0.0.tgz 0ms (cache hit)
2841 http cache enquirer@https://pkgs.dev.azure.com/krossk/_packaging/Kros.Npm/npm/registry/enquirer/-/enquirer-2.3.6.tgz 0ms (cache hit)
2842 http cache tar-stream@https://pkgs.dev.azure.com/krossk/_packaging/Kros.Npm/npm/registry/tar-stream/-/tar-stream-2.2.0.tgz 0ms (cache hit)
2843 http cache lru-cache@https://pkgs.dev.azure.com/krossk/_packaging/Kros.Npm/npm/registry/lru-cache/-/lru-cache-6.0.0.tgz 0ms (cache hit)
2844 http cache jsonc-parser@https://pkgs.dev.azure.com/krossk/_packaging/Kros.Npm/npm/registry/jsonc-parser/-/jsonc-parser-3.2.0.tgz 0ms (cache hit)
2845 http cache is-wsl@https://pkgs.dev.azure.com/krossk/_packaging/Kros.Npm/npm/registry/is-wsl/-/is-wsl-2.2.0.tgz 0ms (cache hit)
2846 http cache is-docker@https://pkgs.dev.azure.com/krossk/_packaging/Kros.Npm/npm/registry/is-docker/-/is-docker-2.2.1.tgz 0ms (cache hit)
2847 http cache ignore@https://pkgs.dev.azure.com/krossk/_packaging/Kros.Npm/npm/registry/ignore/-/ignore-5.3.2.tgz 0ms (cache hit)
2848 http cache flat@https://pkgs.dev.azure.com/krossk/_packaging/Kros.Npm/npm/registry/flat/-/flat-5.0.2.tgz 0ms (cache hit)
2849 http cache enquirer@https://pkgs.dev.azure.com/krossk/_packaging/Kros.Npm/npm/registry/enquirer/-/enquirer-2.4.1.tgz 0ms (cache hit)
2850 http cache define-lazy-prop@https://pkgs.dev.azure.com/krossk/_packaging/Kros.Npm/npm/registry/define-lazy-prop/-/define-lazy-prop-2.0.0.tgz 0ms (cache hit)
2851 http cache @nx/devkit@https://pkgs.dev.azure.com/krossk/_packaging/Kros.Npm/npm/registry/@nx/devkit/-/devkit-21.0.0.tgz 0ms (cache hit)
2852 http cache @nx/nx-linux-x64-musl@https://pkgs.dev.azure.com/krossk/_packaging/Kros.Npm/npm/registry/@nx/nx-linux-x64-musl/-/nx-linux-x64-musl-21.0.0.tgz 0ms (cache hit)
2853 http cache @nx/nx-linux-x64-gnu@https://pkgs.dev.azure.com/krossk/_packaging/Kros.Npm/npm/registry/@nx/nx-linux-x64-gnu/-/nx-linux-x64-gnu-21.0.0.tgz 0ms (cache hit)
2854 http cache enquirer@https://pkgs.dev.azure.com/krossk/_packaging/Kros.Npm/npm/registry/enquirer/-/enquirer-2.3.6.tgz 0ms (cache hit)
2855 http cache @azure/storage-blob@https://pkgs.dev.azure.com/krossk/_packaging/Kros.Npm/npm/registry/@azure/storage-blob/-/storage-blob-12.25.0.tgz 0ms (cache hit)
2856 http cache webpack-merge@https://pkgs.dev.azure.com/krossk/_packaging/Kros.Npm/npm/registry/webpack-merge/-/webpack-merge-5.10.0.tgz 0ms (cache hit)
2857 http cache flat@https://pkgs.dev.azure.com/krossk/_packaging/Kros.Npm/npm/registry/flat/-/flat-5.0.2.tgz 0ms (cache hit)
2858 http cache isexe@https://pkgs.dev.azure.com/krossk/_packaging/Kros.Npm/npm/registry/isexe/-/isexe-3.1.1.tgz 0ms (cache hit)
2859 http cache which@https://pkgs.dev.azure.com/krossk/_packaging/Kros.Npm/npm/registry/which/-/which-5.0.0.tgz 0ms (cache hit)
2860 http cache isexe@https://pkgs.dev.azure.com/krossk/_packaging/Kros.Npm/npm/registry/isexe/-/isexe-3.1.1.tgz 0ms (cache hit)
2861 http cache which@https://pkgs.dev.azure.com/krossk/_packaging/Kros.Npm/npm/registry/which/-/which-5.0.0.tgz 0ms (cache hit)
2862 http cache minimatch@https://pkgs.dev.azure.com/krossk/_packaging/Kros.Npm/npm/registry/minimatch/-/minimatch-9.0.5.tgz 0ms (cache hit)
2863 http cache glob@https://pkgs.dev.azure.com/krossk/_packaging/Kros.Npm/npm/registry/glob/-/glob-10.4.5.tgz 0ms (cache hit)
2864 http cache which@https://pkgs.dev.azure.com/krossk/_packaging/Kros.Npm/npm/registry/which/-/which-5.0.0.tgz 0ms (cache hit)
2865 http cache lru-cache@https://pkgs.dev.azure.com/krossk/_packaging/Kros.Npm/npm/registry/lru-cache/-/lru-cache-10.4.3.tgz 0ms (cache hit)
2866 http cache isexe@https://pkgs.dev.azure.com/krossk/_packaging/Kros.Npm/npm/registry/isexe/-/isexe-3.1.1.tgz 0ms (cache hit)
2867 http cache lru-cache@https://pkgs.dev.azure.com/krossk/_packaging/Kros.Npm/npm/registry/lru-cache/-/lru-cache-10.4.3.tgz 0ms (cache hit)
2868 http cache statuses@https://pkgs.dev.azure.com/krossk/_packaging/Kros.Npm/npm/registry/statuses/-/statuses-1.5.0.tgz 0ms (cache hit)
2869 http cache ws@https://pkgs.dev.azure.com/krossk/_packaging/Kros.Npm/npm/registry/ws/-/ws-8.18.0.tgz 0ms (cache hit)
2870 http cache resolve@https://pkgs.dev.azure.com/krossk/_packaging/Kros.Npm/npm/registry/resolve/-/resolve-1.22.8.tgz 0ms (cache hit)
2871 http cache resolve@https://pkgs.dev.azure.com/krossk/_packaging/Kros.Npm/npm/registry/resolve/-/resolve-1.22.8.tgz 0ms (cache hit)
2872 http cache http-errors@https://pkgs.dev.azure.com/krossk/_packaging/Kros.Npm/npm/registry/http-errors/-/http-errors-1.8.1.tgz 0ms (cache hit)
2873 http cache koa@https://pkgs.dev.azure.com/krossk/_packaging/Kros.Npm/npm/registry/koa/-/koa-2.16.1.tgz 0ms (cache hit)
2874 http cache depd@https://pkgs.dev.azure.com/krossk/_packaging/Kros.Npm/npm/registry/depd/-/depd-1.1.2.tgz 0ms (cache hit)
2875 http cache chalk@https://pkgs.dev.azure.com/krossk/_packaging/Kros.Npm/npm/registry/chalk/-/chalk-3.0.0.tgz 0ms (cache hit)
2876 http cache encodeurl@https://pkgs.dev.azure.com/krossk/_packaging/Kros.Npm/npm/registry/encodeurl/-/encodeurl-1.0.2.tgz 0ms (cache hit)
2877 http cache @module-federation/webpack-bundler-runtime@https://pkgs.dev.azure.com/krossk/_packaging/Kros.Npm/npm/registry/@module-federation/webpack-bundler-runtime/-/webpack-bundler-runtime-0.14.0.tgz 0ms (cache hit)
2878 http cache @module-federation/sdk@https://pkgs.dev.azure.com/krossk/_packaging/Kros.Npm/npm/registry/@module-federation/sdk/-/sdk-0.14.0.tgz 0ms (cache hit)
2879 http cache @module-federation/third-party-dts-extractor@https://pkgs.dev.azure.com/krossk/_packaging/Kros.Npm/npm/registry/@module-federation/third-party-dts-extractor/-/third-party-dts-extractor-0.14.0.tgz 0ms (cache hit)
2880 http cache @module-federation/runtime-tools@https://pkgs.dev.azure.com/krossk/_packaging/Kros.Npm/npm/registry/@module-federation/runtime-tools/-/runtime-tools-0.14.0.tgz 0ms (cache hit)
2881 http cache @module-federation/runtime-core@https://pkgs.dev.azure.com/krossk/_packaging/Kros.Npm/npm/registry/@module-federation/runtime-core/-/runtime-core-0.14.0.tgz 0ms (cache hit)
2882 http cache @module-federation/runtime@https://pkgs.dev.azure.com/krossk/_packaging/Kros.Npm/npm/registry/@module-federation/runtime/-/runtime-0.14.0.tgz 0ms (cache hit)
2883 http cache @module-federation/rspack@https://pkgs.dev.azure.com/krossk/_packaging/Kros.Npm/npm/registry/@module-federation/rspack/-/rspack-0.14.0.tgz 0ms (cache hit)
2884 http cache @module-federation/manifest@https://pkgs.dev.azure.com/krossk/_packaging/Kros.Npm/npm/registry/@module-federation/manifest/-/manifest-0.14.0.tgz 0ms (cache hit)
2885 http cache @module-federation/inject-external-runtime-core-plugin@https://pkgs.dev.azure.com/krossk/_packaging/Kros.Npm/npm/registry/@module-federation/inject-external-runtime-core-plugin/-/inject-external-runtime-core-plugin-0.14.0.tgz 0ms (cache hit)
2886 http cache @module-federation/managers@https://pkgs.dev.azure.com/krossk/_packaging/Kros.Npm/npm/registry/@module-federation/managers/-/managers-0.14.0.tgz 0ms (cache hit)
2887 http cache @module-federation/error-codes@https://pkgs.dev.azure.com/krossk/_packaging/Kros.Npm/npm/registry/@module-federation/error-codes/-/error-codes-0.14.0.tgz 0ms (cache hit)
2888 http cache @module-federation/dts-plugin@https://pkgs.dev.azure.com/krossk/_packaging/Kros.Npm/npm/registry/@module-federation/dts-plugin/-/dts-plugin-0.14.0.tgz 0ms (cache hit)
2889 http cache @module-federation/enhanced@https://pkgs.dev.azure.com/krossk/_packaging/Kros.Npm/npm/registry/@module-federation/enhanced/-/enhanced-0.14.0.tgz 0ms (cache hit)
2890 http cache @module-federation/data-prefetch@https://pkgs.dev.azure.com/krossk/_packaging/Kros.Npm/npm/registry/@module-federation/data-prefetch/-/data-prefetch-0.14.0.tgz 0ms (cache hit)
2891 http cache @module-federation/bridge-react-webpack-plugin@https://pkgs.dev.azure.com/krossk/_packaging/Kros.Npm/npm/registry/@module-federation/bridge-react-webpack-plugin/-/bridge-react-webpack-plugin-0.14.0.tgz 0ms (cache hit)
2892 http cache chalk@https://pkgs.dev.azure.com/krossk/_packaging/Kros.Npm/npm/registry/chalk/-/chalk-3.0.0.tgz 0ms (cache hit)
2893 http cache ws@https://pkgs.dev.azure.com/krossk/_packaging/Kros.Npm/npm/registry/ws/-/ws-8.18.0.tgz 0ms (cache hit)
2894 http cache chalk@https://pkgs.dev.azure.com/krossk/_packaging/Kros.Npm/npm/registry/chalk/-/chalk-3.0.0.tgz 0ms (cache hit)
2895 http cache statuses@https://pkgs.dev.azure.com/krossk/_packaging/Kros.Npm/npm/registry/statuses/-/statuses-1.5.0.tgz 0ms (cache hit)
2896 http cache ws@https://pkgs.dev.azure.com/krossk/_packaging/Kros.Npm/npm/registry/ws/-/ws-8.18.0.tgz 0ms (cache hit)
2897 http cache resolve@https://pkgs.dev.azure.com/krossk/_packaging/Kros.Npm/npm/registry/resolve/-/resolve-1.22.8.tgz 0ms (cache hit)
2898 http cache http-errors@https://pkgs.dev.azure.com/krossk/_packaging/Kros.Npm/npm/registry/http-errors/-/http-errors-1.8.1.tgz 0ms (cache hit)
2899 http cache koa@https://pkgs.dev.azure.com/krossk/_packaging/Kros.Npm/npm/registry/koa/-/koa-2.16.1.tgz 0ms (cache hit)
2900 http cache depd@https://pkgs.dev.azure.com/krossk/_packaging/Kros.Npm/npm/registry/depd/-/depd-1.1.2.tgz 0ms (cache hit)
2901 http cache encodeurl@https://pkgs.dev.azure.com/krossk/_packaging/Kros.Npm/npm/registry/encodeurl/-/encodeurl-1.0.2.tgz 0ms (cache hit)
2902 http cache commander@https://pkgs.dev.azure.com/krossk/_packaging/Kros.Npm/npm/registry/commander/-/commander-11.1.0.tgz 0ms (cache hit)
2903 http cache chalk@https://pkgs.dev.azure.com/krossk/_packaging/Kros.Npm/npm/registry/chalk/-/chalk-3.0.0.tgz 0ms (cache hit)
2904 http cache @module-federation/third-party-dts-extractor@https://pkgs.dev.azure.com/krossk/_packaging/Kros.Npm/npm/registry/@module-federation/third-party-dts-extractor/-/third-party-dts-extractor-0.14.0.tgz 0ms (cache hit)
2905 http cache @module-federation/managers@https://pkgs.dev.azure.com/krossk/_packaging/Kros.Npm/npm/registry/@module-federation/managers/-/managers-0.14.0.tgz 0ms (cache hit)
2906 http cache @module-federation/sdk@https://pkgs.dev.azure.com/krossk/_packaging/Kros.Npm/npm/registry/@module-federation/sdk/-/sdk-0.14.0.tgz 0ms (cache hit)
2907 http cache @module-federation/error-codes@https://pkgs.dev.azure.com/krossk/_packaging/Kros.Npm/npm/registry/@module-federation/error-codes/-/error-codes-0.14.0.tgz 0ms (cache hit)
2908 http cache esbuild@https://pkgs.dev.azure.com/krossk/_packaging/Kros.Npm/npm/registry/esbuild/-/esbuild-0.17.19.tgz 0ms (cache hit)
2909 http cache @module-federation/dts-plugin@https://pkgs.dev.azure.com/krossk/_packaging/Kros.Npm/npm/registry/@module-federation/dts-plugin/-/dts-plugin-0.14.0.tgz 0ms (cache hit)
2910 http cache @esbuild/linux-x64@https://pkgs.dev.azure.com/krossk/_packaging/Kros.Npm/npm/registry/@esbuild/linux-x64/-/linux-x64-0.17.19.tgz 0ms (cache hit)
2911 http cache mute-stream@https://pkgs.dev.azure.com/krossk/_packaging/Kros.Npm/npm/registry/mute-stream/-/mute-stream-1.0.0.tgz 0ms (cache hit)
2912 http cache @inquirer/type@https://pkgs.dev.azure.com/krossk/_packaging/Kros.Npm/npm/registry/@inquirer/type/-/type-1.5.5.tgz 0ms (cache hit)
2913 http cache jquery@https://pkgs.dev.azure.com/krossk/_packaging/Kros.Npm/npm/registry/jquery/-/jquery-2.2.4.tgz 0ms (cache hit)
2914 http cache esbuild@https://pkgs.dev.azure.com/krossk/_packaging/Kros.Npm/npm/registry/esbuild/-/esbuild-0.11.23.tgz 0ms (cache hit)
2915 http cache wrap-ansi@https://pkgs.dev.azure.com/krossk/_packaging/Kros.Npm/npm/registry/wrap-ansi/-/wrap-ansi-8.1.0.tgz 0ms (cache hit)
2916 http cache convert-source-map@https://pkgs.dev.azure.com/krossk/_packaging/Kros.Npm/npm/registry/convert-source-map/-/convert-source-map-2.0.0.tgz 0ms (cache hit)
2917 http cache strip-ansi@https://pkgs.dev.azure.com/krossk/_packaging/Kros.Npm/npm/registry/strip-ansi/-/strip-ansi-7.1.0.tgz 0ms (cache hit)
2918 http cache string-width@https://pkgs.dev.azure.com/krossk/_packaging/Kros.Npm/npm/registry/string-width/-/string-width-5.1.2.tgz 0ms (cache hit)
2919 http cache ansi-styles@https://pkgs.dev.azure.com/krossk/_packaging/Kros.Npm/npm/registry/ansi-styles/-/ansi-styles-6.2.1.tgz 0ms (cache hit)
2920 http cache emoji-regex@https://pkgs.dev.azure.com/krossk/_packaging/Kros.Npm/npm/registry/emoji-regex/-/emoji-regex-9.2.2.tgz 0ms (cache hit)
2921 http cache ansi-regex@https://pkgs.dev.azure.com/krossk/_packaging/Kros.Npm/npm/registry/ansi-regex/-/ansi-regex-6.1.0.tgz 0ms (cache hit)
2922 http cache @types/node@https://pkgs.dev.azure.com/krossk/_packaging/Kros.Npm/npm/registry/@types/node/-/node-14.18.63.tgz 0ms (cache hit)
2923 http cache @humanwhocodes/retry@https://pkgs.dev.azure.com/krossk/_packaging/Kros.Npm/npm/registry/@humanwhocodes/retry/-/retry-0.3.1.tgz 0ms (cache hit)
2924 http cache @types/node@https://pkgs.dev.azure.com/krossk/_packaging/Kros.Npm/npm/registry/@types/node/-/node-14.18.63.tgz 0ms (cache hit)
2925 http cache minimatch@https://pkgs.dev.azure.com/krossk/_packaging/Kros.Npm/npm/registry/minimatch/-/minimatch-3.1.2.tgz 0ms (cache hit)
2926 http cache json-schema-traverse@https://pkgs.dev.azure.com/krossk/_packaging/Kros.Npm/npm/registry/json-schema-traverse/-/json-schema-traverse-0.4.1.tgz 0ms (cache hit)
2927 http cache js-yaml@https://pkgs.dev.azure.com/krossk/_packaging/Kros.Npm/npm/registry/js-yaml/-/js-yaml-4.1.0.tgz 0ms (cache hit)
2928 http cache ignore@https://pkgs.dev.azure.com/krossk/_packaging/Kros.Npm/npm/registry/ignore/-/ignore-5.3.2.tgz 0ms (cache hit)
2929 http cache globals@https://pkgs.dev.azure.com/krossk/_packaging/Kros.Npm/npm/registry/globals/-/globals-14.0.0.tgz 0ms (cache hit)
2930 http cache brace-expansion@https://pkgs.dev.azure.com/krossk/_packaging/Kros.Npm/npm/registry/brace-expansion/-/brace-expansion-1.1.11.tgz 0ms (cache hit)
2931 http cache ajv@https://pkgs.dev.azure.com/krossk/_packaging/Kros.Npm/npm/registry/ajv/-/ajv-6.12.6.tgz 0ms (cache hit)
2932 http cache minimatch@https://pkgs.dev.azure.com/krossk/_packaging/Kros.Npm/npm/registry/minimatch/-/minimatch-3.1.2.tgz 0ms (cache hit)
2933 http cache eslint-visitor-keys@https://pkgs.dev.azure.com/krossk/_packaging/Kros.Npm/npm/registry/eslint-visitor-keys/-/eslint-visitor-keys-3.4.3.tgz 0ms (cache hit)
2934 http cache brace-expansion@https://pkgs.dev.azure.com/krossk/_packaging/Kros.Npm/npm/registry/brace-expansion/-/brace-expansion-1.1.11.tgz 0ms (cache hit)
2935 http cache uuid@https://pkgs.dev.azure.com/krossk/_packaging/Kros.Npm/npm/registry/uuid/-/uuid-8.3.2.tgz 0ms (cache hit)
2936 http cache tslib@https://pkgs.dev.azure.com/krossk/_packaging/Kros.Npm/npm/registry/tslib/-/tslib-2.3.1.tgz 0ms (cache hit)
2937 http cache @types/uuid@https://pkgs.dev.azure.com/krossk/_packaging/Kros.Npm/npm/registry/@types/uuid/-/uuid-10.0.0.tgz 0ms (cache hit)
2938 http cache debug@https://pkgs.dev.azure.com/krossk/_packaging/Kros.Npm/npm/registry/debug/-/debug-3.2.7.tgz 0ms (cache hit)
2939 http cache uuid@https://pkgs.dev.azure.com/krossk/_packaging/Kros.Npm/npm/registry/uuid/-/uuid-10.0.0.tgz 0ms (cache hit)
2940 http cache uuid@https://pkgs.dev.azure.com/krossk/_packaging/Kros.Npm/npm/registry/uuid/-/uuid-10.0.0.tgz 0ms (cache hit)
2941 http cache commander@https://pkgs.dev.azure.com/krossk/_packaging/Kros.Npm/npm/registry/commander/-/commander-13.1.0.tgz 0ms (cache hit)
2942 http cache @cucumber/gherkin@https://pkgs.dev.azure.com/krossk/_packaging/Kros.Npm/npm/registry/@cucumber/gherkin/-/gherkin-31.0.0.tgz 0ms (cache hit)
2943 http cache @types/uuid@https://pkgs.dev.azure.com/krossk/_packaging/Kros.Npm/npm/registry/@types/uuid/-/uuid-10.0.0.tgz 0ms (cache hit)
2944 http cache commander@https://pkgs.dev.azure.com/krossk/_packaging/Kros.Npm/npm/registry/commander/-/commander-9.1.0.tgz 0ms (cache hit)
2945 http cache @cucumber/messages@https://pkgs.dev.azure.com/krossk/_packaging/Kros.Npm/npm/registry/@cucumber/messages/-/messages-26.0.1.tgz 0ms (cache hit)
2946 http cache uuid@https://pkgs.dev.azure.com/krossk/_packaging/Kros.Npm/npm/registry/uuid/-/uuid-10.0.0.tgz 0ms (cache hit)
2947 http cache @types/uuid@https://pkgs.dev.azure.com/krossk/_packaging/Kros.Npm/npm/registry/@types/uuid/-/uuid-10.0.0.tgz 0ms (cache hit)
2948 http cache @cucumber/messages@https://pkgs.dev.azure.com/krossk/_packaging/Kros.Npm/npm/registry/@cucumber/messages/-/messages-26.0.1.tgz 0ms (cache hit)
2949 http cache @jridgewell/trace-mapping@https://pkgs.dev.azure.com/krossk/_packaging/Kros.Npm/npm/registry/@jridgewell/trace-mapping/-/trace-mapping-0.3.9.tgz 0ms (cache hit)
2950 http cache semver@https://pkgs.dev.azure.com/krossk/_packaging/Kros.Npm/npm/registry/semver/-/semver-6.3.1.tgz 0ms (cache hit)
2951 http cache semver@https://pkgs.dev.azure.com/krossk/_packaging/Kros.Npm/npm/registry/semver/-/semver-6.3.1.tgz 0ms (cache hit)
2952 http cache semver@https://pkgs.dev.azure.com/krossk/_packaging/Kros.Npm/npm/registry/semver/-/semver-6.3.1.tgz 0ms (cache hit)
2953 http cache semver@https://pkgs.dev.azure.com/krossk/_packaging/Kros.Npm/npm/registry/semver/-/semver-6.3.1.tgz 0ms (cache hit)
2954 http cache semver@https://pkgs.dev.azure.com/krossk/_packaging/Kros.Npm/npm/registry/semver/-/semver-6.3.1.tgz 0ms (cache hit)
2955 http cache convert-source-map@https://pkgs.dev.azure.com/krossk/_packaging/Kros.Npm/npm/registry/convert-source-map/-/convert-source-map-2.0.0.tgz 0ms (cache hit)
2956 http cache semver@https://pkgs.dev.azure.com/krossk/_packaging/Kros.Npm/npm/registry/semver/-/semver-6.3.1.tgz 0ms (cache hit)
2957 http cache is-wsl@https://pkgs.dev.azure.com/krossk/_packaging/Kros.Npm/npm/registry/is-wsl/-/is-wsl-2.2.0.tgz 0ms (cache hit)
2958 http cache open@https://pkgs.dev.azure.com/krossk/_packaging/Kros.Npm/npm/registry/open/-/open-8.4.2.tgz 0ms (cache hit)
2959 http cache uuid@https://pkgs.dev.azure.com/krossk/_packaging/Kros.Npm/npm/registry/uuid/-/uuid-8.3.2.tgz 0ms (cache hit)
2960 http cache is-docker@https://pkgs.dev.azure.com/krossk/_packaging/Kros.Npm/npm/registry/is-docker/-/is-docker-2.2.1.tgz 0ms (cache hit)
2961 http cache define-lazy-prop@https://pkgs.dev.azure.com/krossk/_packaging/Kros.Npm/npm/registry/define-lazy-prop/-/define-lazy-prop-2.0.0.tgz 0ms (cache hit)
2962 http cache semver@https://pkgs.dev.azure.com/krossk/_packaging/Kros.Npm/npm/registry/semver/-/semver-7.7.1.tgz 0ms (cache hit)
2963 http cache semver@https://pkgs.dev.azure.com/krossk/_packaging/Kros.Npm/npm/registry/semver/-/semver-7.7.1.tgz 0ms (cache hit)
2964 http cache convert-source-map@https://pkgs.dev.azure.com/krossk/_packaging/Kros.Npm/npm/registry/convert-source-map/-/convert-source-map-2.0.0.tgz 0ms (cache hit)
2965 http cache @babel/core@https://pkgs.dev.azure.com/krossk/_packaging/Kros.Npm/npm/registry/@babel/core/-/core-7.26.10.tgz 0ms (cache hit)
2966 http cache semver@https://pkgs.dev.azure.com/krossk/_packaging/Kros.Npm/npm/registry/semver/-/semver-7.7.1.tgz 0ms (cache hit)
2967 http cache semver@https://pkgs.dev.azure.com/krossk/_packaging/Kros.Npm/npm/registry/semver/-/semver-7.7.1.tgz 0ms (cache hit)
2968 http cache semver@https://pkgs.dev.azure.com/krossk/_packaging/Kros.Npm/npm/registry/semver/-/semver-6.3.1.tgz 0ms (cache hit)
2969 http cache @babel/core@https://pkgs.dev.azure.com/krossk/_packaging/Kros.Npm/npm/registry/@babel/core/-/core-7.26.10.tgz 0ms (cache hit)
2970 http cache convert-source-map@https://pkgs.dev.azure.com/krossk/_packaging/Kros.Npm/npm/registry/convert-source-map/-/convert-source-map-2.0.0.tgz 0ms (cache hit)
2971 http cache semver@https://pkgs.dev.azure.com/krossk/_packaging/Kros.Npm/npm/registry/semver/-/semver-6.3.1.tgz 0ms (cache hit)
2972 silly tarball no local data for @sascom/jsclient@https://npm.bim.works/@sascom/jsclient/-/jsclient-1.3.11-b201g.tgz. Extracting by manifest.
2973 silly tarball no local data for @sascom/commonjs@https://npm.bim.works/@sascom/commonjs/-/commonjs-1.3.11-b201g.tgz. Extracting by manifest.
2974 silly tarball no local data for @bimworks/viewercommon@https://npm.bim.works/@bimworks/viewercommon/-/viewercommon-1.3.11-b201g.tgz. Extracting by manifest.
2975 silly tarball no local data for @bimworks/viewer2d@https://npm.bim.works/@bimworks/viewer2d/-/viewer2d-1.3.11-b201g.tgz. Extracting by manifest.
2976 silly tarball no local data for @bimworks/jssdk@https://npm.bim.works/@bimworks/jssdk/-/jssdk-1.3.11-b201g.tgz. Extracting by manifest.
2977 silly tarball no local data for @bimworks/viewer3d@https://npm.bim.works/@bimworks/viewer3d/-/viewer3d-1.3.11-b201g.tgz. Extracting by manifest.
2978 silly tarball no local data for lru-cache@https://pkgs.dev.azure.com/krossk/_packaging/Kros.Npm/npm/registry/lru-cache/-/lru-cache-6.0.0.tgz. Extracting by manifest.
2979 http fetch GET https://pkgs.dev.azure.com/krossk/_packaging/Kros.Npm/npm/registry/lru-cache/-/lru-cache-6.0.0.tgz attempt 1 failed with ETIMEDOUT
2980 http fetch POST 200 https://pkgs.dev.azure.com/krossk/_packaging/Kros.Npm/npm/registry/-/npm/v1/security/advisories/bulk 5738ms
2981 silly audit report {
2981 silly audit report   esbuild: [
2981 silly audit report     {
2981 silly audit report       id: 1102341,
2981 silly audit report       url: 'https://github.com/advisories/GHSA-67mh-4wv8-2f99',
2981 silly audit report       title: 'esbuild enables any website to send any requests to the development server and read the response',
2981 silly audit report       severity: 'moderate',
2981 silly audit report       vulnerable_versions: '<=0.24.2',
2981 silly audit report       cwe: [Array],
2981 silly audit report       cvss: [Object]
2981 silly audit report     }
2981 silly audit report   ],
2981 silly audit report   jquery: [
2981 silly audit report     {
2981 silly audit report       id: 1102093,
2981 silly audit report       url: 'https://github.com/advisories/GHSA-jpcq-cgw6-v4j6',
2981 silly audit report       title: 'Potential XSS vulnerability in jQuery',
2981 silly audit report       severity: 'moderate',
2981 silly audit report       vulnerable_versions: '>=1.0.3 <3.5.0',
2981 silly audit report       cwe: [Array],
2981 silly audit report       cvss: [Object]
2981 silly audit report     },
2981 silly audit report     {
2981 silly audit report       id: 1102100,
2981 silly audit report       url: 'https://github.com/advisories/GHSA-gxr4-xjj5-5px2',
2981 silly audit report       title: 'Potential XSS vulnerability in jQuery',
2981 silly audit report       severity: 'moderate',
2981 silly audit report       vulnerable_versions: '>=1.2.0 <3.5.0',
2981 silly audit report       cwe: [Array],
2981 silly audit report       cvss: [Object]
2981 silly audit report     },
2981 silly audit report     {
2981 silly audit report       id: 1100396,
2981 silly audit report       url: 'https://github.com/advisories/GHSA-6c3j-c64m-qhgq',
2981 silly audit report       title: 'XSS in jQuery as used in Drupal, Backdrop CMS, and other products',
2981 silly audit report       severity: 'moderate',
2981 silly audit report       vulnerable_versions: '>=1.1.4 <3.4.0',
2981 silly audit report       cwe: [Array],
2981 silly audit report       cvss: [Object]
2981 silly audit report     },
2981 silly audit report     {
2981 silly audit report       id: 1094143,
2981 silly audit report       url: 'https://github.com/advisories/GHSA-rmxg-73gg-4p98',
2981 silly audit report       title: 'Cross-Site Scripting (XSS) in jquery',
2981 silly audit report       severity: 'moderate',
2981 silly audit report       vulnerable_versions: '>=1.12.3 <3.0.0',
2981 silly audit report       cwe: [Array],
2981 silly audit report       cvss: [Object]
2981 silly audit report     }
2981 silly audit report   ],
2981 silly audit report   koa: [
2981 silly audit report     {
2981 silly audit report       id: 1103877,
2981 silly audit report       url: 'https://github.com/advisories/GHSA-x2rg-q646-7m2v',
2981 silly audit report       title: 'Koajs vulnerable to Cross-Site Scripting (XSS) at ctx.redirect() function',
2981 silly audit report       severity: 'moderate',
2981 silly audit report       vulnerable_versions: '<2.16.1',
2981 silly audit report       cwe: [Array],
2981 silly audit report       cvss: [Object]
2981 silly audit report     }
2981 silly audit report   ],
2981 silly audit report   'http-proxy-middleware': [
2981 silly audit report     {
2981 silly audit report       id: 1104105,
2981 silly audit report       url: 'https://github.com/advisories/GHSA-9gqv-wp59-fq42',
2981 silly audit report       title: 'http-proxy-middleware allows fixRequestBody to proceed even if bodyParser has failed',
2981 silly audit report       severity: 'moderate',
2981 silly audit report       vulnerable_versions: '>=1.3.0 <2.0.9',
2981 silly audit report       cwe: [Array],
2981 silly audit report       cvss: [Object]
2981 silly audit report     },
2981 silly audit report     {
2981 silly audit report       id: 1104106,
2981 silly audit report       url: 'https://github.com/advisories/GHSA-4www-5p9h-95mh',
2981 silly audit report       title: 'http-proxy-middleware can call writeBody twice because "else if" is not used',
2981 silly audit report       severity: 'moderate',
2981 silly audit report       vulnerable_versions: '>=1.3.0 <2.0.8',
2981 silly audit report       cwe: [Array],
2981 silly audit report       cvss: [Object]
2981 silly audit report     },
2981 silly audit report     {
2981 silly audit report       id: 1104109,
2981 silly audit report       url: 'https://github.com/advisories/GHSA-9gqv-wp59-fq42',
2981 silly audit report       title: 'http-proxy-middleware allows fixRequestBody to proceed even if bodyParser has failed',
2981 silly audit report       severity: 'moderate',
2981 silly audit report       vulnerable_versions: '>=3.0.0 <3.0.5',
2981 silly audit report       cwe: [Array],
2981 silly audit report       cvss: [Object]
2981 silly audit report     },
2981 silly audit report     {
2981 silly audit report       id: 1104110,
2981 silly audit report       url: 'https://github.com/advisories/GHSA-4www-5p9h-95mh',
2981 silly audit report       title: 'http-proxy-middleware can call writeBody twice because "else if" is not used',
2981 silly audit report       severity: 'moderate',
2981 silly audit report       vulnerable_versions: '>=3.0.0 <3.0.4',
2981 silly audit report       cwe: [Array],
2981 silly audit report       cvss: [Object]
2981 silly audit report     }
2981 silly audit report   ],
2981 silly audit report   'webpack-dev-server': [
2981 silly audit report     {
2981 silly audit report       id: 1105256,
2981 silly audit report       url: 'https://github.com/advisories/GHSA-9jgg-88mc-972h',
2981 silly audit report       title: "webpack-dev-server users' source code may be stolen when they access a malicious web site with non-Chromium based browser",
2981 silly audit report       severity: 'moderate',
2981 silly audit report       vulnerable_versions: '<=5.2.0',
2981 silly audit report       cwe: [Array],
2981 silly audit report       cvss: [Object]
2981 silly audit report     },
2981 silly audit report     {
2981 silly audit report       id: 1105257,
2981 silly audit report       url: 'https://github.com/advisories/GHSA-4v9v-hfq4-rm2v',
2981 silly audit report       title: "webpack-dev-server users' source code may be stolen when they access a malicious web site",
2981 silly audit report       severity: 'moderate',
2981 silly audit report       vulnerable_versions: '<=5.2.0',
2981 silly audit report       cwe: [Array],
2981 silly audit report       cvss: [Object]
2981 silly audit report     }
2981 silly audit report   ],
2981 silly audit report   bootstrap: [
2981 silly audit report     {
2981 silly audit report       id: 1103908,
2981 silly audit report       url: 'https://github.com/advisories/GHSA-vc8w-jr9v-vj7f',
2981 silly audit report       title: 'Bootstrap Cross-Site Scripting (XSS) vulnerability',
2981 silly audit report       severity: 'moderate',
2981 silly audit report       vulnerable_versions: '>=4.0.0 <=4.6.2',
2981 silly audit report       cwe: [Array],
2981 silly audit report       cvss: [Object]
2981 silly audit report     }
2981 silly audit report   ],
2981 silly audit report   'tough-cookie': [
2981 silly audit report     {
2981 silly audit report       id: 1097682,
2981 silly audit report       url: 'https://github.com/advisories/GHSA-72xf-g2v4-qvf3',
2981 silly audit report       title: 'tough-cookie Prototype Pollution vulnerability',
2981 silly audit report       severity: 'moderate',
2981 silly audit report       vulnerable_versions: '<4.1.3',
2981 silly audit report       cwe: [Array],
2981 silly audit report       cvss: [Object]
2981 silly audit report     }
2981 silly audit report   ],
2981 silly audit report   request: [
2981 silly audit report     {
2981 silly audit report       id: 1096727,
2981 silly audit report       url: 'https://github.com/advisories/GHSA-p8p7-x288-28g6',
2981 silly audit report       title: 'Server-Side Request Forgery in Request',
2981 silly audit report       severity: 'moderate',
2981 silly audit report       vulnerable_versions: '<=2.88.2',
2981 silly audit report       cwe: [Array],
2981 silly audit report       cvss: [Object]
2981 silly audit report     }
2981 silly audit report   ],
2981 silly audit report   'tar-fs': [
2981 silly audit report     {
2981 silly audit report       id: 1105197,
2981 silly audit report       url: 'https://github.com/advisories/GHSA-8cj5-5rvv-wf4v',
2981 silly audit report       title: 'tar-fs can extract outside the specified dir with a specific tarball',
2981 silly audit report       severity: 'high',
2981 silly audit report       vulnerable_versions: '>=2.0.0 <2.1.3',
2981 silly audit report       cwe: [Array],
2981 silly audit report       cvss: [Object]
2981 silly audit report     }
2981 silly audit report   ],
2981 silly audit report   vite: [
2981 silly audit report     {
2981 silly audit report       id: 1103520,
2981 silly audit report       url: 'https://github.com/advisories/GHSA-x574-m823-4x7w',
2981 silly audit report       title: 'Vite bypasses server.fs.deny when using ?raw??',
2981 silly audit report       severity: 'moderate',
2981 silly audit report       vulnerable_versions: '>=6.2.0 <6.2.3',
2981 silly audit report       cwe: [Array],
2981 silly audit report       cvss: [Object]
2981 silly audit report     },
2981 silly audit report     {
2981 silly audit report       id: 1103631,
2981 silly audit report       url: 'https://github.com/advisories/GHSA-4r4m-qw57-chr8',
2981 silly audit report       title: 'Vite has a `server.fs.deny` bypassed for `inline` and `raw` with `?import` query',
2981 silly audit report       severity: 'moderate',
2981 silly audit report       vulnerable_versions: '>=6.2.0 <6.2.4',
2981 silly audit report       cwe: [Array],
2981 silly audit report       cvss: [Object]
2981 silly audit report     },
2981 silly audit report     {
2981 silly audit report       id: 1103887,
2981 silly audit report       url: 'https://github.com/advisories/GHSA-356w-63v5-8wf4',
2981 silly audit report       title: 'Vite has an `server.fs.deny` bypass with an invalid `request-target`',
2981 silly audit report       severity: 'moderate',
2981 silly audit report       vulnerable_versions: '>=6.2.0 <6.2.6',
2981 silly audit report       cwe: [Array],
2981 silly audit report       cvss: [Object]
2981 silly audit report     },
2981 silly audit report     {
2981 silly audit report       id: 1104175,
2981 silly audit report       url: 'https://github.com/advisories/GHSA-859w-5945-r5v3',
2981 silly audit report       title: "Vite's server.fs.deny bypassed with /. for files under project root",
2981 silly audit report       severity: 'moderate',
2981 silly audit report       vulnerable_versions: '>=6.2.0 <=6.2.6',
2981 silly audit report       cwe: [Array],
2981 silly audit report       cvss: [Object]
2981 silly audit report     },
2981 silly audit report     {
2981 silly audit report       id: 1104205,
2981 silly audit report       url: 'https://github.com/advisories/GHSA-xcj6-pq6g-qj4x',
2981 silly audit report       title: 'Vite allows server.fs.deny to be bypassed with .svg or relative paths',
2981 silly audit report       severity: 'moderate',
2981 silly audit report       vulnerable_versions: '>=6.2.0 <6.2.5',
2981 silly audit report       cwe: [Array],
2981 silly audit report       cvss: [Object]
2981 silly audit report     }
2981 silly audit report   ],
2981 silly audit report   xml2js: [
2981 silly audit report     {
2981 silly audit report       id: 1096693,
2981 silly audit report       url: 'https://github.com/advisories/GHSA-776f-qx25-q3cc',
2981 silly audit report       title: 'xml2js is vulnerable to prototype pollution',
2981 silly audit report       severity: 'moderate',
2981 silly audit report       vulnerable_versions: '<0.5.0',
2981 silly audit report       cwe: [Array],
2981 silly audit report       cvss: [Object]
2981 silly audit report     }
2981 silly audit report   ]
2981 silly audit report }
2982 silly packumentCache corgi:https://pkgs.dev.azure.com/krossk/_packaging/Kros.Npm/npm/registry/esbuild cache-miss
2983 silly packumentCache corgi:https://pkgs.dev.azure.com/krossk/_packaging/Kros.Npm/npm/registry/jquery cache-miss
2984 silly packumentCache corgi:https://pkgs.dev.azure.com/krossk/_packaging/Kros.Npm/npm/registry/koa cache-miss
2985 silly packumentCache corgi:https://pkgs.dev.azure.com/krossk/_packaging/Kros.Npm/npm/registry/http-proxy-middleware cache-miss
2986 silly packumentCache corgi:https://pkgs.dev.azure.com/krossk/_packaging/Kros.Npm/npm/registry/webpack-dev-server cache-miss
2987 silly packumentCache corgi:https://pkgs.dev.azure.com/krossk/_packaging/Kros.Npm/npm/registry/bootstrap cache-miss
2988 silly packumentCache corgi:https://pkgs.dev.azure.com/krossk/_packaging/Kros.Npm/npm/registry/tough-cookie cache-miss
2989 silly packumentCache corgi:https://pkgs.dev.azure.com/krossk/_packaging/Kros.Npm/npm/registry/request cache-miss
2990 silly packumentCache corgi:https://pkgs.dev.azure.com/krossk/_packaging/Kros.Npm/npm/registry/tar-fs cache-miss
2991 silly packumentCache corgi:https://pkgs.dev.azure.com/krossk/_packaging/Kros.Npm/npm/registry/vite cache-miss
2992 silly packumentCache corgi:https://pkgs.dev.azure.com/krossk/_packaging/Kros.Npm/npm/registry/xml2js cache-miss
2993 http fetch GET 401 https://npm.bim.works/@sascom/jsclient/-/jsclient-1.3.11-b201g.tgz 5511ms (cache skip)
2994 verbose reify failed optional dependency /opt/Agents/testing-linux-docker-2-build4/_work/1/s/WebApps/node_modules/@sascom/jsclient
2995 silly reify mark deleted [
2995 silly reify   '/opt/Agents/testing-linux-docker-2-build4/_work/1/s/WebApps/node_modules/@sascom/jsclient'
2995 silly reify ]
2996 verbose reify failed optional dependency /opt/Agents/testing-linux-docker-2-build4/_work/1/s/WebApps/node_modules/@bimworks/jssdk
2997 silly reify mark deleted [
2997 silly reify   '/opt/Agents/testing-linux-docker-2-build4/_work/1/s/WebApps/node_modules/@bimworks/jssdk'
2997 silly reify ]
2998 verbose reify failed optional dependency /opt/Agents/testing-linux-docker-2-build4/_work/1/s/WebApps/node_modules/@bimworks/viewer2d
2999 silly reify mark deleted [
2999 silly reify   '/opt/Agents/testing-linux-docker-2-build4/_work/1/s/WebApps/node_modules/@bimworks/viewer2d'
2999 silly reify ]
3000 verbose reify failed optional dependency /opt/Agents/testing-linux-docker-2-build4/_work/1/s/WebApps/node_modules/@bimworks/viewercommon
3001 silly reify mark deleted [
3001 silly reify   '/opt/Agents/testing-linux-docker-2-build4/_work/1/s/WebApps/node_modules/@bimworks/viewercommon'
3001 silly reify ]
3002 verbose reify failed optional dependency /opt/Agents/testing-linux-docker-2-build4/_work/1/s/WebApps/node_modules/@bimworks/viewer3d
3003 silly reify mark deleted [
3003 silly reify   '/opt/Agents/testing-linux-docker-2-build4/_work/1/s/WebApps/node_modules/@bimworks/viewer3d'
3003 silly reify ]
3004 verbose reify failed optional dependency /opt/Agents/testing-linux-docker-2-build4/_work/1/s/WebApps/node_modules/@sascom/commonjs
3005 silly reify mark deleted [
3005 silly reify   '/opt/Agents/testing-linux-docker-2-build4/_work/1/s/WebApps/node_modules/@sascom/commonjs'
3005 silly reify ]
3006 verbose reify failed optional dependency /opt/Agents/testing-linux-docker-2-build4/_work/1/s/WebApps/node_modules/@sascom/jsclient/node_modules/ws
3007 silly reify mark deleted [
3007 silly reify   '/opt/Agents/testing-linux-docker-2-build4/_work/1/s/WebApps/node_modules/@sascom/jsclient/node_modules/ws'
3007 silly reify ]
3008 verbose reify failed optional dependency /opt/Agents/testing-linux-docker-2-build4/_work/1/s/WebApps/node_modules/@types/offscreencanvas
3009 silly reify mark deleted [
3009 silly reify   '/opt/Agents/testing-linux-docker-2-build4/_work/1/s/WebApps/node_modules/@types/offscreencanvas'
3009 silly reify ]
3010 http fetch GET 401 https://npm.bim.works/@sascom/commonjs/-/commonjs-1.3.11-b201g.tgz 5511ms (cache skip)
3011 verbose reify failed optional dependency /opt/Agents/testing-linux-docker-2-build4/_work/1/s/WebApps/node_modules/@sascom/commonjs
3012 silly reify mark deleted [
3012 silly reify   '/opt/Agents/testing-linux-docker-2-build4/_work/1/s/WebApps/node_modules/@sascom/commonjs'
3012 silly reify ]
3013 verbose reify failed optional dependency /opt/Agents/testing-linux-docker-2-build4/_work/1/s/WebApps/node_modules/@bimworks/jssdk
3014 silly reify mark deleted [
3014 silly reify   '/opt/Agents/testing-linux-docker-2-build4/_work/1/s/WebApps/node_modules/@bimworks/jssdk'
3014 silly reify ]
3015 verbose reify failed optional dependency /opt/Agents/testing-linux-docker-2-build4/_work/1/s/WebApps/node_modules/@bimworks/viewer2d
3016 silly reify mark deleted [
3016 silly reify   '/opt/Agents/testing-linux-docker-2-build4/_work/1/s/WebApps/node_modules/@bimworks/viewer2d'
3016 silly reify ]
3017 verbose reify failed optional dependency /opt/Agents/testing-linux-docker-2-build4/_work/1/s/WebApps/node_modules/@bimworks/viewer3d
3018 silly reify mark deleted [
3018 silly reify   '/opt/Agents/testing-linux-docker-2-build4/_work/1/s/WebApps/node_modules/@bimworks/viewer3d'
3018 silly reify ]
3019 verbose reify failed optional dependency /opt/Agents/testing-linux-docker-2-build4/_work/1/s/WebApps/node_modules/@bimworks/viewercommon
3020 silly reify mark deleted [
3020 silly reify   '/opt/Agents/testing-linux-docker-2-build4/_work/1/s/WebApps/node_modules/@bimworks/viewercommon'
3020 silly reify ]
3021 verbose reify failed optional dependency /opt/Agents/testing-linux-docker-2-build4/_work/1/s/WebApps/node_modules/@sascom/jsclient
3022 silly reify mark deleted [
3022 silly reify   '/opt/Agents/testing-linux-docker-2-build4/_work/1/s/WebApps/node_modules/@sascom/jsclient'
3022 silly reify ]
3023 verbose reify failed optional dependency /opt/Agents/testing-linux-docker-2-build4/_work/1/s/WebApps/node_modules/@types/offscreencanvas
3024 silly reify mark deleted [
3024 silly reify   '/opt/Agents/testing-linux-docker-2-build4/_work/1/s/WebApps/node_modules/@types/offscreencanvas'
3024 silly reify ]
3025 verbose reify failed optional dependency /opt/Agents/testing-linux-docker-2-build4/_work/1/s/WebApps/node_modules/@sascom/jsclient/node_modules/ws
3026 silly reify mark deleted [
3026 silly reify   '/opt/Agents/testing-linux-docker-2-build4/_work/1/s/WebApps/node_modules/@sascom/jsclient/node_modules/ws'
3026 silly reify ]
3027 http fetch GET 401 https://npm.bim.works/@bimworks/viewer3d/-/viewer3d-1.3.11-b201g.tgz 5567ms (cache skip)
3028 verbose reify failed optional dependency /opt/Agents/testing-linux-docker-2-build4/_work/1/s/WebApps/node_modules/@bimworks/viewer3d
3029 silly reify mark deleted [
3029 silly reify   '/opt/Agents/testing-linux-docker-2-build4/_work/1/s/WebApps/node_modules/@bimworks/viewer3d'
3029 silly reify ]
3030 http fetch GET 401 https://npm.bim.works/@bimworks/viewercommon/-/viewercommon-1.3.11-b201g.tgz 5567ms (cache skip)
3031 verbose reify failed optional dependency /opt/Agents/testing-linux-docker-2-build4/_work/1/s/WebApps/node_modules/@bimworks/viewercommon
3032 silly reify mark deleted [
3032 silly reify   '/opt/Agents/testing-linux-docker-2-build4/_work/1/s/WebApps/node_modules/@bimworks/viewercommon'
3032 silly reify ]
3033 verbose reify failed optional dependency /opt/Agents/testing-linux-docker-2-build4/_work/1/s/WebApps/node_modules/@bimworks/viewer2d
3034 silly reify mark deleted [
3034 silly reify   '/opt/Agents/testing-linux-docker-2-build4/_work/1/s/WebApps/node_modules/@bimworks/viewer2d'
3034 silly reify ]
3035 verbose reify failed optional dependency /opt/Agents/testing-linux-docker-2-build4/_work/1/s/WebApps/node_modules/@bimworks/viewer3d
3036 silly reify mark deleted [
3036 silly reify   '/opt/Agents/testing-linux-docker-2-build4/_work/1/s/WebApps/node_modules/@bimworks/viewer3d'
3036 silly reify ]
3037 verbose reify failed optional dependency /opt/Agents/testing-linux-docker-2-build4/_work/1/s/WebApps/node_modules/@bimworks/jssdk
3038 silly reify mark deleted [
3038 silly reify   '/opt/Agents/testing-linux-docker-2-build4/_work/1/s/WebApps/node_modules/@bimworks/jssdk'
3038 silly reify ]
3039 verbose reify failed optional dependency /opt/Agents/testing-linux-docker-2-build4/_work/1/s/WebApps/node_modules/@sascom/commonjs
3040 silly reify mark deleted [
3040 silly reify   '/opt/Agents/testing-linux-docker-2-build4/_work/1/s/WebApps/node_modules/@sascom/commonjs'
3040 silly reify ]
3041 verbose reify failed optional dependency /opt/Agents/testing-linux-docker-2-build4/_work/1/s/WebApps/node_modules/@sascom/jsclient
3042 silly reify mark deleted [
3042 silly reify   '/opt/Agents/testing-linux-docker-2-build4/_work/1/s/WebApps/node_modules/@sascom/jsclient'
3042 silly reify ]
3043 verbose reify failed optional dependency /opt/Agents/testing-linux-docker-2-build4/_work/1/s/WebApps/node_modules/@types/offscreencanvas
3044 silly reify mark deleted [
3044 silly reify   '/opt/Agents/testing-linux-docker-2-build4/_work/1/s/WebApps/node_modules/@types/offscreencanvas'
3044 silly reify ]
3045 verbose reify failed optional dependency /opt/Agents/testing-linux-docker-2-build4/_work/1/s/WebApps/node_modules/@sascom/jsclient/node_modules/ws
3046 silly reify mark deleted [
3046 silly reify   '/opt/Agents/testing-linux-docker-2-build4/_work/1/s/WebApps/node_modules/@sascom/jsclient/node_modules/ws'
3046 silly reify ]
3047 http fetch GET 401 https://npm.bim.works/@bimworks/jssdk/-/jssdk-1.3.11-b201g.tgz 5568ms (cache skip)
3048 verbose reify failed optional dependency /opt/Agents/testing-linux-docker-2-build4/_work/1/s/WebApps/node_modules/@bimworks/jssdk
3049 silly reify mark deleted [
3049 silly reify   '/opt/Agents/testing-linux-docker-2-build4/_work/1/s/WebApps/node_modules/@bimworks/jssdk'
3049 silly reify ]
3050 verbose reify failed optional dependency /opt/Agents/testing-linux-docker-2-build4/_work/1/s/WebApps/node_modules/@bimworks/viewer2d
3051 silly reify mark deleted [
3051 silly reify   '/opt/Agents/testing-linux-docker-2-build4/_work/1/s/WebApps/node_modules/@bimworks/viewer2d'
3051 silly reify ]
3052 verbose reify failed optional dependency /opt/Agents/testing-linux-docker-2-build4/_work/1/s/WebApps/node_modules/@bimworks/viewercommon
3053 silly reify mark deleted [
3053 silly reify   '/opt/Agents/testing-linux-docker-2-build4/_work/1/s/WebApps/node_modules/@bimworks/viewercommon'
3053 silly reify ]
3054 verbose reify failed optional dependency /opt/Agents/testing-linux-docker-2-build4/_work/1/s/WebApps/node_modules/@bimworks/viewer3d
3055 silly reify mark deleted [
3055 silly reify   '/opt/Agents/testing-linux-docker-2-build4/_work/1/s/WebApps/node_modules/@bimworks/viewer3d'
3055 silly reify ]
3056 verbose reify failed optional dependency /opt/Agents/testing-linux-docker-2-build4/_work/1/s/WebApps/node_modules/@sascom/commonjs
3057 silly reify mark deleted [
3057 silly reify   '/opt/Agents/testing-linux-docker-2-build4/_work/1/s/WebApps/node_modules/@sascom/commonjs'
3057 silly reify ]
3058 verbose reify failed optional dependency /opt/Agents/testing-linux-docker-2-build4/_work/1/s/WebApps/node_modules/@sascom/jsclient
3059 silly reify mark deleted [
3059 silly reify   '/opt/Agents/testing-linux-docker-2-build4/_work/1/s/WebApps/node_modules/@sascom/jsclient'
3059 silly reify ]
3060 verbose reify failed optional dependency /opt/Agents/testing-linux-docker-2-build4/_work/1/s/WebApps/node_modules/@types/offscreencanvas
3061 silly reify mark deleted [
3061 silly reify   '/opt/Agents/testing-linux-docker-2-build4/_work/1/s/WebApps/node_modules/@types/offscreencanvas'
3061 silly reify ]
3062 verbose reify failed optional dependency /opt/Agents/testing-linux-docker-2-build4/_work/1/s/WebApps/node_modules/@sascom/jsclient/node_modules/ws
3063 silly reify mark deleted [
3063 silly reify   '/opt/Agents/testing-linux-docker-2-build4/_work/1/s/WebApps/node_modules/@sascom/jsclient/node_modules/ws'
3063 silly reify ]
3064 http fetch GET 401 https://npm.bim.works/@bimworks/viewer2d/-/viewer2d-1.3.11-b201g.tgz 5569ms (cache skip)
3065 verbose reify failed optional dependency /opt/Agents/testing-linux-docker-2-build4/_work/1/s/WebApps/node_modules/@bimworks/viewer2d
3066 silly reify mark deleted [
3066 silly reify   '/opt/Agents/testing-linux-docker-2-build4/_work/1/s/WebApps/node_modules/@bimworks/viewer2d'
3066 silly reify ]
3067 http fetch GET 200 https://pkgs.dev.azure.com/krossk/_packaging/Kros.Npm/npm/registry/tar-fs 1417ms (cache updated)
3068 silly packumentCache corgi:https://pkgs.dev.azure.com/krossk/_packaging/Kros.Npm/npm/registry/tar-fs set size:undefined disposed:false
3069 http fetch GET 200 https://pkgs.dev.azure.com/krossk/_packaging/Kros.Npm/npm/registry/tough-cookie 1456ms (cache updated)
3070 silly packumentCache corgi:https://pkgs.dev.azure.com/krossk/_packaging/Kros.Npm/npm/registry/tough-cookie set size:undefined disposed:false
3071 http fetch GET 200 https://pkgs.dev.azure.com/krossk/_packaging/Kros.Npm/npm/registry/xml2js 1500ms (cache updated)
3072 silly packumentCache corgi:https://pkgs.dev.azure.com/krossk/_packaging/Kros.Npm/npm/registry/xml2js set size:undefined disposed:false
3073 http fetch GET 200 https://pkgs.dev.azure.com/krossk/_packaging/Kros.Npm/npm/registry/http-proxy-middleware 1565ms (cache updated)
3074 silly packumentCache corgi:https://pkgs.dev.azure.com/krossk/_packaging/Kros.Npm/npm/registry/http-proxy-middleware set size:undefined disposed:false
3075 http fetch GET 200 https://pkgs.dev.azure.com/krossk/_packaging/Kros.Npm/npm/registry/jquery 1569ms (cache updated)
3076 silly packumentCache corgi:https://pkgs.dev.azure.com/krossk/_packaging/Kros.Npm/npm/registry/jquery set size:undefined disposed:false
3077 http fetch GET 200 https://pkgs.dev.azure.com/krossk/_packaging/Kros.Npm/npm/registry/request 1569ms (cache updated)
3078 silly packumentCache corgi:https://pkgs.dev.azure.com/krossk/_packaging/Kros.Npm/npm/registry/request set size:undefined disposed:false
3079 http fetch GET 200 https://pkgs.dev.azure.com/krossk/_packaging/Kros.Npm/npm/registry/esbuild 1830ms (cache updated)
3080 silly packumentCache corgi:https://pkgs.dev.azure.com/krossk/_packaging/Kros.Npm/npm/registry/esbuild set size:undefined disposed:false
3081 http fetch GET 200 https://pkgs.dev.azure.com/krossk/_packaging/Kros.Npm/npm/registry/bootstrap 1971ms (cache updated)
3082 silly packumentCache corgi:https://pkgs.dev.azure.com/krossk/_packaging/Kros.Npm/npm/registry/bootstrap set size:undefined disposed:false
3083 http fetch GET 200 https://pkgs.dev.azure.com/krossk/_packaging/Kros.Npm/npm/registry/webpack-dev-server 2041ms (cache updated)
3084 silly packumentCache corgi:https://pkgs.dev.azure.com/krossk/_packaging/Kros.Npm/npm/registry/webpack-dev-server set size:undefined disposed:false
3085 http fetch GET 200 https://pkgs.dev.azure.com/krossk/_packaging/Kros.Npm/npm/registry/koa 2093ms (cache updated)
3086 silly packumentCache corgi:https://pkgs.dev.azure.com/krossk/_packaging/Kros.Npm/npm/registry/koa set size:undefined disposed:false
3087 http fetch GET 404 https://pkgs.dev.azure.com/krossk/_packaging/Kros.Npm/npm/registry/lru-cache/-/lru-cache-6.0.0.tgz 10690ms attempt #2 (cache skip)
3088 http fetch GET 200 https://pkgs.dev.azure.com/krossk/_packaging/Kros.Npm/npm/registry/vite 5716ms (cache updated)
3089 silly packumentCache corgi:https://pkgs.dev.azure.com/krossk/_packaging/Kros.Npm/npm/registry/vite set size:undefined disposed:false
3090 silly packumentCache corgi:https://pkgs.dev.azure.com/krossk/_packaging/Kros.Npm/npm/registry/@kros-sk%2fluckysheet cache-miss
3091 silly packumentCache corgi:https://pkgs.dev.azure.com/krossk/_packaging/Kros.Npm/npm/registry/@modern-js%2fnode-bundle-require cache-miss
3092 http fetch GET 200 https://pkgs.dev.azure.com/krossk/_packaging/Kros.Npm/npm/registry/@kros-sk%2fluckysheet 129ms (cache updated)
3093 silly packumentCache corgi:https://pkgs.dev.azure.com/krossk/_packaging/Kros.Npm/npm/registry/@kros-sk%2fluckysheet set size:undefined disposed:false
3094 http fetch GET 200 https://pkgs.dev.azure.com/krossk/_packaging/Kros.Npm/npm/registry/@modern-js%2fnode-bundle-require 2049ms (cache updated)
3095 silly packumentCache corgi:https://pkgs.dev.azure.com/krossk/_packaging/Kros.Npm/npm/registry/@modern-js%2fnode-bundle-require set size:undefined disposed:false
3096 silly packumentCache corgi:https://pkgs.dev.azure.com/krossk/_packaging/Kros.Npm/npm/registry/@module-federation%2fdts-plugin cache-miss
3097 http fetch GET 200 https://pkgs.dev.azure.com/krossk/_packaging/Kros.Npm/npm/registry/@module-federation%2fdts-plugin 536ms (cache updated)
3098 silly packumentCache corgi:https://pkgs.dev.azure.com/krossk/_packaging/Kros.Npm/npm/registry/@module-federation%2fdts-plugin set size:undefined disposed:false
3099 silly packumentCache corgi:https://pkgs.dev.azure.com/krossk/_packaging/Kros.Npm/npm/registry/@angular-devkit%2fbuild-angular cache-miss
3100 silly packumentCache corgi:https://pkgs.dev.azure.com/krossk/_packaging/Kros.Npm/npm/registry/@nx%2fmodule-federation cache-miss
3101 silly packumentCache corgi:https://pkgs.dev.azure.com/krossk/_packaging/Kros.Npm/npm/registry/@nx%2frspack cache-miss
3102 http fetch GET 200 https://pkgs.dev.azure.com/krossk/_packaging/Kros.Npm/npm/registry/@nx%2fmodule-federation 278ms (cache updated)
3103 silly packumentCache corgi:https://pkgs.dev.azure.com/krossk/_packaging/Kros.Npm/npm/registry/@nx%2fmodule-federation set size:undefined disposed:false
3104 http fetch GET 200 https://pkgs.dev.azure.com/krossk/_packaging/Kros.Npm/npm/registry/@nx%2frspack 385ms (cache updated)
3105 silly packumentCache corgi:https://pkgs.dev.azure.com/krossk/_packaging/Kros.Npm/npm/registry/@nx%2frspack set size:undefined disposed:false
3106 http fetch GET 200 https://pkgs.dev.azure.com/krossk/_packaging/Kros.Npm/npm/registry/@angular-devkit%2fbuild-angular 642ms (cache updated)
3107 silly packumentCache corgi:https://pkgs.dev.azure.com/krossk/_packaging/Kros.Npm/npm/registry/@angular-devkit%2fbuild-angular set size:undefined disposed:false
3108 silly packumentCache corgi:https://pkgs.dev.azure.com/krossk/_packaging/Kros.Npm/npm/registry/@angular-devkit%2fbuild-webpack cache-miss
3109 silly packumentCache corgi:https://pkgs.dev.azure.com/krossk/_packaging/Kros.Npm/npm/registry/@rspack%2fdev-server cache-miss
3110 http fetch GET 200 https://pkgs.dev.azure.com/krossk/_packaging/Kros.Npm/npm/registry/@rspack%2fdev-server 546ms (cache updated)
3111 silly packumentCache corgi:https://pkgs.dev.azure.com/krossk/_packaging/Kros.Npm/npm/registry/@rspack%2fdev-server set size:undefined disposed:false
3112 http fetch GET 200 https://pkgs.dev.azure.com/krossk/_packaging/Kros.Npm/npm/registry/@angular-devkit%2fbuild-webpack 695ms (cache updated)
3113 silly packumentCache corgi:https://pkgs.dev.azure.com/krossk/_packaging/Kros.Npm/npm/registry/@angular-devkit%2fbuild-webpack set size:undefined disposed:false
3114 silly packumentCache corgi:https://pkgs.dev.azure.com/krossk/_packaging/Kros.Npm/npm/registry/webdriver-manager cache-miss
3115 http fetch GET 200 https://pkgs.dev.azure.com/krossk/_packaging/Kros.Npm/npm/registry/webdriver-manager 72ms (cache updated)
3116 silly packumentCache corgi:https://pkgs.dev.azure.com/krossk/_packaging/Kros.Npm/npm/registry/webdriver-manager set size:undefined disposed:false
3117 silly packumentCache corgi:https://pkgs.dev.azure.com/krossk/_packaging/Kros.Npm/npm/registry/prebuild-install cache-miss
3118 http fetch GET 200 https://pkgs.dev.azure.com/krossk/_packaging/Kros.Npm/npm/registry/prebuild-install 83ms (cache updated)
3119 silly packumentCache corgi:https://pkgs.dev.azure.com/krossk/_packaging/Kros.Npm/npm/registry/prebuild-install set size:undefined disposed:false
3120 silly packumentCache corgi:https://pkgs.dev.azure.com/krossk/_packaging/Kros.Npm/npm/registry/@angular%2fbuild cache-miss
3121 silly packumentCache corgi:https://pkgs.dev.azure.com/krossk/_packaging/Kros.Npm/npm/registry/@vitejs%2fplugin-basic-ssl cache-miss
3122 http fetch GET 200 https://pkgs.dev.azure.com/krossk/_packaging/Kros.Npm/npm/registry/@vitejs%2fplugin-basic-ssl 69ms (cache updated)
3123 silly packumentCache corgi:https://pkgs.dev.azure.com/krossk/_packaging/Kros.Npm/npm/registry/@vitejs%2fplugin-basic-ssl set size:undefined disposed:false
3124 http fetch GET 200 https://pkgs.dev.azure.com/krossk/_packaging/Kros.Npm/npm/registry/@angular%2fbuild 176ms (cache updated)
3125 silly packumentCache corgi:https://pkgs.dev.azure.com/krossk/_packaging/Kros.Npm/npm/registry/@angular%2fbuild set size:undefined disposed:false
3126 silly packumentCache corgi:https://pkgs.dev.azure.com/krossk/_packaging/Kros.Npm/npm/registry/selenium-webdriver cache-miss
3127 http fetch GET 200 https://pkgs.dev.azure.com/krossk/_packaging/Kros.Npm/npm/registry/selenium-webdriver 133ms (cache updated)
3128 silly packumentCache corgi:https://pkgs.dev.azure.com/krossk/_packaging/Kros.Npm/npm/registry/selenium-webdriver set size:undefined disposed:false
3129 silly packumentCache corgi:https://pkgs.dev.azure.com/krossk/_packaging/Kros.Npm/npm/registry/@module-federation%2fcli cache-miss
3130 http fetch GET 200 https://pkgs.dev.azure.com/krossk/_packaging/Kros.Npm/npm/registry/@module-federation%2fcli 178ms (cache updated)
3131 silly packumentCache corgi:https://pkgs.dev.azure.com/krossk/_packaging/Kros.Npm/npm/registry/@module-federation%2fcli set size:undefined disposed:false
3132 silly packumentCache corgi:https://pkgs.dev.azure.com/krossk/_packaging/Kros.Npm/npm/registry/@module-federation%2fenhanced cache-miss
3133 silly packumentCache corgi:https://pkgs.dev.azure.com/krossk/_packaging/Kros.Npm/npm/registry/@module-federation%2fmanifest cache-miss
3134 silly packumentCache corgi:https://pkgs.dev.azure.com/krossk/_packaging/Kros.Npm/npm/registry/@module-federation%2frspack cache-miss
3135 verbose stack HttpErrorGeneral: 404 Not Found - GET https://pkgs.dev.azure.com/krossk/_packaging/Kros.Npm/npm/registry/lru-cache/-/lru-cache-6.0.0.tgz - Cannot find the package 'lru-cache' in feed '***'
3135 verbose stack     at /usr/lib/node_modules/npm/node_modules/npm-registry-fetch/lib/check-response.js:103:15
3135 verbose stack     at process.processTicksAndRejections (node:internal/process/task_queues:105:5)
3136 verbose statusCode 404
3137 verbose pkgid lru-cache@https://pkgs.dev.azure.com/krossk/_packaging/Kros.Npm/npm/registry/lru-cache/-/lru-cache-6.0.0.tgz
3138 error code E404
3139 error 404 Not Found - GET https://pkgs.dev.azure.com/krossk/_packaging/Kros.Npm/npm/registry/lru-cache/-/lru-cache-6.0.0.tgz - Cannot find the package 'lru-cache' in feed '***'
3140 error 404
3141 error 404  'lru-cache@https://pkgs.dev.azure.com/krossk/_packaging/Kros.Npm/npm/registry/lru-cache/-/lru-cache-6.0.0.tgz' is not in this registry.
3142 error 404
3143 error 404 Note that you can also install from a
3144 error 404 tarball, folder, http url, or git url.
3145 silly unfinished npm timer reify 1749126702957
3146 silly unfinished npm timer reify:audit 1749126703987
3147 silly unfinished npm timer reify:unpack 1749126703997
3148 silly unfinished npm timer reifyNode:node_modules/@nx/azure-cache/node_modules/lru-cache 1749126704008
3149 silly unfinished npm timer auditReport:init 1749126709733
3150 silly unfinished npm timer metavuln:calculate:security-advisory:@module-federation/enhanced:Dq3ATZOlt4Mz+531GgmJjp+jMzFCmO8S8+vG2KQHJAyo4/ZrEkPn0IB+aabMZIo2Q/L7g6EK0vxj6z/Y0PtylA== 1749126720328
3151 silly unfinished npm timer metavuln:packument:@module-federation/enhanced 1749126720328
3152 silly unfinished npm timer metavuln:calculate:security-advisory:@module-federation/manifest:Dq3ATZOlt4Mz+531GgmJjp+jMzFCmO8S8+vG2KQHJAyo4/ZrEkPn0IB+aabMZIo2Q/L7g6EK0vxj6z/Y0PtylA== 1749126720329
3153 silly unfinished npm timer metavuln:packument:@module-federation/manifest 1749126720329
3154 silly unfinished npm timer metavuln:calculate:security-advisory:@module-federation/rspack:Dq3ATZOlt4Mz+531GgmJjp+jMzFCmO8S8+vG2KQHJAyo4/ZrEkPn0IB+aabMZIo2Q/L7g6EK0vxj6z/Y0PtylA== 1749126720329
3155 silly unfinished npm timer metavuln:packument:@module-federation/rspack 1749126720329
3156 verbose cwd /opt/Agents/testing-linux-docker-2-build4/_work/1/s/WebApps
3157 verbose os Linux 6.8.0-60-generic
3158 verbose node v22.16.0
3159 verbose npm  v10.9.2
3160 verbose exit 1
3161 verbose code 1
3162 error A complete log of this run can be found in: /opt/Agents/cache/npm/_logs/2025-06-05T12_31_42_826Z-debug-0.log
